Ticker,BRK-B,BRK-B,BRK-B,BRK-B,BRK-B,GOOG,GOOG,GOOG,GOOG,GOOG,AVGO,AVGO,AVGO,AVGO,AVGO,TSM,TSM,TSM,TSM,TSM,AAPL,AAPL,AAPL,AAPL,AAPL,META,META,META,META,META,LLY,LLY,LLY,LLY,LLY,2222.SR,2222.SR,2222.SR,2222.SR,2222.SR,NVDA,NVDA,NVDA,NVDA,NVDA,MSFT,MSFT,MSFT,MSFT,MSFT,AMZN,AMZN,AMZN,AMZN,AMZN,TSLA,TSLA,TSLA,TSLA,TSLA,JPM,JPM,JPM,JPM,JPM,TCEHY,TCEHY,TCEHY,TCEHY,TCEHY,WMT,WMT,WMT,WMT,WMT,005930.KS,005930.KS,005930.KS,005930.KS,005930.KS,ORCL,ORCL,ORCL,ORCL,ORCL,MC.PA,MC.PA,MC.PA,MC.PA,MC.PA,601288.SS,601288.SS,601288.SS,601288.SS,601288.SS,BABA,BABA,BABA,BABA,BABA,NFLX,NFLX,NFLX,NFLX,NFLX,MA,MA,MA,MA,MA,V,V,V,V,V,ASML,ASML,ASML,ASML,ASML,COST,COST,COST,COST,COST,XOM,XOM,XOM,XOM,XOM,ABBV,ABBV,ABBV,ABBV,ABBV,PLTR,PLTR,PLTR,PLTR,PLTR,JNJ,JNJ,JNJ,JNJ,JNJ,BAC,BAC,BAC,BAC,BAC,1398.HK,1398.HK,1398.HK,1398.HK,1398.HK,601939.SS,601939.SS,601939.SS,601939.SS,601939.SS,HD,HD,HD,HD,HD,GE,GE,GE,GE,GE,AMD,AMD,AMD,AMD,AMD,WFC,WFC,WFC,WFC,WFC,PG,PG,PG,PG,PG,UNH,UNH,UNH,UNH,UNH,CVX,CVX,CVX,CVX,CVX,SAP,SAP,SAP,SAP,SAP,KO,KO,KO,KO,KO,CSCO,CSCO,CSCO,CSCO,CSCO,MS,MS,MS,MS,MS,MU,MU,MU,MU,MU,ROG.SW,ROG.SW,ROG.SW,ROG.SW,ROG.SW,ROG.SW,000660.KS,000660.KS,000660.KS,000660.KS,000660.KS,AZN,AZN,AZN,AZN,AZN,CAT,CAT,CAT,CAT,CAT,TM,TM,TM,TM,TM,IBM,IBM,IBM,IBM,IBM
Price,Open,High,Low,Close,Volume,Close,High,Low,Open,Volume,Open,High,Low,Close,Volume,Open,High,Low,Close,Volume,Open,High,Low,Close,Volume,Open,High,Low,Close,Volume,Open,High,Low,Close,Volume,Open,High,Low,Close,Volume,Open,High,Low,Close,Volume,Open,High,Low,Close,Volume,Open,High,Low,Close,Volume,Open,High,Low,Close,Volume,Open,High,Low,Close,Volume,Open,High,Low,Close,Volume,Open,High,Low,Close,Volume,Open,High,Low,Close,Volume,Open,High,Low,Close,Volume,Open,High,Low,Close,Volume,Open,High,Low,Close,Volume,Open,High,Low,Close,Volume,Open,High,Low,Close,Volume,Open,High,Low,Close,Volume,Open,High,Low,Close,Volume,Open,High,Low,Close,Volume,Open,High,Low,Close,Volume,Open,High,Low,Close,Volume,Open,High,Low,Close,Volume,Open,High,Low,Close,Volume,Open,High,Low,Close,Volume,Open,High,Low,Close,Volume,Open,High,Low,Close,Volume,Open,High,Low,Close,Volume,Open,High,Low,Close,Volume,Open,High,Low,Close,Volume,Open,High,Low,Close,Volume,Open,High,Low,Close,Volume,Open,High,Low,Close,Volume,Close,High,Low,Open,Volume,Open,High,Low,Close,Volume,Open,High,Low,Close,Volume,Open,High,Low,Close,Volume,Open,High,Low,Close,Volume,Open,High,Low,Close,Volume,Open,High,Low,Close,Volume,Open,High,Low,Close,Adj Close,Volume,Open,High,Low,Close,Volume,Open,High,Low,Close,Volume,Open,High,Low,Close,Volume,Open,High,Low,Close,Volume,Open,High,Low,Close,Volume
Date,,,,,,,,,,,,,,,,,,,,,,,,,,,,,,,,,,,,,,,,,,,,,,,,,,,,,,,,,,,,,,,,,,,,,,,,,,,,,,,,,,,,,,,,,,,,,,,,,,,,,,,,,,,,,,,,,,,,,,,,,,,,,,,,,,,,,,,,,,,,,,,,,,,,,,,,,,,,,,,,,,,,,,,,,,,,,,,,,,,,,,,,,,,,,,,,,,,,,,,,,,,,,,,,,,,,,,,,,,,,,,,,,,,,,,,,,,,,,,,,,,,,,,,,,,,
2025-12-09,497.6300048828125,499.2200012207031,490.8299865722656,491.42999267578125,4574000.0,317.3353271484375,318.293090499111,312.2120170689398,312.69140162718145,14151300.0,397.1553667228235,405.30264695088596,393.92833346962834,404.66522216796875,24546000.0,298.34166755587256,303.0059003461636,296.85986421030725,301.7428894042969,11349100.0,277.6441787437343,279.5107061083118,276.4064879695729,276.6659851074219,32193300.0,662.6617250742562,663.3705005924867,652.2491473204041,655.8630981445312,12997100.0,999.4485767002333,1008.5775722296804,975.8685571035728,978.8982543945312,2569700.0,23.717237266028214,23.746494396465874,23.64897248841603,23.73674201965332,6229202.0,185.33395229946427,185.4937610485011,183.09669077375298,184.7446746826172,144719700.0,486.93155551686203,489.93815525049575,486.33420957194573,489.8385925292969,14696100.0,226.83999633789062,228.57000732421875,225.11000061035156,227.9199981689453,25841700.0,437.5400085449219,452.3900146484375,435.70001220703125,445.1700134277344,62367400.0,311.939326475107,315.7524991840304,297.15202309779255,297.6373596191406,18049200.0,76.34902065481744,76.49729188623023,76.02283299537501,76.418212890625,1359900.0,113.26912180541503,115.02854993093351,112.34467844721226,114.37248992919922,24326700.0,108149.33466904981,108645.88808809963,106560.36372809041,107652.78125,13671800.0,218.68611775268428,221.26029512517565,216.94680625793183,220.1769561767578,17643600.0,611.5283236109203,613.7914091770664,605.0342415418272,606.4117431640625,226771.0,7.589958249102383,7.783087230723178,7.570645396985775,7.7637739181518555,331045043.0,154.44000244140625,156.60000610351562,154.3000030517578,155.9600067138672,6458100.0,97.02999877929688,97.23999786376953,95.44999694824219,96.70999908447266,51745600.0,536.9792442116243,540.1589977527725,534.1981690394639,535.8229370117188,1965300.0,325.26358468782666,326.8769320099633,323.7299549888597,325.154052734375,4325400.0,1104.0290918786432,1111.8416653547895,1101.7470540676272,1107.556640625,904700.0,884.356825906914,886.520769334084,879.0318720214691,885.9423828125,1899500.0,115.34309108710077,118.86554441991682,115.33322216241953,116.67510986328125,23790800.0,220.27557080346844,221.1905649041326,216.674653397547,219.39010620117188,4267900.0,180.97000122070312,182.85000610351562,180.3800048828125,181.83999633789062,18937600.0,200.69276157197945,203.28399979452115,197.7158045675227,197.7652587890625,7509400.0,53.3892172694798,53.69587887100708,52.69674938035476,52.963844299316406,47189300.0,5.9507551193237305,6.03826637402425,5.941031904162854,5.9507551193237305,188894815.0,9.10217761356314,9.170762076189787,9.062986358577453,9.151166915893555,90012433.0,342.87865339540855,351.6635912020045,340.11793772700884,340.423583984375,5063100.0,286.4546591668383,289.69622463592725,284.0309424675525,284.5695495605469,3553400.0,221.0399932861328,224.83999633789062,217.91000366210938,221.6199951171875,25166100.0,89.28817457858291,89.29807121540745,87.84357510800486,87.9524154663086,17101700.0,137.1757703942462,138.84131664614492,136.98851749662762,137.60940551757812,10375700.0,321.1036376953125,323.8423254573514,319.99228262872805,320.66702959313227,4628400.0,146.2663818332114,147.2967752860791,145.45188091232814,145.7168426513672,8916700.0,238.66118064239663,240.5876973472357,238.30733124755136,239.95863342285156,840000.0,69.88944525515491,70.14766425675974,69.35313201157877,69.6113510131836,13010600.0,77.94826660844771,79.02661822871512,77.6712591297694,78.66057586669922,15737500.0,174.87104437745987,178.69924944902536,174.87104437745987,176.89891052246094,4191200.0,244.28866544088368,255.29957937944292,242.63002880898662,252.21212768554688,17067100.0,,,,,,,567857.0363295053,573844.9839885159,562867.0799469964,564863.0625,2391174.0,180.47845114214215,181.0128728990089,177.70733789206994,177.78651428222656,2363900.0,590.5413689647821,597.4520149924787,589.7248302955759,591.8458251953125,1755300.0,196.32000732421875,197.74000549316406,196.27000427246094,196.33999633789062,263100.0,305.6252517876326,309.90911463234374,304.75662888402957,306.4642639160156,2935300.0
2025-12-10,490.8599853515625,495.8800048828125,488.9200134277344,490.42999267578125,4558800.0,320.5810852050781,321.44994495209085,314.98838728040494,316.2067963622882,22764500.0,400.591592714844,412.9519377089591,397.9621356270513,411.3185119628906,31531000.0,303.69210299994586,312.25481010271403,300.83787741565504,308.4359130859375,12429200.0,277.23491184461454,279.2312028389952,275.92734368017386,278.26300048828125,33038300.0,648.8648024836247,653.4171862971667,642.3257510862366,649.0444946289062,16910900.0,981.6688677586786,999.6079942760961,973.8155119503097,990.2796630859375,2966300.0,23.736742226329113,23.74649460322658,23.648972694327615,23.71723747253418,3706074.0,184.74467463147755,185.2540478736652,181.8182359713298,183.55612182617188,162785400.0,481.88404333185355,482.10306917330496,472.9737111601482,476.43829345703125,35756200.0,228.80999755859375,232.4199981689453,228.4600067138672,231.77999877929688,38790700.0,446.07000732421875,456.8800048828125,443.6099853515625,451.45001220703125,63257500.0,297.62741810314117,308.2152311685389,295.60691069504315,307.1455383300781,18874100.0,76.60602549498323,77.03106568003028,76.38856202243986,76.43798828125,2056400.0,114.66075506328801,115.53550170964621,112.31485601246625,112.50372314453125,22859600.0,107553.4711154514,109043.13138020833,106659.67495659721,107255.5390625,12365092.0,220.44531749821974,223.94382267748554,216.2510907347346,221.64791870117188,47928000.0,606.1165797152396,614.7753759857105,601.196802282486,608.8716430664062,301108.0,7.773430010369855,7.8120557118002525,7.541675341332785,7.551331996917725,350427125.0,159.63999938964844,160.74000549316406,157.5,158.82000732421875,10928600.0,96.73999786376953,96.97000122070312,92.3499984741211,92.70999908447266,74129300.0,536.3612383894491,543.1991838165362,535.7731071863275,537.1287231445312,3023400.0,325.29345925359206,327.40471480815995,323.9589565847219,324.38720703125,5467500.0,1105.523916802798,1120.0329826938794,1095.0406529294519,1115.4091796875,1093600.0,885.3241173574713,887.0791792838055,868.6411691588339,871.9517822265625,3318300.0,117.14871962735373,118.27353614463954,116.79351361897044,117.94792938232422,19845200.0,221.3676518540263,222.33182675639208,217.43222693217692,221.54473876953125,8735200.0,184.9499969482422,190.38999938964844,182.75,187.91000366210938,59398000.0,198.38833529328133,204.53018143025886,197.98283180120782,204.2730255126953,11599800.0,53.013306764705234,53.962975094880214,52.765997067869264,53.4980354309082,54424400.0,5.950755208203204,5.950755208203204,5.863244415846164,5.911861419677734,221504175.0,9.151166935318344,9.16096498268387,8.974805820311786,9.004199028015137,110363181.0,339.2700031445164,347.0788162197039,339.17140078923484,346.2013244628906,6316100.0,284.7091879640217,285.1380646860986,280.57991783506856,282.8639831542969,5807400.0,222.0,222.61000061035156,218.6699981689453,221.4199981689453,23279400.0,88.00189496141134,89.91153831051585,87.25980569438507,89.73343658447266,22729100.0,137.6291082264464,139.23552518477814,137.5206994432833,137.79666137695312,13650400.0,325.83685302734375,326.1940916288756,317.1345182714553,320.2602121946151,5910500.0,146.39394208457702,148.9650217606251,145.92291064478525,148.58230590820312,10976300.0,239.0739969611476,242.7500980901752,237.9633151345421,241.67872619628906,896900.0,69.90930085487662,70.04834417829325,69.3034659840072,69.73052978515625,29789400.0,77.98783420115808,79.9565722432163,77.95815590898886,79.39266204833984,21302700.0,176.57248387281655,179.35213792658377,175.8305826800736,177.76942443847656,6591200.0,254.9198778230841,264.53194983734414,250.3736221892886,263.4927978515625,21960700.0,,,,,,,569853.0146933561,591808.8226149915,568855.0234241908,585820.875,3986083.0,180.47845891113562,181.42856053256136,177.54899275464646,181.13165283203125,3059950.0,597.5914199385314,614.6190616297847,596.157508791491,612.7470092773438,2797900.0,198.7899932861328,200.89999389648438,198.7899932861328,200.77999877929688,245900.0,306.2175025438153,310.61980856314165,302.6837893197764,308.6259460449219,3411500.0
2025-12-11,491.8299865722656,498.1499938964844,491.8299865722656,495.8500061035156,4493400.0,313.2906188964844,321.5697781115332,309.47559686198167,320.68095545193773,25912100.0,403.2110535816976,407.66317907015735,392.61361921715974,404.7449035644531,45681600.0,304.4620887676012,304.9806166643683,298.79805630078465,303.993408203125,15028400.0,278.5824273392719,279.07150890817053,273.3022288840155,277.514404296875,33248000.0,642.2159232785478,654.1859556266841,639.7300904007725,651.6202392578125,13056700.0,1004.7406098077453,1028.0714747065383,983.6621116550675,1005.9664306640625,4517000.0,23.71723630691464,23.72698868333281,23.307645797729492,23.307645797729492,13270036.0,180.060377409269,181.09911899111663,176.40483245042134,180.70957946777344,182136600.0,474.51683677020293,483.8751552220924,473.750231167373,481.3265075683594,24669200.0,230.7100067138672,232.11000061035156,228.69000244140625,230.27999877929688,28249600.0,448.95001220703125,449.2699890136719,440.3299865722656,446.8900146484375,55979500.0,306.2838676543348,314.96013772429524,306.2838676543348,314.3460693359375,9721900.0,76.71475678591038,77.09037070996678,76.4182143175476,76.7641830444336,2050700.0,112.46395864762513,115.17764952881979,112.17569056253069,114.8297348022461,21586600.0,108447.26229030755,109738.30112709693,106560.359375,106560.359375,22994507.0,189.45575316234388,200.75631939056154,185.0925663925784,197.635498046875,100612700.0,614.9722032314463,620.6791332662583,610.4460318380146,615.1690063476562,308923.0,7.57064511802122,7.657552719116211,7.483737056471531,7.657552719116211,278861109.0,155.14999389648438,157.0500030517578,153.36000061035156,156.89999389648438,8171200.0,93.9000015258789,94.81999969482422,92.76000213623047,94.08999633789062,43949000.0,541.026205663376,563.3143527572264,540.9065960670204,561.5599975585938,3659900.0,331.22891551223586,345.888235870621,328.6993777482935,344.2052001953125,12953600.0,1110.855169865535,1123.8097491059493,1091.6425031513904,1118.9168701171875,1403600.0,873.397707246929,883.5092155856057,870.0970149821621,881.9934692382812,3041600.0,117.52365595718771,118.75700806191198,117.48418778650247,117.94792938232422,14781800.0,221.89893384402524,222.31216668338334,218.652220202294,220.36412048339844,4170600.0,184.8000030517578,188.0500030517578,180.2100067138672,187.5399932861328,36843200.0,205.61809939160463,208.9214512752855,205.54887555375637,207.70494079589844,9009000.0,53.36942983383856,54.06189769432085,53.17158133460844,53.97286605834961,35686900.0,5.921585038764691,5.960478826896929,5.902138144698573,5.9410319328308105,192147954.0,9.029999732971191,9.050000190734863,8.899999618530273,8.9399995803833,105700260.0,351.0029762024183,357.62865156351575,348.97189397197974,352.4424743652344,6609800.0,281.34790565903603,288.60901069043035,278.9142661833052,287.6714782714844,5971500.0,217.80999755859375,221.5,210.19000244140625,221.42999267578125,30694600.0,89.58501530440672,92.43463531120143,89.26839085920732,91.61338806152344,15505100.0,138.95958534596835,139.78742607508474,138.32884740407317,138.72305297851562,11798000.0,334.1323547363281,336.6329036496296,326.22383696767264,327.8214023139655,7513200.0,148.01312814372073,149.10239858451538,147.29676568364707,147.90518188476562,8414200.0,240.45990654468045,243.6445510019819,240.32229928407233,243.1629180908203,1515200.0,70.06821488455212,70.20725821401018,68.32023185770241,68.63804626464844,23124200.0,79.38276456291177,79.51138055592133,77.98783203450276,78.42312622070312,18652300.0,178.18489411816861,180.0149080739315,177.5616922623151,178.34315490722656,7598700.0,261.3146103034218,262.63353050812447,251.34283380916006,258.24713134765625,18867000.0,,,,,,,581828.905199115,587816.8527654867,563865.0625,563865.0625,4021907.0,179.37002131972199,181.15143733723707,178.53867673001474,178.71682739257812,3313950.0,607.8678369219276,624.1586202929926,601.7040179042241,622.9636840820312,2779500.0,201.99000549316406,203.88999938964844,201.7899932861328,203.55999755859375,585600.0,307.96459905829,309.3859765406959,304.4111553522753,306.72088623046875,2755700.0
2025-12-12,496.7099914550781,500.0,494.5,499.5199890136719,4113700.0,310.11474609375,315.72743733563,306.5593944963072,314.384191403608,21264800.0,378.4404976165911,380.47234798569394,353.72971744738294,358.4906005859375,95588500.0,303.42501914571716,303.42501914571716,290.16240225696646,291.21942138671875,19306100.0,277.38461586894516,278.70217518025987,276.30663218031253,277.763916015625,39532900.0,648.7150654102267,709.8128965395189,637.543746077992,643.1543579101562,14016900.0,1005.3485653679636,1025.4204701196209,1000.1063440065902,1024.03515625,3275200.0,23.58070617148681,23.60021092438056,23.28164011482531,23.3043950398763,11575375.666666666,180.88937065842447,182.59729422559735,174.40727135263347,174.80679321289062,204274900.0,477.69270598810584,480.31105063829824,474.22812377070755,476.4084167480469,21248100.0,229.8699951171875,230.0800018310547,225.1199951171875,226.19000244140625,35639100.0,448.0899963378906,463.010009765625,441.6700134277344,458.9599914550781,95656700.0,316.6240735225281,317.20842990436694,313.5735294870918,315.47515869140625,8982900.0,78.00964161955089,78.12826011259985,76.6554496455021,76.91244506835938,1919400.0,114.80484269959511,116.48816375599088,114.56578498330971,116.23915100097656,19092400.0,106361.73592458677,108149.328125,106063.80389118457,108149.328125,14210314.0,195.17062760321016,196.64159913778155,184.84408713319328,188.80972290039062,55201600.0,614.972202371272,619.8919799902422,611.3315549220583,614.480224609375,234630.0,7.599613836681655,7.599613836681655,7.396828675460267,7.454767227172852,577880373.0,157.76499938964844,158.9499969482422,153.8000030517578,155.67999267578125,6708400.0,95.5,96.91999816894531,94.6500015258789,95.19000244140625,49323100.0,564.181588156279,571.8668398192701,564.0719561592499,570.092529296875,3515400.0,346.56540020862116,348.39781132133226,344.54376992307505,346.3960876464844,6942300.0,1105.5140570960477,1110.66603807828,1073.4264836198781,1077.07373046875,1623000.0,880.816765736516,886.1218169193212,864.6822598888124,881.9834594726562,4808900.0,117.84926366942325,118.32286666589587,116.7343085399838,117.23751831054688,14459500.0,220.07880471964503,220.20671083482597,217.53062066112622,219.71478271484375,5467600.0,185.80999755859375,186.52499389648438,177.66700744628906,183.57000732421875,42427400.0,207.9719714336103,209.94013468251453,206.66646756392336,209.25770568847656,6922700.0,54.19049668168935,54.704901276593596,53.76512372385789,54.54662322998047,40539400.0,5.960478754057754,5.989648862975199,5.931308181489787,5.9702019691467285,179480602.0,8.949999809265137,8.949999809265137,8.800000190734863,8.880000114440918,145719977.0,354.2172355097979,355.69618067158007,351.0522711993482,354.60174560546875,3861200.0,290.17496216703194,303.22103359226077,289.9455785507024,299.03192138671875,9381900.0,218.3699951171875,222.49000549316406,209.05999755859375,210.77999877929688,37073900.0,92.1378043976086,92.4346355695439,91.14835205997977,91.78160095214844,12532800.0,138.9595795906534,141.03904624136598,138.8018913522159,140.77294921875,10268800.0,339.20294189453125,342.31873354487146,334.7674235801795,334.89642556702444,7979000.0,148.32716762484304,148.71970634413898,146.83556541298168,147.1888427734375,5848100.0,242.35694203912593,243.29070668398694,239.90948249798896,240.64666748046875,1284000.0,68.63804686333886,70.1377371610525,68.56852519800343,70.03841400146484,18444500.0,78.61110333433349,78.71003349382232,76.88969440598838,76.96884155273438,16672300.0,179.1938466786902,179.1938466786902,175.8305675976914,176.4834442138672,4961500.0,255.45943871062732,255.60932432443443,239.12291305634324,240.94140625,25936900.0,,,,,,,563865.0525394045,577836.9299474605,558875.0963222417,569853.0,2646148.0,176.9551928344728,178.06363214405275,176.7176636532687,177.8063201904297,2688650.0,623.3520430632218,624.8456981184851,593.2599017228006,595.3609619140625,4581100.0,207.99000549316406,209.42999267578125,207.5,208.1199951171875,440200.0,306.5531101243747,307.02688254934895,299.40673144473857,305.24029541015625,2953400.0
2025-12-14,499.18333943684894,504.413330078125,498.35333251953125,504.0933329264323,4820500.0,309.3157958984375,313.4370887891498,305.747115438779,312.93939727160796,21774200.0,366.44203141586655,367.1923452153149,342.0167660130772,345.13092041015625,75792766.66666666,297.35545358444347,297.78756526457846,287.8821470665971,288.3607991536458,14490300.0,278.8818463074658,279.32103274457074,273.6582241983862,274.98907470703125,46783700.0,646.3367994534451,671.565238647072,637.9503516434598,645.6888631184896,15038366.666666666,1021.1549373241173,1049.4057125251422,1019.4075302036596,1047.076904296875,4190666.6666666665,23.307645900631147,23.346655406476057,23.229628749016946,23.297893524169922,8186055.0,178.77861704812628,179.66753224276854,174.68027810207937,175.65242513020834,177942033.33333334,477.8785446400117,479.1628237531481,471.69274337562723,473.94605509440106,22901166.666666668,228.57666015625,228.64666239420572,222.7066650390625,223.75666300455728,43403766.666666664,462.3233337402344,475.51666259765625,458.9966735839844,469.85999552408856,108247033.33333333,316.56466695297803,318.9318248223399,314.7554784114747,316.4656168619792,10237033.333333334,77.09366526786889,77.31113125047021,76.18757251238591,76.47752380371094,1811066.6666666667,115.91377617839855,116.82017864565938,114.97748581103158,116.29891459147136,18839933.333333332,105170.01007839279,106096.90974872773,104607.24955564931,105434.83854166667,18466540.666666668,189.81685585341555,190.75774945413949,181.80939757998428,185.46361287434897,47665533.333333336,615.3657518921731,624.2869723677484,613.6930555464554,615.5297444661459,270410.6666666667,7.489645226436711,7.496184216025128,7.350122846204575,7.382513364156087,379519606.3333334,154.7083282470703,155.12000020345053,150.9866689046224,151.95332845052084,9724866.666666668,95.84666442871094,96.55333455403645,93.90333302815755,94.24333190917969,43118700.0,568.7535065424813,571.5943461609432,564.9158595318129,568.2318522135416,2981133.3333333335,346.4525256884462,347.47497581555143,343.1229753557862,345.7720235188802,6983833.333333333,1092.200666193536,1099.4718445040075,1075.020868408287,1081.7041015625,1396600.0,880.0256901989518,885.370627484296,854.2317699049408,866.0883178710938,4783900.0,117.5664178398718,117.7374390536272,115.77394202839453,116.54026794433594,15725633.333333334,220.4395592095349,223.14516396359065,219.14414447449064,222.42366536458334,5803800.0,185.32333374023438,187.36166381835938,179.2423350016276,183.3566691080729,36006533.333333336,208.01814110329693,211.86544420814639,206.69943730248914,210.9654286702474,7952233.333333333,54.60598019411808,55.21271336532371,54.23996164541971,54.67193094889323,35434000.0,5.953996379685698,5.98316679808644,5.924826115835137,5.937790711720784,143885866.66666666,8.910000165303549,8.956666628519693,8.839999834696451,8.880000114440918,100721457.0,354.30269976875945,356.951654177711,350.769643930845,352.8533121744792,4212000.0,296.20593103897085,305.91400791006265,296.0696279855028,299.8098958333333,7666366.666666667,214.30999755859375,217.7366689046224,207.40666707356772,208.64666748046875,30506100.0,92.44123353630289,92.98872917120946,91.39241146833511,91.87394714355469,13434400.0,140.45101406204668,142.49106112912557,140.35245515456532,142.27752685546875,12674733.333333332,338.7134195963542,342.3054889917558,334.52266187298113,337.2051360380117,6957800.0,147.47014037753095,147.7710892149284,146.0504924197747,147.06453450520834,6951366.666666666,243.03842702795637,243.56592404138337,239.14936324506075,240.42387898763022,1831400.0,69.51203609297465,70.601213888428,69.41602926366136,70.33636728922527,18588233.333333332,77.78667338382407,78.14942233787059,76.77097682152035,77.26563517252605,17321433.333333332,178.3761258152017,179.02899243807516,175.81738788155437,176.07457987467447,5133166.666666667,249.75746857112466,251.80578326414536,236.91139299657712,238.51673380533853,26968033.333333332,,,,,,,543905.2525462274,567524.3799659405,542241.9338071732,558542.4583333334,2536799.3333333335,178.2351793636396,180.4784550826129,177.82610889150178,180.08917744954428,3236350.0,607.7715623960204,609.3448757636631,588.0221237759657,589.9638671875,4172766.6666666665,212.8300018310547,214.0966593424479,212.1199951171875,212.57999674479166,421400.0,305.51339318178276,307.23087849776743,301.3940411181595,304.858642578125,3362266.6666666665
2025-12-15,500.4200134277344,506.6199951171875,500.2799987792969,506.3800048828125,5173900.0,308.91632080078125,312.2919145159097,305.34097591001495,312.2170002056079,22028900.0,360.44279831550426,360.5523438301254,336.1602902959243,338.4510803222656,65894900.0,294.3206708038066,294.9688383240091,286.7420194714124,286.9314880371094,12082400.0,279.63046152672615,279.63046152672615,272.33402020742307,273.6016540527344,50409100.0,645.1476664750544,652.4414097008485,638.1536544261938,646.9561157226562,15549100.0,1029.0581233021942,1061.398333727903,1029.0581233021942,1058.5977783203125,4648400.0,23.297894248989905,23.414920910089826,23.21012471818388,23.405168533325195,11447168.0,177.7232402429772,178.20265125135413,174.8167814768023,176.0752410888672,164775600.0,477.97146396596463,478.588710310573,470.42505317808707,472.7148742675781,23727700.0,227.92999267578125,227.92999267578125,221.5,222.5399932861328,47286100.0,469.44000244140625,481.7699890136719,467.6600036621094,475.30999755859375,114542200.0,316.534963668203,319.7935222813264,315.3464528736662,316.9608459472656,10864100.0,76.63567709202789,76.9025668194054,75.95363394582782,76.26006317138672,1756900.0,116.46824291780027,116.98618609049363,115.18333622489253,116.32879638671875,18713700.0,104574.14715529581,105070.7005605916,103878.97238788169,104077.59375,20594654.0,187.13996997851825,187.81582461231847,180.29205280337976,183.79055786132812,43897500.0,615.5625266526235,626.4844685565015,614.873805858654,616.0545043945312,288301.0,7.434660921314238,7.444469405696864,7.326769931576728,7.346386432647705,280339223.0,153.17999267578125,153.2050018310547,149.5800018310547,150.08999633789062,11233100.0,96.0199966430664,96.37000274658203,93.52999877929688,93.7699966430664,40016500.0,571.0394657355824,571.4580993317799,565.3378112180943,567.301513671875,2714000.0,346.3960884283587,347.013558062661,342.41257807214174,345.4599914550781,7004600.0,1085.5439707422804,1093.8747477168713,1075.8180608024916,1084.019287109375,1283400.0,879.6301524301697,884.9950327667835,849.0065249130051,858.1407470703125,4771400.0,117.42499492509607,117.44472524749287,115.29375877259989,116.19164276123047,16358700.0,220.61993645447984,224.61439052797297,219.95090638117287,223.77810668945312,5971900.0,185.0800018310547,187.77999877929688,180.02999877929688,183.25,32796100.0,208.04122593814026,212.82809897096232,206.71592217177204,211.8192901611328,8467000.0,54.81372195033245,55.46661940968877,54.47738060620062,54.73458480834961,32881300.0,5.95075519249967,5.979925765642061,5.9215850830078125,5.9215850830078125,126088499.0,8.890000343322754,8.960000038146973,8.859999656677246,8.880000114440918,78222197.0,354.34543189824024,357.57939093077647,350.6283302965934,351.9790954589844,4387400.0,299.22141547494033,307.2604950689636,299.131652702903,300.1988830566406,6808600.0,212.27999877929688,215.36000061035156,206.5800018310547,207.5800018310547,27222200.0,92.59294810565002,93.26577597204223,91.51444117251279,91.92012023925781,13885200.0,141.19673129774333,143.21706857300535,141.12773705574003,143.02981567382812,13877700.0,338.4686584472656,342.29886671519796,334.4002810193819,338.35949127350534,6447200.0,147.0416267538749,147.2967806503231,145.65795592317124,147.00238037109375,7503000.0,243.3791695223716,243.7035327200816,238.76930361859667,240.31248474121094,2105100.0,69.94903070779256,70.83295225211576,69.83978129649032,70.48534393310547,18660100.0,77.37445840856935,77.86911675989472,76.71161802928633,77.41403198242188,17646000.0,177.96726538345746,178.94656531776764,175.81079802348583,175.87014770507812,5219000.0,246.90648350137334,249.90401273400082,235.80563296669408,237.3043975830078,27483600.0,,,,,,,533925.352549639,562368.1049751805,533925.352549639,552887.1875,2482125.0,178.875172628223,181.68586655189296,178.38033151061833,181.23060607910156,3510200.0,599.9813220624196,601.5944645862521,585.4032348025482,587.2653198242188,3968600.0,215.25,216.42999267578125,214.42999267578125,214.80999755859375,412000.0,304.99353471048676,307.33287647197665,302.38769595486997,304.6678161621094,3566700.0
2025-12-16,507.04998779296875,508.1000061035156,499.4599914550781,499.8399963378906,4376700.0,307.3283996582031,311.4380195138882,303.4334650759046,305.6006464692463,21285200.0,334.67623571189444,346.11033781431183,333.7200832894025,339.93511962890625,58061100.0,286.45285309312516,287.6494630176455,282.52392145570184,286.0639343261719,11418400.0,272.3140798989353,274.9891026980292,271.2859911871425,274.1007385253906,37648600.0,642.9495426008936,661.973233609148,642.6498114209788,656.587890625,14309100.0,1059.9034237902617,1064.6373600977406,1032.7256268292847,1050.724609375,4024500.0,23.405167429070723,23.424672181679757,23.112603580237572,23.16136360168457,13537861.0,176.0452813318811,178.27257580423,174.68693742218818,177.50350952148438,148588100.0,469.8177748762136,475.7712732838117,468.79234263095657,474.2779235839844,20705600.0,223.0399932861328,223.66000366210938,221.1300048828125,222.55999755859375,39298900.0,472.2099914550781,491.5,465.8299865722656,489.8800048828125,107608100.0,316.0397072252412,316.46558945571707,311.3945381021762,312.5335388183594,8331300.0,75.69663831746647,76.16121799312148,75.34079037617276,76.09202575683594,1671500.0,116.11963337733977,116.4184441331518,114.49606530028865,114.9642105102539,19642300.0,104176.90716956469,104872.08195525291,101992.07212883024,102091.3828125,18852079.0,183.57190075101275,188.64075743608612,183.36319186532194,187.49777221679688,32433500.0,612.70908517243,627.7635919012054,612.4139105416454,626.2876586914062,439780.0,7.30715328914287,7.32676978983435,7.218879269878348,7.228687286376953,285011753.0,148.9499969482422,149.97000122070312,147.50999450683594,149.2899932861328,9051900.0,93.87999725341797,94.93000030517578,93.31999969482422,94.56999969482422,34265000.0,568.8664951100608,569.1655191169151,560.6728722878605,564.2015380859375,2748700.0,344.57366257997035,346.18697949005985,342.30306278210855,343.68731689453125,7269300.0,1077.7513617659674,1084.258576338321,1062.21574278265,1072.29052734375,956300.0,855.0295334245739,861.1622686484181,841.6871429370814,857.9712524414062,3843300.0,115.21481767475714,115.28388509197318,113.08358913795975,113.15265655517578,17638700.0,222.75489936370371,223.1779503494001,218.3275461950132,220.0591278076172,6405900.0,181.65499877929688,188.5,181.14199829101562,187.75,42070300.0,211.65115682105406,212.37314018651233,206.51811934148523,207.00274658203125,9949800.0,54.54662351867443,54.75436274839496,54.10146533095448,54.220176696777344,32931900.0,5.90213842991445,5.931308540597985,5.8049034912345325,5.814627170562744,219697025.0,8.869999885559082,8.899999618530273,8.800000190734863,8.84000015258789,76407603.0,351.890319837005,353.7044888224689,346.87176990721986,347.72955322265625,3497200.0,296.8875120062979,300.6177961625525,296.08956991513486,297.9547424316406,5271300.0,206.9199981689453,210.22000122070312,205.11000061035156,209.1699981689453,23467600.0,92.09822519484601,92.18727228155328,90.46562733157937,91.21761322021484,12981100.0,143.98577795425717,144.41939803729915,142.55674902235805,143.10865783691406,10251700.0,331.62188720703125,338.3594851881083,328.4763282693324,337.7939053635172,6334000.0,145.7659022551493,146.04068683001518,143.7541994561697,144.00933837890625,11290500.0,238.31716536457392,240.5680302228725,235.99748937618966,239.4966583251953,1785400.0,70.81309172997051,70.81309172997051,69.83978086545567,69.88944244384766,17370000.0,77.27552676837365,77.77018511022837,76.55332226819537,76.72151184082031,17737200.0,176.20649028504755,176.72086426233557,173.7829342286689,174.60397338867188,6840500.0,235.60579556160263,239.20282141405826,230.3900935916313,232.31849670410156,22577300.0,,,,,,,543905.2441037736,549893.1917452831,528935.375,528935.375,3287998.0,179.86485491692386,181.2702018791768,178.51888647258477,180.81494140625,2257450.0,588.2013751941017,596.127665820769,583.800088631783,586.4388427734375,2319400.0,214.0,216.02999877929688,214.0,214.4199981689453,292700.0,303.345134750449,303.4043563014791,296.53438527621074,299.2586669921875,3366900.0
2025-12-17,499.8999938964844,505.19000244140625,499.5,504.2699890136719,4128600.0,297.6710205078125,308.79149875866017,297.0618312050489,308.60674262731374,29120400.0,345.22387284443886,345.22387284443886,320.13463701193336,324.7162170410156,73300900.0,287.7192595027483,288.28766516569226,274.30704043061615,276.1817626953125,16823000.0,274.50001118897205,275.6478724530811,271.13626563598973,271.33587646484375,50138700.0,655.0491556477624,660.664343241777,648.644665798819,648.9443969726562,15598500.0,1060.7007296526526,1060.7007296526526,1032.9050352709846,1038.266845703125,3726600.0,23.161365247801356,23.219877649711442,22.985826181995378,23.01508331298828,9381312.0,175.88548356566727,175.91544580087532,170.10252832729947,170.7317657470703,222775500.0,474.79560024235434,477.8718969329872,472.8940646732686,474.00909423828125,24527200.0,224.66000366210938,225.19000244140625,220.99000549316406,221.27000427246094,44034400.0,488.2200012207031,495.2799987792969,466.20001220703125,467.260009765625,106490400.0,315.3860269605939,316.3170436429019,311.65207637787455,311.9690246582031,8718700.0,77.03106819858374,77.03106819858374,75.49894462203552,75.6373291015625,2190400.0,114.74507978071276,115.93038298119593,114.61559587784929,115.2032699584961,16177800.0,102786.54903266914,107354.84010078777,102687.23835727526,107156.21875,22297611.0,182.19039416605673,185.36091301353378,175.9885159513689,177.37002563476562,50222000.0,625.5005192396915,625.8940654035717,614.5785772281306,621.564697265625,310852.0,7.209070722349388,7.375811210609178,7.179646205417815,7.307153224945068,285450114.0,150.60000610351562,151.38999938964844,146.75,147.08999633789062,8271000.0,95.9800033569336,97.33000183105469,94.45999908447266,94.79000091552734,50472800.0,563.7030862707345,569.9230283274844,561.749361562526,563.6531982421875,3287100.0,344.1254885044418,346.356274968795,342.26320227687404,342.9902038574219,7263500.0,1057.0638801520079,1061.3986577067783,1006.4812167174624,1011.8822631835938,2140900.0,856.0865568206051,866.1382366378879,855.8172963770616,860.2249145507812,2363700.0,113.67560151860383,116.05350810769643,113.63613334596256,115.84630584716797,18502200.0,220.26573077841593,222.7548857624978,219.26219325130037,220.68878173828125,5243400.0,187.71499633789062,187.75,176.5,177.2899932861328,50424700.0,207.09175353970042,209.1983796799915,206.17196838010346,208.0214385986328,8457600.0,54.526840349523276,54.97199855404874,53.87394290743475,53.962974548339844,35304100.0,5.81462706508082,5.902138322845001,5.795180170427728,5.863244533538818,220410561.0,8.850000381469727,8.989999771118164,8.8100004196167,8.930000305175781,98108213.0,347.02952794372493,352.4819041668492,346.05343383765756,351.742431640625,3875200.0,298.34368280398763,300.44822250527926,290.8631477091897,291.42169189453125,3802500.0,210.0399932861328,211.5,197.52999877929688,198.11000061035156,31595400.0,91.78160069563113,92.34558822454639,91.49465861265006,91.61338806152344,14819000.0,144.5672481238911,146.30177371071878,144.3307157556051,145.67103576660156,9833300.0,329.07171630859375,332.93169199085276,327.9305937934756,331.0364226425074,4685600.0,144.7453210004385,147.07105458692513,144.5981283584403,146.72760009765625,8805300.0,237.47186933427542,240.35179822614552,236.93126399677172,237.29493713378906,1152400.0,70.08807760331685,70.43568594002258,69.82985102006683,70.18739318847656,13672700.0,77.06776769915258,77.3645581621646,75.10891743257066,75.18806457519531,26094400.0,176.12735031241576,177.5122265337864,172.5761201423149,172.91244506835938,5796100.0,236.36517544572627,237.25444186461323,221.5074267095709,225.3342742919922,41957100.0,,,,,,,528935.3709165155,552887.1612976406,523945.41458711436,549893.1875,2692626.0,180.30030197531084,180.61700753854814,177.84589426563144,177.86569213867188,2987750.0,585.1045469159837,588.5000960242694,555.1019906270719,559.5132446289062,3753300.0,214.60000610351562,216.14999389648438,214.17999267578125,214.24000549316406,223600.0,299.86080335129185,302.2889773965484,299.1599647682932,299.3968811035156,3131000.0
2025-12-18,502.2300109863281,505.42999267578125,501.010009765625,503.3900146484375,3646700.0,303.3536071777344,304.8616463852272,300.2376836446455,302.6645051874067,21040500.0,334.6563118321389,334.6861906441596,322.335785215176,328.560791015625,54501900.0,284.199174048609,286.3531082826913,280.9583062743705,283.88006591796875,11260300.0,273.1025913325419,273.12257373871984,266.4549687260805,271.68524169921875,51630700.0,656.4679564970005,669.9863502083882,655.8984367998282,663.881591796875,20260300.0,1038.276828357429,1075.6101050032985,1036.024461625301,1053.3057861328125,3848600.0,23.0150827497184,23.151612304192422,23.005330372959442,23.0638427734375,15888714.0,174.3173807251694,175.93540231223645,171.6106906687844,173.9278564453125,176096000.0,476.06992080908344,487.4293375934554,475.7712630284666,481.8342590332031,28573500.0,225.7100067138672,229.22999572753906,224.41000366210938,226.75999450683594,50272400.0,478.1600036621094,490.8599853515625,473.1199951171875,483.3699951171875,95168400.0,312.979256626897,314.66301788263524,309.2353920446346,310.0079345703125,11444900.0,76.95198834797016,77.49564704109504,76.68510615222877,76.70487213134766,2013900.0,114.55583062634328,116.02002685042402,114.15740869609598,114.37654113769531,21476700.0,105666.56093169145,107454.15312790427,104971.3861887198,106858.2890625,20445631.0,181.6039924914208,183.6315260013945,177.48927919758674,178.930419921875,36297300.0,619.7936123340145,629.731539164096,616.3497679792108,627.1732788085938,358735.0,7.316961538147579,7.464085522451819,7.277728538025682,7.454277038574219,272848759.0,148.64999389648438,149.1999969482422,147.11599731445312,147.32000732421875,6597400.0,95.0199966430664,95.80999755859375,93.58999633789062,94.0,37244700.0,563.1847347976696,567.3014705580941,561.2310100987883,564.390869140625,2259000.0,343.74708462692297,346.09734117529985,342.8507704733419,344.5836181640625,6805000.0,1044.3085050041582,1048.1351761457488,1031.5333498779269,1032.6893310546875,1645400.0,857.8814195510622,860.7234438413901,850.1133415513011,855.1790771484375,2467500.0,115.43188826880714,115.43188826880714,114.09000057442135,114.98788452148438,13705600.0,220.3837977715403,222.607307469573,219.19332511559782,219.2228546142578,4760400.0,181.50999450683594,187.3300018310547,181.50999450683594,185.69000244140625,40221500.0,207.4972566705998,208.7434215885478,205.47963908004408,206.0236053466797,7499900.0,54.210283897202075,54.556519731247164,53.19136917061767,53.67609405517578,87452700.0,5.863244328273737,5.960478798135133,5.8340737554900555,5.9507551193237305,146001294.0,8.949999809265137,9.170000076293945,8.9399995803833,9.15999984741211,127118175.0,358.4371775707192,361.1584163575677,349.58321454921656,350.0071716308594,4805200.0,295.23180795684465,301.52542953598964,294.6533265908964,300.90704345703125,4495100.0,203.82000732421875,206.36000061035156,200.5,201.05999755859375,29720100.0,92.04874508787557,92.89967465894298,90.32710022151862,90.51509857177734,11844100.0,144.49824207550833,145.3655123170783,143.2466312035797,143.41416931152344,12239900.0,325.608642578125,327.6328835933034,322.0661753783285,326.39252647422813,6354900.0,146.07013303348702,146.4822874567055,144.3331847704926,144.93179321289062,6998800.0,239.56545231445983,242.13085660494718,239.28041405910196,240.1355438232422,1263200.0,69.79011964606116,70.3165066169278,69.6908040660593,69.87950897216797,15524800.0,75.51454292644544,76.97872736529258,75.44529106174168,76.12791442871094,19249400.0,174.64354580141705,175.15793486063356,170.71641423509084,171.09231567382812,7993400.0,256.3187300925832,263.43286144325225,244.79822699687696,248.34530639648438,65006100.0,,,,,,,536919.3095561594,561869.0915987318,535921.3182744565,550891.1875,2959059.0,178.71682368647242,180.45865902138195,178.51889025544793,179.3502197265625,3414250.0,566.0952121657389,572.2291282680936,559.5330615044821,563.4365234375,2193000.0,216.50999450683594,217.5,215.44000244140625,216.0800018310547,352000.0,299.2290555200706,300.51225940941845,291.8754318042209,296.5639953613281,5411700.0
2025-12-19,503.04998779296875,503.82000732421875,494.5299987792969,494.5299987792969,14652800.0,308.2072448730469,308.58675384401073,301.9454382853998,302.87421730733627,45234400.0,332.00692519159463,342.07650975758594,331.2499548064838,338.99884033203125,159095200.0,285.57530617616766,291.3490453855629,285.57530617616766,288.1380920410156,12735800.0,271.6453053723066,274.09077415448866,269.399477884542,273.1625061035156,144632000.0,665.8499012351181,670.4260003995075,657.6169598101359,658.2064819335938,49977100.0,1055.428632425438,1071.7432672258853,1055.428632425438,1067.8165283203125,5829100.0,23.11260402223446,23.203623725217145,23.041088452869754,23.122355779012043,12986413.333333334,176.45477147838753,181.2289470656948,176.12517166919682,180.76951599121094,324925900.0,485.1992432324443,485.68709144559693,480.35083955461556,483.7656555175781,70836100.0,226.75999450683594,229.1300048828125,225.5800018310547,227.35000610351562,85544400.0,488.1199951171875,490.489990234375,474.7200012207031,481.20001220703125,103305400.0,310.79038320864026,315.51477427620307,310.1961127673861,314.17767333984375,24494400.0,77.93056216156732,78.44456808700673,77.82183797031963,77.90090942382812,2689100.0,114.68532011149536,114.82476665398586,113.08167727358796,113.90840148925781,50043800.0,108943.81302916275,108943.81302916275,105467.93932267168,105567.25,25917098.0,187.23937943204743,193.92827070911798,186.97102425086277,190.79751586914062,77008600.0,617.0384659619222,629.33790963088,614.0865994813722,621.564697265625,656414.0,7.444469245499358,7.4542772619766495,7.366003242903962,7.40523624420166,222358699.0,149.00999450683594,151.47000122070312,148.8800048828125,149.7899932861328,9004200.0,93.56999969482422,95.54000091552734,93.44999694824219,94.38999938964844,78990200.0,564.4008395053681,571.099281366892,563.3841578953198,570.3915405273438,7262100.0,344.62342131505847,348.46752454314327,344.62342131505847,347.81024169921875,18623900.0,1038.9175104784988,1058.9672093574131,1038.9175104784988,1052.3304443359375,2319600.0,854.1619410570643,856.0366607018907,846.9323229059354,853.214599609375,10097600.0,115.19508563764711,116.00416431060746,114.41560621051228,115.1358871459961,45412800.0,219.3507455641301,225.76549244828294,218.7604408279835,223.1582794189453,18968800.0,186.74000549316406,195.0,186.72999572753906,193.3800048828125,76929400.0,205.2818299532778,206.94339820920948,203.76862436002912,204.10488891601562,24803900.0,53.93329902988718,54.71479857598547,53.79480620372222,54.675228118896484,73001900.0,5.97020201329601,5.999372586079692,5.921585010190575,5.9507551193237305,207470531.0,9.140000343322754,9.229999542236328,9.069999694824219,9.170000076293945,94392386.0,349.1394914439731,349.1394914439731,340.0785153162193,340.1573791503906,12825600.0,303.4404729066044,307.6295547986732,302.8520077278987,306.4127197265625,8856400.0,204.60000610351562,215.17999267578125,204.1999969482422,213.42999267578125,58445500.0,90.64372644214845,92.14769062716263,90.63382980538094,92.02896118164062,37783900.0,143.40430011657747,143.93649412637006,141.85702761413128,142.3695068359375,19345600.0,324.8941955566406,332.01879957848786,323.55460381206,325.5292426546717,10553000.0,145.19674630731018,146.2271248169319,144.44112242294347,144.99066162109375,21701400.0,239.4180274150236,241.30521918279516,238.71032862735092,240.15521240234375,1567400.0,69.58155822753906,70.2867087322392,69.55176430973803,69.58155822753906,36911100.0,76.14770814939938,78.32420188575722,75.96963084021465,77.58221435546875,84881900.0,171.58691469832448,175.78111978599944,171.58691469832448,175.0688934326172,10639400.0,251.5426753455233,268.1589848558779,251.5426753455233,265.7010192871094,62312100.0,,,,,,,567856.9939442413,568854.9851462523,545901.1875,545901.1875,3440005.0,178.99393767056867,181.84422746790028,178.85538275549578,180.83474731445312,4187150.0,570.2675560780841,579.2692955089734,567.9175533312607,573.7825927734375,5355600.0,219.25,220.55999755859375,219.11000061035156,219.3800048828125,533700.0,296.4652713022964,302.891050309204,295.23143883485125,297.0871276855469,11031000.0
2025-12-21,498.57666015625,501.48000081380206,495.2099914550781,498.1433410644531,7597600.0,310.01819864908856,310.39106345349006,304.7750603462968,308.17062715340336,24472400.0,340.87274797368207,344.36897741775243,334.7593873635545,340.1564534505208,72191466.66666667,291.08644266020906,293.23704971100904,288.78624296137866,291.0166320800781,8306000.0,272.1177538002886,273.61166202637594,269.8053995341646,271.36583455403644,72591866.66666667,662.6726598432758,672.144551286539,656.5978640845004,660.0249226888021,27098633.333333332,1067.1953149154347,1077.1249587618536,1058.0796004460196,1071.1651611328125,3693433.3333333335,23.307646567266588,23.307646567266588,23.112604612690383,23.239381790161133,7181812.0,181.28222239134573,183.03342300031758,180.12696944841008,182.56732686360678,194351566.6666667,484.3762628316129,486.271175111227,480.4836044481301,483.1019592285156,34920700.0,227.9933319091797,229.36333211263022,226.33333841959634,228.06999715169272,50022333.333333336,489.2933349609375,496.04998779296875,481.79332478841144,486.2200113932292,92379200.0,313.2466739600614,318.598352120511,313.0485838129767,318.06020100911456,13734533.333333334,77.87785007699281,78.28641735270726,77.79548052114752,77.97999064127605,1746766.6666666665,113.93495848549512,114.18728958702413,112.21178939408792,112.7396952311198,30997200.0,108943.81715885364,109473.47413472092,107520.36410208965,108347.953125,25211813.333333332,192.8250570564404,196.3666225281514,190.091848089153,195.04474894205728,43768200.0,619.5967870074315,626.1236999101997,615.2017776246291,618.9408365885416,380640.0,7.39215839871455,7.467354748075141,7.339847419471586,7.4313913981119795,201857079.0,149.93999735514322,151.70333862304688,149.03999837239584,150.57000223795572,7520800.0,94.32999928792317,94.98666636149089,93.09000142415364,93.61666870117188,52653266.666666664,568.3946262444452,575.4253303420196,567.2383798499643,572.6974487304688,4087500.0,347.24591991347774,350.8111686334323,346.97371093094125,349.69578043619794,9570300.0,1054.489580032484,1061.943467164372,1043.8601805096873,1052.9682210286458,1242333.3333333333,852.4534662209209,854.0755615617055,845.5961298662583,849.478515625,4948066.666666666,115.58317630943272,116.58959330860283,115.32334983372111,116.09625498453777,22983333.333333336,221.42340726403035,225.22764841128023,220.00665686378625,223.8732147216797,9541666.666666668,192.27333068847656,197.586669921875,190.52999369303384,193.77999877929688,50100466.66666667,204.33896885183077,206.17855422809313,203.41917365461734,204.73128255208334,13726500.0,54.49386617549475,55.24239159197739,54.42791792971126,55.077518463134766,46606500.0,5.970202002958291,5.986407979743616,5.902137951465095,5.957237561543782,201572324.33333334,9.126666704813639,9.216666539510092,9.069999694824219,9.183333079020182,73528278.0,343.3551876099961,345.0576154224284,339.2766044288409,341.07105509440106,6624333.333333334,307.0444075228612,312.92908952973033,304.3746878709525,311.4130452473958,7592066.666666667,214.86666870117188,218.50666300455728,210.27333068847656,214.44332885742188,36115633.333333336,91.69254739134664,92.97883594366773,91.59030730151451,92.86669921875,18936166.666666668,142.22167721588974,142.85241009486273,140.8583592413316,141.20658365885416,14269466.666666668,323.3991394042969,328.8434672457074,320.6306539002673,322.11577157084923,8765933.333333334,145.7528247302921,147.19537261976072,145.4289859222209,146.3318074544271,12662866.666666666,240.95137183344778,241.93429015371973,239.6015057978822,240.79083251953125,1291266.6666666667,69.495481501395,69.92254532145,69.30678165150525,69.68087259928386,20856033.333333336,77.49977086659291,78.3110127797146,76.7412962398653,77.3777567545573,40304700.0,174.31051320939102,177.46935925195376,174.1918138448124,176.90221659342447,6596200.0,268.46205812344647,275.89259961653585,262.56026559655606,272.80848185221356,41411966.66666667,,,,,,,571183.6578952069,575508.2867154174,559207.7631465517,567857.0208333334,3065644.3333333335,179.49537258867684,181.83102840054457,179.21166346815804,181.0854695638021,2945383.333333333,578.1009386028779,581.9645110241217,571.4757614667691,577.8918050130209,3377000.0,219.13666788736978,220.3933308919271,218.88999938964844,219.46666463216147,336833.3333333333,296.9127387590791,300.469455657918,294.7181676785978,298.27818806966144,5418400.0
2025-12-22,496.3399963378906,500.30999755859375,495.54998779296875,499.95001220703125,4070000.0,310.9236755371094,311.29321825822973,306.1898713767453,310.8188320764369,14091400.0,345.3056593647258,345.5152112478357,336.5141036420898,340.7352600097656,28739600.0,293.84201090222973,294.18105187373214,290.3917113539842,292.4559020996094,6091100.0,272.3539780142796,273.37210596231955,270.00836035897595,270.4674987792969,36571800.0,661.0840391473547,673.0038267300547,656.0883162216827,660.9341430664062,15659400.0,1073.078656160433,1079.8158045298378,1059.4050844563105,1072.8394775390625,2625600.0,23.239380752045115,23.24913312834963,23.005329300963478,23.16136360168457,12542806.0,183.6959478478248,183.935660967629,182.1278683380167,183.4662322998047,129064400.0,483.9647726311972,486.5632169440421,480.5499868948874,482.7701110839844,16963000.0,228.61000061035156,229.47999572753906,226.7100067138672,228.42999267578125,32261300.0,489.8800048828125,498.8299865722656,485.3299865722656,488.7300109863281,86916100.0,314.47481933577194,320.14014104266494,314.47481933577194,320.00146484375,8354600.0,77.85149403470555,78.20734198555753,77.78230179656147,78.01953125,1275600.0,113.559777672495,113.86855105354326,111.77684545433789,112.15534210205078,21473900.0,108943.81922369909,109738.3046875,108546.57649179864,109738.3046875,24859171.0,195.61789586863685,197.5857984376681,191.6522600082981,197.16836547851562,27148000.0,620.8759475301863,624.5165950498595,615.7593666962575,617.62890625,242753.0,7.366002975322145,7.473893491124386,7.326769507755398,7.444468975067139,191606269.0,150.40499877929688,151.82000732421875,149.1199951171875,150.9600067138672,6779100.0,94.70999908447266,94.70999908447266,92.91000366210938,93.2300033569336,39484800.0,570.3915196139837,577.5883548295834,569.1654908272866,573.8504028320312,2500200.0,348.55716921268737,351.9829906785768,348.1488557388826,350.6385498046875,5043500.0,1062.2756148094766,1063.4315960678514,1046.3315155252817,1053.287109375,703700.0,851.5992288028492,853.095011991613,844.9280333464197,847.6104736328125,2373300.0,115.77722164532553,116.88230780760051,115.77722164532553,116.5764389038086,11768600.0,222.45973811398045,224.95872639277886,220.62976488168763,224.23068237304688,4828100.0,195.0399932861328,198.8800048828125,192.42999267578125,193.97999572753906,36686000.0,203.86753830110726,205.79613223753498,203.24444830191146,205.0444793701172,8187800.0,54.77414974829854,55.50618809997334,54.74447379270579,55.278663635253906,33408800.0,5.970201997789431,5.9799256765755775,5.892414422102354,5.960478782653809,198623221.0,9.119999885559082,9.210000038146973,9.069999694824219,9.1899995803833,63096224.0,340.4630356930076,343.0166774116561,338.87564898515177,341.52789306640625,3523700.0,308.8463748309896,315.57885689525887,305.1360279424794,313.9132080078125,6959900.0,220.0,220.1699981689453,213.30999755859375,214.9499969482422,24950700.0,92.21695786594573,93.39440860192028,92.0685460495813,93.28556823730469,9512300.0,141.6303657655459,142.31036807910905,140.35902505493178,140.6251220703125,11731400.0,322.651611328125,327.2558010793172,319.1686789443709,320.409036028938,7872400.0,146.03086394178305,147.67949652117514,145.92291767185964,147.00238037109375,8143600.0,241.71804404265987,242.248825639182,240.04709438314785,241.108642578125,1153200.0,69.45244313832298,69.7404636160554,69.18429032238885,69.73052978515625,12828500.0,78.17580222518968,78.30441822669329,77.12712893969064,77.27552795410156,18016100.0,175.6723124649243,178.31347898493092,175.49426341805636,177.81887817382812,4574600.0,276.92174951240804,279.7594069968648,268.06906072207244,276.3622131347656,30961900.0,,,,,,,572846.9898706897,578834.9375,565861.0509698276,578834.9375,2878464.0,179.74609004773095,181.82442886686673,179.38980382448918,181.21083068847656,2324500.0,582.0176298652748,583.3121187816959,573.2548655345233,579.9464111328125,2387700.0,219.0800018310547,220.30999755859375,218.77999877929688,219.50999450683594,238400.0,297.1364724874704,299.258658332275,294.4615321004711,298.87371826171875,2612100.0
2025-12-23,500.4800109863281,502.3299865722656,498.1600036621094,500.510009765625,3680800.0,315.2680358886719,315.8872219232364,310.34447676582494,310.7289841005398,13961400.0,340.09657987546063,349.37710000083763,337.83134263055865,348.5887756347656,28232600.0,292.5755877654344,297.0729251391739,291.3789778288188,296.1156311035156,6802300.0,270.3377490962612,271.99467443806464,269.06012395403746,271.85491943359375,29642000.0,659.4853234816244,665.4302455294139,657.6868755551602,664.3711547851562,8486800.0,1059.903382950549,1084.7988844125769,1059.903382950549,1068.015869140625,2108600.0,23.16136349898287,23.219875896474925,22.99557682269239,23.17111587524414,7090435.0,182.7471036477755,189.099356383118,182.67718160782493,188.97950744628906,174873600.0,482.8298239351052,485.66716398872717,482.59086732909867,484.6915283203125,14683600.0,229.05999755859375,232.4499969482422,228.72999572753906,232.13999938964844,29230200.0,489.3999938964844,491.9700012207031,482.8399963378906,485.55999755859375,58223600.0,320.51650136966475,324.6466524002949,320.00148308544306,322.8143310546875,6668300.0,76.2798310071041,76.69498443603516,75.72629310186268,76.69498443603516,2155400.0,111.54775097908545,111.90632995222431,110.26284425854885,110.4620590209961,20319900.0,110135.54218049327,111724.51303251121,109638.98878923767,110731.40625,20419187.0,195.2302505514054,195.99555184267166,191.01615704910182,194.14691162109375,18301600.0,617.6288967607833,620.3839602272224,615.1690079414842,617.2352905273438,161944.0,7.434660846632465,7.522935334412273,7.424852830042638,7.513126850128174,231702374.0,150.5749969482422,151.3000030517578,149.27000427246094,151.22999572753906,5373300.0,93.4000015258789,93.80999755859375,91.33000183105469,93.5,25896200.0,574.0398078305445,579.8510335301885,573.9002430181009,574.498291015625,1794700.0,350.54890187499416,354.9108504598721,350.54890187499416,351.9232177734375,3703200.0,1054.2437283796976,1061.029994103644,1052.0015893923924,1058.130126953125,543600.0,846.712956380788,852.5764311905995,844.4194343930145,852.386962890625,1903300.0,116.89217662008511,118.43139758967328,116.74417286659772,117.82952117919922,12567600.0,224.53567580535932,227.0641785752266,224.23068276818222,225.09646606445312,3612100.0,192.8249969482422,195.3699951171875,191.73500061035156,194.1300048828125,24041000.0,202.76972468229533,204.263145636555,201.0488173198817,203.52137756347656,7047300.0,55.2094168033676,55.61500454585286,55.2094168033676,55.36769485473633,22274600.0,5.9799256039521875,6.057713178694571,5.9604787102665915,5.989648818969727,140655713.0,9.170000076293945,9.270000457763672,9.149999618530273,9.220000267028809,74910278.0,339.1714218809893,342.62229390594126,337.14033961058345,340.1278076171875,3873400.0,314.18249730373094,316.92536037543016,313.3446809635263,314.71112060546875,2724800.0,212.86000061035156,217.02999877929688,212.27999877929688,214.89999389648438,20272300.0,93.24598678729747,93.68134823432398,93.03820270092271,93.47356414794922,8642100.0,140.42801467658208,141.65006085609454,140.02394422910842,141.10801696777344,9541600.0,322.29437255859375,325.27122955986954,321.26241726797,321.5005561377824,4463300.0,147.23787311799873,148.25845864872997,147.05143410213654,147.6990966796875,4663700.0,241.77702065319346,242.04241145607625,239.94880122968374,240.7744598388672,869600.0,69.72060108345215,69.78019649593845,69.21408932972548,69.39286041259766,9471000.0,76.78086178082106,77.28541535925014,76.76107122204294,77.18647766113281,16712600.0,177.88812963097047,178.6300308480353,177.1956915138471,177.5616912841797,3514800.0,275.69279308797223,281.6278734404281,272.0957515922059,276.04248046875,20767600.0,,,,,,,583824.9288313356,591808.8594820206,579832.9635059931,582826.9375,2011188.0,183.1307999365897,184.27883498997934,181.98277998455302,182.37864685058594,1772200.0,578.0444984363945,586.2197922061376,578.0444984363945,579.9563598632812,1731000.0,218.8800048828125,219.50999450683594,218.02000427246094,219.24000549316406,330500.0,297.44247807375484,301.1834668147855,296.7614000935896,299.8509216308594,2923000.0
2025-12-24,500.2900085449219,501.510009765625,499.25,501.3399963378906,2000200.0,315.258056640625,315.87724264961207,312.9111173503096,315.7374107235817,6138200.0,349.95589479748145,352.1213352312898,346.41333827759297,349.48687744140625,11424400.0,296.90336911754514,298.31939244230784,295.3976327678872,297.96038818359375,2753900.0,271.8349404799371,274.9192064044749,271.69521595033444,273.3022155761719,17910600.0,661.9632786179176,667.6084088263418,661.633543835896,666.9789428710938,5627500.0,1071.0058380118999,1082.0583002085477,1069.0823112830287,1073.337890625,932800.0,23.19062073059812,23.21987599943608,23.044336946105958,23.16136360168457,6462750.0,187.71105179508496,188.67987134928,186.36269028434322,188.38023376464844,65528500.0,483.5267014178325,486.99128356758627,482.680463867149,485.8563232421875,5855900.0,232.1300048828125,232.9499969482422,231.3300018310547,232.3800048828125,11420500.0,488.4800109863281,490.8999938964844,476.79998779296875,485.3999938964844,41285400.0,323.1213622604756,326.8355148620812,322.3884458193645,326.02337646484375,4289300.0,76.35890980660047,76.98163994837584,76.35890980660047,76.52694702148438,584300.0,110.46206278523768,111.26886170266053,110.11344643815782,111.16925811767578,9009600.0,111625.20288591359,111625.20288591359,110135.54270505176,110334.1640625,12492939.0,193.80900090050727,197.0689664716376,193.23254153949614,196.28379821777344,9282700.0,619.5967947698489,624.516572304855,619.3999916572731,621.958251953125,55878.0,7.522935231030518,7.5425517316348705,7.454277245068149,7.4935102462768555,203049941.0,150.5,150.7899932861328,149.91799926757812,150.05999755859375,3274200.0,93.11000061035156,93.68000030517578,92.66999816894531,93.63999938964844,12427900.0,575.3953740050385,580.4191592662263,575.1461772211472,577.5883178710938,1058900.0,351.9232101586524,354.5224359515592,351.55474033131503,353.67596435546875,2023600.0,1056.1170832295627,1063.0727982639987,1053.7453937518271,1061.7972412109375,229800.0,856.1862635988776,873.5373727454145,855.9369664034595,869.4089965820312,1822200.0,117.74073010922581,118.45114214395569,117.53352785372694,117.63219451904297,6137400.0,225.75567518954605,227.07403904015487,225.28341335242325,226.17872619628906,1744900.0,193.16000366210938,195.1699981689453,192.8300018310547,194.1699981689453,11710100.0,203.73895852778904,205.65766763921368,203.31368542129266,205.49942016601562,2376500.0,55.525972429098196,55.89198971218533,55.2885534672615,55.64468002319336,13634400.0,5.9702019691467285,5.9702019691467285,5.9702019691467285,5.9702019691467285,0.0,9.220000267028809,9.25,9.15999984741211,9.170000076293945,57003338.0,339.5066482461403,343.37163818075135,339.07282192421815,342.46453857421875,1368600.0,315.1699411078711,316.3369181467354,314.30220377972114,315.927978515625,878500.0,214.97999572753906,216.5399932861328,213.97000122070312,215.0399932861328,7956800.0,93.65166950512395,94.83900934444986,93.47356777433279,94.29481506347656,5506800.0,140.8320910560058,142.64547588312772,140.76311184429966,142.3990936279297,3259200.0,325.05291748046875,326.45204387040064,321.6295501827735,322.6913030880782,2842700.0,147.57154641800446,148.17015481315417,147.29677682421308,147.68930053710938,2227600.0,242.1407036706835,242.1603511385799,239.86033755706785,241.4035186767578,383400.0,69.4226529601902,69.6808795364193,69.27367579785445,69.63121795654297,4515300.0,77.18647766113281,77.45359736943094,77.01829565095201,77.18647766113281,9104400.0,178.21456060694035,180.03468789496242,177.59135878029502,179.68846130371094,2648000.0,277.77103448716355,289.06171541862125,277.021652199878,286.4438781738281,18592600.0,,,,,,,585820.8837159864,589812.8488520408,582826.9098639456,586818.875,2160697.0,182.73493657743205,183.30895411514288,182.12133839289953,182.99224853515625,592350.0,580.195326972621,584.6464505189552,578.5423754987806,581.2907104492188,947000.0,215.6999969482422,217.02999877929688,215.0,216.72999572753906,170800.0,299.8311783395197,301.20318441810247,298.3900402884613,300.6208190917969,1210600.0
2025-12-25,500.37001037597656,501.5350036621094,498.0399932861328,499.8199920654297,2123900.0,314.90350341796875,316.01205542332116,313.11084778561127,315.6225650032877,6434550.0,350.1405053221037,352.3159345692673,346.7176927286682,350.43988037109375,13226250.0,297.9803359991416,300.423463901515,296.5394042254207,299.97471618652344,3939900.0,272.74327313342127,274.8892799289402,272.02460707980765,273.0976104736328,19716200.0,664.7259065282366,667.9930982943395,661.1939267370566,664.8507690429688,6380650.0,1072.1718235854846,1079.8956147641186,1066.884771459997,1073.7215576171875,973700.0,23.161366179287707,23.2003756888471,23.054091888075174,23.102853775024414,4262395.0,188.69984580964376,190.56757052939133,187.0668354295795,189.3390655517578,102634400.0,484.03941697721615,486.47358421382637,483.2429607876208,485.70201110839844,7349050.0,232.08499908447266,232.97000122070312,231.25499725341797,232.45000457763672,13707600.0,486.8550109863281,489.9949951171875,475.30999755859375,480.2949981689453,50033050.0,324.5426470676381,327.2663590011634,322.9034840037082,325.39939880371094,4223800.0,76.63073870288198,77.23369909175256,76.60602557359451,76.85314178466797,919650.0,110.87044465460835,111.39835049680987,110.51684698487205,111.23400115966797,9006700.0,111625.20571646106,113909.3514429568,110880.37562603015,113263.83203125,23255556.5,195.32965596847947,198.1075831736847,194.07238278975805,196.5322723388672,10272350.0,620.2265307695241,624.6936791712124,619.3212724727556,622.1747314453125,84518.6,7.483702398020296,7.522935400110776,7.4150444105148186,7.434660911560059,177737619.0,150.3949966430664,151.88499450683594,149.98899841308594,151.1500015258789,4655700.0,93.29500198364258,94.18500137329102,92.96999740600586,94.05500030517578,17248100.0,576.6413852145134,579.875954670553,575.9835020043295,577.6630859375,1015600.0,352.7796820294989,354.8909376289779,351.90330486619683,353.60626220703125,2020300.0,1059.3208732482146,1067.7015239048396,1056.5555443942076,1065.3995971679688,296800.0,862.1893482072053,874.3301397926714,861.2469975262449,870.1518859863281,1573150.0,117.5236588408137,118.20447162823838,117.2424547046484,117.57792663574219,7101750.0,225.9327560201054,226.9805578378211,225.13581986711998,226.22298431396484,1669400.0,194.0875015258789,195.76000213623047,190.7249984741211,191.44000244140625,18986050.0,204.49555452536987,205.70710748588797,203.87742205386604,205.42523956298828,2346600.0,55.60016480605671,55.91672090896449,55.35780047796667,55.60511016845703,14446900.0,5.972146761242814,5.993538391827038,5.966312646454349,5.987704277038574,48324074.0,9.149999618530273,9.229999542236328,9.140000343322754,9.199999809265137,50256074.0,340.8130510205621,344.25406888884953,340.38909395650626,343.66741943359375,1577750.0,315.47414352820863,316.78573324457005,314.0129492021466,315.12506103515625,1380400.0,215.20499420166016,216.68499755859375,213.5,215.01499938964844,11874700.0,94.00292349790857,94.65101359923452,93.59724817981628,94.2750244140625,5338100.0,141.52688391729333,143.0889539683405,141.49239431144028,142.52227783203125,3985350.0,327.1615295410156,327.890875235968,322.68634179962794,323.68359372995315,3601000.0,147.5715503728066,148.24375511238378,147.07597681267532,147.45378875732422,2967250.0,241.8015973056457,242.26847213603435,240.24859245224002,241.87531280517578,437550.0,69.44748064697364,69.68088022396921,69.26374643840317,69.51203918457031,5113350.0,77.2260514256167,77.4486499249997,77.05786941501185,77.25573348999023,9631200.0,179.05043479841714,180.20284799355392,178.3678833016075,179.79727172851562,2606350.0,284.1857449211322,289.846072422746,280.10411793721835,285.4996643066406,18235550.0,,,,,,,589313.8697586609,596798.804695219,585820.9001531748,592307.84375,3202122.5,182.94276568188275,183.6058585382071,182.2895793122186,183.43760681152344,713525.0,580.4691980542055,583.0034461098776,577.3723678329161,580.9123229980469,950700.0,216.04000091552734,217.08499908447266,215.4749984741211,216.67499542236328,158400.0,300.29015469720537,301.4993014926308,299.0661874520278,300.88238525390625,2012650.0
2025-12-26,500.45001220703125,501.55999755859375,496.8299865722656,498.29998779296875,2247600.0,314.5489501953125,316.14686819703024,313.31057822091293,315.50771928299366,6730900.0,350.325115846726,352.51053390724485,347.02204717974354,351.39288330078125,15028100.0,299.057302880738,302.52753536072214,297.6811756829542,301.9890441894531,5125900.0,273.65160578690546,274.8593534534055,272.35399820928086,272.89300537109375,21521800.0,667.4885344385556,668.3777877623371,660.7543096382171,662.7225952148438,7133800.0,1073.3378091590694,1077.7329293196894,1064.6872316369654,1074.105224609375,1014600.0,23.141861422739932,23.177619519023395,23.00858141683336,23.044340133666992,5479041.0,189.68863982420257,192.45526970950266,187.7709805748158,190.2978973388672,139740300.0,484.5521325365998,485.9558848600665,483.8054577080926,485.5476989746094,8842200.0,232.0399932861328,232.99000549316406,231.17999267578125,232.52000427246094,15994700.0,485.2300109863281,489.0899963378906,473.82000732421875,475.19000244140625,58780700.0,325.9639318748006,327.6972031402456,323.4185221880518,324.7754211425781,4158300.0,76.90256759916352,77.48575823512928,76.85314134058855,77.17933654785156,1255000.0,111.27882652397903,111.52783929095921,110.92024753158627,111.29874420166016,9003800.0,111625.20854700854,116193.5,111625.20854700854,116193.5,34018174.0,196.85031103645164,199.14619987573178,194.91222404001994,196.78074645996094,11262000.0,620.8562667691992,624.8707860375698,619.2425532882381,622.3912109375,113159.2,7.405236036697362,7.454277053098158,7.356194552602312,7.366003036499023,189086683.0,150.2899932861328,152.97999572753906,150.05999755859375,152.24000549316406,6037200.0,93.4800033569336,94.69000244140625,93.2699966430664,94.47000122070312,22068300.0,577.8873964239883,579.3327500748798,576.8208267875117,577.7378540039062,972300.0,353.6361539003453,355.25943930639664,352.25186940107864,353.53656005859375,2017000.0,1062.5246632668668,1072.3302495456803,1059.3656950365882,1069.001953125,363800.0,868.1924328155329,875.1229068399282,866.5570286490303,870.894775390625,1324100.0,117.30658757240157,117.95780111252107,116.95138155556984,117.5236587524414,8066100.0,226.10983685066472,226.88707663548735,224.9882263818167,226.26724243164062,1593900.0,195.01499938964844,196.35000610351562,188.6199951171875,188.7100067138672,26262000.0,205.25215052295067,205.75654733256223,204.44115868643942,205.35105895996094,2316700.0,55.674357183015225,55.94145210574365,55.42704748867184,55.5655403137207,15259400.0,5.9740915533389,6.016874814507348,5.96242332376197,6.00520658493042,96648148.0,9.1899995803833,9.199999809265137,9.079999923706055,9.09000015258789,70103183.0,342.11945379498394,345.1364995969477,341.70536598879437,344.87030029296875,1786900.0,315.7783459485461,317.23454834240465,313.72369462457203,314.3221435546875,1882300.0,215.42999267578125,216.8300018310547,213.02999877929688,214.99000549316406,15792600.0,94.3541774906932,94.46301785401918,93.72092858529976,94.25523376464844,5169400.0,142.2216767785809,143.5324320535533,142.2216767785809,142.6454620361328,4711500.0,329.2701416015625,329.3297066015354,323.7431334164823,324.67588437182803,4359300.0,147.57155432760877,148.3173554116134,146.8551768011376,147.21827697753906,3706900.0,241.46249094060792,242.3765931334888,240.63684734741219,242.34710693359375,491700.0,69.4723083337571,69.68088091151913,69.2538170789519,69.39286041259766,5711400.0,77.26562519010058,77.44370248056845,77.09744317907167,77.32498931884766,10158000.0,179.8863089898939,180.37100809214544,179.14440782291993,179.9060821533203,2564700.0,290.60045535510085,290.6304294268707,283.1865836745587,284.5554504394531,17878500.0,,,,,,,592806.8558013355,603784.7605383974,588814.890442404,597796.8125,4243548.0,183.15059478633347,183.90276296127126,182.45782023153762,183.88296508789062,834700.0,580.74306913579,581.3604417007998,576.2023601670514,580.533935546875,954400.0,216.3800048828125,217.13999938964844,215.9499969482422,216.6199951171875,146000.0,300.7491310548911,301.79541856715923,299.7423346155943,301.1439514160156,2814700.0
2025-12-28,499.61667887369794,501.51999918619794,497.0833231608073,500.13332112630206,2786666.666666667,314.1694742838542,315.0882667450839,312.098836105714,313.4437583344808,10455433.333333334,348.76838494509525,350.5679343924964,344.9863202482317,349.57004801432294,19640633.333333332,300.30712214859193,303.27210519587345,297.7676064626449,300.71265665690106,5845366.666666667,272.67341976119405,274.1872597152359,272.0146400023266,273.132568359375,22984066.666666668,660.7942547482292,662.5827218788558,656.1382475539391,659.6585489908854,8048933.333333333,1073.9822815876707,1080.4636655860988,1068.7268401662377,1074.75634765625,1440200.0,23.10285190964438,23.132107179375986,22.91756047434973,22.92731285095215,7912333.0,188.21710272630853,189.83845180428227,186.3793428113766,188.75977071126303,126584166.66666667,483.32427094740365,486.1085534633056,482.6240607363194,485.1428527832031,10209666.666666666,231.97333272298178,232.7300059000651,230.90666707356772,232.22000630696616,18530166.666666668,474.4100036621094,475.9633280436198,463.94000244140625,464.82334391276044,63768900.0,324.5707200999778,325.65689616859476,321.4310298747888,322.0285949707031,7142966.666666666,76.1447410386233,76.550010204977,76.02941813445392,76.43468729654948,1939733.3333333335,111.19249835171443,112.06570473706013,111.05969356921975,111.82333119710286,11654333.333333334,116643.98846615767,118366.33918235704,115845.6408720154,118233.28125,24456727.333333332,194.2661878428948,197.91376563139974,192.61301184904204,195.0513661702474,13586066.666666668,622.1157387685497,625.2249997702846,619.0851149192031,622.824169921875,170440.4,7.366002850830504,7.48043251521729,7.336578022395918,7.451007843017578,253997582.3333333,148.57666524251303,150.15999857584634,148.16000366210938,149.74000549316406,7945733.333333333,93.81999969482422,94.87666829427083,93.50999704996745,94.25666809082031,23685233.333333332,577.7876818037555,579.857690326515,575.9768476881818,576.6081746419271,1174033.3333333333,353.89505760211864,355.1399046029906,352.3116057468367,353.27760823567706,3332266.666666667,1061.4152558461503,1070.7093709871324,1058.030435384267,1064.5177408854167,404133.3333333333,869.9541174049024,873.0686889620318,864.3565758078746,867.2318115234375,1636366.6666666665,118.13540073596482,119.10892888688365,117.52365788219699,118.4577153523763,12543700.0,226.32628534306866,227.81191286679652,225.68350208517083,226.83132934570312,3066633.3333333335,189.57167053222656,190.25,185.29999796549478,185.68999735514322,27582000.0,205.562052061988,206.69942870776143,204.8829280611061,205.3049062093099,3671500.0,55.562244118786,55.74360430837148,54.925833746184544,55.02475611368815,19113200.0,5.97798113753107,6.063547659867969,5.954644678377212,6.040211200714111,193296296.0,9.123333295186361,9.25333309173584,9.06000010172526,9.210000356038412,92929489.0,344.0979463989057,345.313972007481,340.5090452031672,343.33876546223956,3122300.0,313.84892846179656,314.773691684472,311.77274049991286,312.19189453125,2476233.3333333335,212.86333211263022,216.31000264485678,210.50333658854166,215.40333557128906,18815466.666666668,94.35417719327468,94.55536603998571,93.490057080557,93.76710001627605,7472600.0,142.5436175721778,143.15793400655778,141.9851471844391,142.5337677001953,6678566.666666666,327.35833740234375,330.8908818932504,325.0793932438904,327.11689771110645,4350966.666666667,147.97715718157153,148.64445548139471,147.14302557789128,147.8528594970703,4961700.0,241.4428304597532,242.3503834853825,240.60407856647606,242.00635782877603,711233.3333333334,69.50541390858452,69.85302475558896,69.33326538473038,69.58487192789714,8361733.333333334,77.21946181019422,77.4569007291114,76.8270320562809,77.08096059163411,15347200.0,179.45105962751998,179.948950906291,178.2541241209663,178.63331604003906,2497766.6666666665,283.67500866135896,293.1277092915289,279.9842392867532,291.0160827636719,23721433.333333332,,,,,,,616758.6348764868,627071.2118461324,612101.3420615304,625075.2291666666,4198616.666666667,182.88668449597606,183.8763667518286,182.65575964437744,183.38152058919272,1068833.3333333333,578.67186073931,581.4533394312497,573.5403185803726,577.61962890625,2041933.3333333333,215.90666707356772,216.82666524251303,215.22333272298178,216.5,213400.0,300.72281344482434,304.59211540936656,299.7949790406934,301.5716857910156,4047900.0
2025-12-29,499.20001220703125,501.5,497.2099914550781,501.04998779296875,3056200.0,313.979736328125,314.5589660191107,311.4929650481145,312.41177786022433,12317700.0,347.99001949427986,349.5966346351222,343.9684567824758,348.65863037109375,21946900.0,300.9320317825189,303.6443901134491,297.8108218524903,300.074462890625,6205100.0,272.1843267483383,273.8512128461511,271.8449608988494,273.2523498535156,23715200.0,657.4471149030659,659.6851889371151,653.8302165118,658.1265258789062,8506500.0,1074.3045178019713,1081.8290337193034,1070.7466444308739,1075.0819091796875,1653000.0,22.937066976506895,23.122356565854236,22.829792685776276,23.112606048583984,4974143.0,187.4813341773615,188.53004285167208,185.68352392965699,187.99070739746094,120006100.0,482.71034015280554,486.1848877649252,482.0333622504328,484.9404296875,10893400.0,231.94000244140625,232.60000610351562,230.77000427246094,232.07000732421875,19797900.0,469.0,469.3999938964844,459.0,459.6400146484375,66263000.0,323.8741142125664,324.63674268276935,320.43728371815735,320.6551818847656,8635300.0,75.76582775835318,76.08213618990085,75.61755653138661,76.06236267089844,2282100.0,111.14933426558214,112.3346374601106,111.12941658803649,112.08562469482422,12979600.0,119153.37842573223,119452.75877353556,117955.85703451883,119253.171875,19676004.0,192.97412624611638,197.29754850923374,191.46340575355308,194.18667602539062,14748100.0,622.7454747682249,625.402106636642,619.0063957346856,623.0406494140625,199081.0,7.346386257897074,7.4935102462768555,7.3267697572927215,7.4935102462768555,286453032.0,147.72000122070312,148.75,147.2100067138672,148.49000549316406,8900000.0,93.98999786376953,94.97000122070312,93.62999725341797,94.1500015258789,24493700.0,577.7378244936391,580.1201604523326,575.5548581385168,576.0433349609375,1274900.0,354.0245094530053,355.0801372512876,352.34147391971567,353.14813232421875,3989900.0,1060.860552135792,1069.8989317078583,1057.3628055581064,1062.275634765625,424300.0,870.8349596995871,872.0415800230837,863.2563493872968,865.4003295898438,1792500.0,118.54980731774646,119.68449277406494,117.80979604551057,118.92474365234375,14782500.0,226.43450958927065,228.2743309824511,226.0311399368479,227.11337280273438,3803000.0,186.85000610351562,187.1999969482422,183.63999938964844,184.17999267578125,28242000.0,205.71700283150668,207.17086939536102,205.10381274843945,205.28182983398438,4348900.0,55.50618758667139,55.6446804096854,54.6752268749409,54.754364013671875,21040100.0,5.979925929627155,6.086884082548279,5.950755355684833,6.057713508605957,241620370.0,9.09000015258789,9.279999732971191,9.050000190734863,9.270000457763672,104342642.0,345.0871927008666,345.40270821274765,339.9108848103536,342.572998046875,3790000.0,312.8842197184218,313.5432633555057,310.7972634375833,311.12677001953125,2773200.0,211.5800018310547,216.0500030517578,209.24000549316406,215.61000061035156,20326900.0,94.35417704456542,94.60154013296898,93.37462132818561,93.52303314208984,8624200.0,142.70458796897623,142.97068498306004,141.86688238736824,142.47792053222656,7662100.0,326.4024353027344,331.67146953910793,325.7475231575945,328.3374043807456,4346800.0,148.1799586085529,148.8080055162854,147.28694996626814,148.17015075683594,5589100.0,241.43300021932583,242.33727866132938,240.587694176008,241.8359832763672,821000.0,69.52196669599822,69.93909667762388,69.37298953761962,69.68087768554688,9686900.0,77.19638012024105,77.46349985338287,76.6918264948855,76.95894622802734,17941800.0,179.233434946333,179.73792231336378,177.80898226998949,177.99693298339844,2464300.0,280.212285314488,294.376349223858,278.38306709285047,294.24639892578125,26642900.0,,,,,,,628734.5244140625,638714.4375,623744.5678710938,638714.4375,4176151.0,182.75472935079736,183.86316864710727,182.75472935079736,183.13079833984375,1185900.0,577.6362565410699,581.4997882964747,572.2092977870332,576.1624755859375,2585700.0,215.6699981689453,216.6699981689453,214.86000061035156,216.44000244140625,247100.0,300.7096546397909,305.9904638304702,299.821301253243,301.7855529785156,4664500.0
2025-12-30,500.9800109863281,505.1099853515625,500.3299865722656,503.7099914550781,2897100.0,314.1394958496094,317.28540943965805,312.8412045581068,313.000999413296,11052500.0,349.2373891882818,351.9417076647023,348.56877833761786,349.1176452636719,16633600.0,301.5103768923786,303.694225594236,298.6085805500678,298.7381896972656,6190600.0,272.30405905646904,273.57169281796894,271.77504318392386,272.57354736328125,22139600.0,658.1265110341435,671.6449047754843,657.2772625792347,665.3803100585938,9187500.0,1075.31114342699,1078.7096455824349,1068.4444293707961,1076.0985107421875,1251500.0,23.112605015312095,23.112605015312095,22.927313574172608,23.034587860107422,6273839.0,188.01069817319677,188.75978454971104,186.70228116711607,187.31153869628906,97687300.0,483.77557941756965,487.5089534635432,483.3474931520442,485.3187255859375,13944500.0,231.2100067138672,232.77000427246094,230.1999969482422,232.52999877929688,21910500.0,461.0899963378906,463.1199951171875,453.8299865722656,454.42999267578125,59238500.0,321.7050354533748,321.83379757815135,319.40720581728044,320.3283386230469,7904300.0,76.5763701466997,76.5763701466997,76.07225098129099,76.16121673583984,1031200.0,111.44815465664773,112.24499855980663,111.39834906297531,111.47803497314453,11730600.0,118853.99616868224,120949.65856964137,118454.82237802335,119652.34375,19746349.0,194.86252317110745,197.16836060149714,194.5146699632147,196.00550842285156,14197400.0,620.9742776845621,631.3058101959274,619.9903222072893,629.042724609375,179559.0,7.483702079127807,7.503318579337156,7.38561957808106,7.464085578918457,225916301.0,148.83999633789062,149.10000610351562,147.35000610351562,147.36000061035156,6832300.0,93.5199966430664,93.98999786376953,93.33999633789062,93.77999877929688,23422000.0,574.2291586243052,575.9237089477585,572.4050211041781,575.5648193359375,1512800.0,352.540669795347,353.40707844317745,351.2061974606485,352.1622314453125,3366500.0,1080.7906436988237,1082.2655750462116,1066.680203580531,1068.3941650390625,807300.0,861.5711058668909,865.3803743098849,859.0083233988202,863.2164916992188,1680800.0,119.48715192182848,120.17783362594038,119.02341032010088,119.37861633300781,11150500.0,227.0445139380221,227.4774130955863,224.92921396582548,226.03114318847656,2348000.0,184.35000610351562,184.72900390625,180.6999969482422,180.83999633789062,23336300.0,205.23236714396373,205.41039931347132,204.25324303125262,204.6389617919922,3937400.0,54.892862644773054,55.041246200510436,54.57630275717758,54.68511962890625,17427600.0,6.067436634739506,6.13550099716819,6.028542845823269,6.096607208251953,396162513.0,9.25,9.289999961853027,9.180000305175781,9.220000267028809,63775044.0,341.17294881395236,342.1096261749485,338.89537553533864,341.48846435546875,2392600.0,311.486262535626,312.4748127556644,310.1082649724282,311.33648681640625,3155100.0,215.8699951171875,216.82000732421875,214.3300018310547,215.33999633789062,16409600.0,93.73082229672275,93.87923410669595,92.99862213921813,93.31524658203125,6417800.0,142.20195615078617,142.36950929459834,141.49238918877063,141.96543884277344,6006400.0,329.5976257324219,333.55683603301947,326.96807465204813,327.1863787199748,4432500.0,148.67062960062867,149.81877722048796,148.6411910699005,149.4654998779297,5150500.0,240.43042906752453,241.747529323704,240.3321317357816,240.4107666015625,648600.0,69.5219700322782,69.76032895074673,69.32333886310334,69.59149169921875,8610900.0,76.9787284461422,76.9787284461422,76.34556637484995,76.5830078125,13952200.0,178.33326388104604,178.4321900790088,176.3350724155434,177.14622497558594,2365500.0,294.5762485898116,298.7044885113904,291.8873758546106,292.5071105957031,23056400.0,,,,,,,637716.4173387097,657676.2426075268,632726.4610215054,649692.3125,4094603.0,183.40793065880007,183.8433781846521,182.81411523963743,183.11102294921875,865100.0,577.556544269184,578.5224119575116,573.0755794488327,574.9476318359375,1216700.0,215.8800048828125,216.10000610351562,214.85000610351562,214.85000610351562,184500.0,302.19025674587976,302.2790890731558,298.0939387773206,298.1432800292969,1883700.0
2025-12-31,503.9200134277344,505.8900146484375,502.4800109863281,502.6499938964844,3105200.0,313.3904724121094,314.97842425011913,311.7925848269269,312.9610408855354,10821500.0,348.9979250326745,349.1476049485987,344.6969495441743,345.3755187988281,15346100.0,303.145809122997,306.5262983780608,302.5774034272525,303.0361328125,8175100.0,272.553621806917,273.17246717497864,271.24605357156486,271.3558349609375,27293600.0,664.1813161961976,664.4311023248911,658.8758612620638,659.5253295898438,7940400.0,1076.1084307368067,1079.8357729107013,1070.796499757671,1071.045654296875,1646700.0,23.03458745884477,23.249134166901293,22.995577951884126,23.239381790161133,6124932.0,189.33907943283364,190.32786369396138,186.26282955778902,186.27281188964844,120100500.0,485.6771523949816,485.97584057107747,481.15727202744546,481.4758605957031,15601600.0,232.91000366210938,232.99000549316406,230.1199951171875,230.82000732421875,24383700.0,456.1000061035156,456.54998779296875,449.29998779296875,449.7200012207031,49078000.0,321.2395304565584,321.77437689354394,318.9615289550125,319.1398010253906,5048500.0,76.11179070802572,76.38855964943282,75.6274450605633,75.66698455810547,1014800.0,111.2887906685423,111.80673388719316,110.88040607752015,110.97005462646484,11487400.0,119219.9048144652,123377.96508809425,118953.78895402595,122513.08854166667,23318659.0,195.22031530553,195.9955500527643,193.54063496465824,193.71954345703125,10341500.0,626.6812905160377,634.6513061523438,625.5005318887647,634.6513061523438,105713.0,7.454276977540995,7.5523594770426685,7.424852461537617,7.532742977142334,286895070.0,146.69000244140625,147.3699951171875,145.63999938964844,146.5800018310547,6116000.0,93.5999984741211,94.30999755859375,93.19999694824219,93.76000213623047,23495200.0,574.7076426003067,576.1230634312424,568.7867240235827,569.0458984375,1736500.0,352.1921037382886,353.7357322383478,349.2443145806378,349.26422119140625,3503200.0,1076.4558343702645,1076.7648096702223,1065.185412907116,1066.1220703125,561300.0,862.1494645410849,865.5598330164696,858.9185827366601,859.915771484375,1490000.0,119.56609072636675,119.645027070368,118.27354008642878,118.73727416992188,10559900.0,226.0311355946272,226.53289686724358,224.74227132337876,224.8013153076172,3196900.0,181.1300048828125,181.52999877929688,177.25,177.75,22997400.0,204.6389735094918,205.2224940876339,204.1048920616966,204.67852783203125,4083800.0,54.72468674034462,54.823609104787465,54.3388842359127,54.40813064575195,16293000.0,6.067436695098877,6.067436695098877,6.067436695098877,6.067436695098877,0.0,9.220000267028809,9.329999923706055,9.199999809265137,9.279999732971191,66914753.0,340.65036230421987,341.84336961987077,339.14183947211427,339.27001953125,2317500.0,311.68597715539187,312.9041732944955,307.4221687757797,307.5819396972656,2555700.0,215.82000732421875,217.63999938964844,213.8000030517578,214.16000366210938,17591600.0,93.50324818208385,93.68134990914947,92.13780664052899,92.21695709228516,7919300.0,141.91617770255507,142.05415116269117,141.15731615281692,141.2361602783203,5293200.0,327.56341552734375,330.7585766695686,327.3352091985709,329.7563887116683,4285200.0,149.54399847316552,149.70101394332772,148.83744383125492,149.56362915039062,4953100.0,240.2829943379704,241.3150413149148,238.6218684445441,238.7594757080078,679700.0,69.59149008611978,69.68087941428185,69.40278517567238,69.43258666992188,8127800.0,76.51374751949199,76.98862284144661,76.05866275772435,76.20706176757812,13570500.0,177.57157577913117,177.76942817657107,175.4843597758975,175.6129608154297,3098100.0,293.0469125010942,293.0469125010942,284.0606666232223,285.2901611328125,17573800.0,,,,,,,641708.3750684948,664329.5100581445,637051.0825507722,658341.5625,4123700.3333333335,182.59637822443167,183.05163871175455,181.94318430401958,181.96298217773438,1048650.0,574.8580313230038,576.4911087733359,569.6302386185839,570.44677734375,1163900.0,215.11000061035156,216.0500030517578,214.05999755859375,214.05999755859375,151700.0,297.8570491322844,297.94588145853476,292.043215868254,292.3788146972656,3430100.0
2026-01-01,502.44000244140625,503.885009765625,497.69500732421875,499.75,4490900.0,314.1494903564453,318.7355081873518,311.0185870812445,315.06828790907605,16432600.0,350.5197152240594,354.52630980420156,344.7667838780848,346.1339111328125,20372350.0,307.1245941329619,313.60632989951444,306.70078527937187,310.8740234375,13351000.0,272.15437504219096,275.248617222919,269.8736087378804,270.931640625,32565850.0,663.1721804841566,664.1263805960509,650.9126879744931,654.689453125,10833450.0,1074.4341412524197,1078.4206139656444,1059.659264421135,1073.8760375976562,2057900.0,23.23938122816438,23.32715075662763,23.14185932319681,23.28814125061035,3362343.0,189.47390650178767,191.51141468710236,187.14674302653668,187.44638061523438,134170500.0,483.9598005588193,484.2435406492042,474.6163995935798,476.15953063964844,20586600.0,232.125,234.22500610351562,227.40999603271484,228.66000366210938,37919950.0,456.9499969482422,457.4449920654297,442.29998779296875,443.89500427246094,67306700.0,320.328329305393,322.19531970707885,318.3177358959234,320.7542266845703,6551250.0,77.52529478427884,78.009640423765,77.1249677447193,77.64391326904297,1770700.0,111.1393805414123,112.07566717852612,110.78080154679598,111.64238739013672,12897000.0,119585.81346024816,125806.27160654712,119452.75553002853,125373.83333333333,26890969.0,195.74211967058227,196.68631433503128,193.28223769559114,194.1171112060547,12441100.0,628.9443701952553,635.2416794316305,626.5828830022657,633.0769653320312,209647.0,7.4640853523806,7.548436255488965,7.418967541794808,7.511164951324463,293196367.8,149.65499877929688,152.00999450683594,148.72049713134766,151.16000366210938,10947150.0,93.86499786376953,94.21999740600586,92.00499725341797,92.375,32325300.0,571.792053830705,572.5844826437193,563.2396023331605,565.183349609375,2819200.0,350.3098895531965,351.1713291361798,345.6541740874319,347.15794372558594,4453500.0,1103.1273443477805,1122.7186898692648,1097.352608154,1112.9180297851562,1629600.0,860.4342953510895,863.1167050776282,854.5109917884977,856.0067749023438,1931700.0,119.02834525350033,120.34556816309941,118.14526843722595,119.87689208984375,12367500.0,225.53921166614657,226.77394856866613,223.4042378877104,225.20469665527344,3266850.0,181.21500396728516,181.44000244140625,171.8000030517578,172.80500030517578,41815750.0,204.59446721362033,205.16809543272268,202.774651490029,204.87633514404297,5204650.0,54.581248456573945,55.10554569866835,54.314155426157065,54.878021240234375,20898300.0,6.086883717095798,6.116054058074951,6.047989697298333,6.116054058074951,64350022.0,9.234000205993652,9.326000022888184,9.183999824523926,9.273999786376953,73504492.2,339.6298883030374,342.72087824078096,337.63825300989674,340.1179504394531,3040250.0,310.49271233533796,316.70864848989675,307.8166027135653,313.9326934814453,3447900.0,217.36000061035156,222.3949966430664,216.3499984741211,218.81500244140625,27018900.0,92.90957453661387,94.0128117240914,91.98443523923706,93.20640563964844,8580950.0,141.47761353117954,141.65993398576222,140.17671558940822,140.48715209960938,7119650.0,330.6841583251953,334.1968581574697,326.1543868544565,329.0518592611639,5574400.0,149.43605610104078,151.3447315200037,148.63137051020385,151.27603912353516,5907600.0,239.30008439985448,239.9291408224346,234.63123857017263,235.8156509399414,1076400.0,69.48224019131948,69.53686868667924,68.95586079163544,69.040283203125,10139550.0,76.37532427859988,76.76195124728224,75.63058395056785,75.91862487792969,14660150.0,177.08192260840428,178.88227672405372,175.35576310483083,177.77436065673828,3804000.0,294.02649548056274,304.2571983679047,289.3984194672125,300.2888641357422,30089050.0,,,,,,,645700.3327982799,670982.777508762,641375.7040800389,666990.8125,4152797.6666666665,182.7349342726896,183.02194303687958,181.2009237238934,181.60669708251953,1415125.0,575.0024378548896,586.7823840608822,571.2533490701283,583.1627502441406,1962750.0,215.6050033569336,216.95999908447266,214.8499984741211,215.96499633789062,214750.0,295.7842014775173,295.8335577902548,288.65264360964693,290.0542755126953,4046450.0
2026-01-02,500.9599914550781,501.8800048828125,492.9100036621094,496.8500061035156,5876600.0,314.90850830078125,322.4925921245844,310.2445893355621,317.17553493261676,22043700.0,352.04150541544425,359.9050146598044,344.83661821199536,346.8923034667969,25398600.0,311.10337914292677,320.68636142096807,310.8241671314913,318.7119140625,18526900.0,271.7551282774649,277.32476727085935,268.5011639041959,270.5074462890625,37838100.0,662.1630447721155,663.8216588672108,642.9495146869224,649.8535766601562,13726500.0,1072.7598517680326,1077.0054550205873,1048.5220290845991,1076.7064208984375,2469100.0,23.25563468196707,23.31739849315799,23.04108735689724,23.16461435953776,5071033.0,189.60873357074172,192.69496568024334,188.03065649528438,188.6199493408203,148240500.0,482.24244872265706,482.5112407273309,468.07552715971417,470.84320068359375,25571600.0,231.33999633789062,235.4600067138672,224.6999969482422,226.5,51456200.0,457.79998779296875,458.3399963378906,435.29998779296875,438.07000732421875,85535400.0,319.4171281542276,322.61626252061376,317.6739428368343,322.36865234375,8054000.0,78.93879886053196,79.6307211980972,78.6224904288753,79.62084197998047,2526600.0,110.98997041428227,112.34460046985909,110.68119701607182,112.3147201538086,14306600.0,119951.72210603113,128234.578125,119951.72210603113,128234.578125,30463279.0,196.26392403563455,197.37707861729828,193.02384042652403,194.51467895507812,14540700.0,631.2074498744728,635.8320527109172,627.6652341157667,631.5026245117188,313581.0,7.473893727220205,7.544513033935261,7.413082622052,7.489586925506591,299497665.6,152.6199951171875,156.64999389648438,151.80099487304688,155.74000549316406,15778300.0,94.12999725341797,94.12999725341797,90.80999755859375,90.98999786376953,41155400.0,568.8764650611032,569.0459018561962,557.6924806427385,561.32080078125,3901900.0,348.4276753681045,348.6069260340118,342.064033594226,345.0516662597656,5403800.0,1129.7988543252966,1168.672570068307,1129.5198034008843,1159.7139892578125,2697900.0,858.7191261610942,860.6735771387868,850.1034008403352,852.0977783203125,2373400.0,118.49059978063393,121.04610925583081,118.01699678802312,121.01651000976562,14175100.0,225.04728773766595,227.01500027008865,222.066204452042,225.6080780029297,3336800.0,181.3000030517578,181.35000610351562,166.35000610351562,167.86000061035156,60634100.0,204.54996091774888,205.11369677781147,201.44441091836137,205.0741424560547,6325500.0,54.437810172803275,55.387482292549244,54.28942661640143,55.3479118347168,25503600.0,6.10633073909272,6.164671421051025,6.028542699497789,6.164671421051025,128700044.0,9.248000144958496,9.322000122070312,9.167999839782714,9.267999839782714,80094231.4,338.6094143018549,343.59838686169115,336.1346665476792,340.96588134765625,3763000.0,309.29944751528404,320.51312368529807,308.211036651351,320.283447265625,4340100.0,218.89999389648438,227.14999389648438,218.89999389648438,223.47000122070312,36446200.0,92.3159008911439,94.34427353903334,91.83106383794514,94.19585418701172,9242600.0,141.03904935980404,141.2657168088333,139.19611502599955,139.73814392089844,8946100.0,333.8049011230469,337.6351396453709,324.9735645103421,328.34732981065946,6863600.0,149.328113728916,152.9884490966797,148.42529718915281,152.9884490966797,6862100.0,238.31717446173857,238.5432403299544,230.64060869580115,232.871826171875,1473100.0,69.37299029651919,69.39285795907664,68.50893640759851,68.64797973632812,12151300.0,76.23690103770777,76.53527965311788,75.20250514341136,75.63018798828125,15749800.0,176.59226943767737,179.99512527153638,175.22716643376415,179.93576049804688,4509900.0,295.00607846003123,315.4674842347152,294.73617231120267,315.2875671386719,42604300.0,,,,,,,649692.2905280651,677636.0449593796,645700.3256093058,675640.0625,4181895.0,182.87349032094755,182.99224736200458,180.4586631437672,181.2504119873047,1781600.0,575.1468443867755,597.0736593484286,572.8764595216726,595.8787231445312,2761600.0,216.10000610351562,217.8699951171875,215.63999938964844,217.8699951171875,277800.0,293.71135382275025,293.7212341219749,285.2620713510399,287.729736328125,4662800.0
2026-01-04,496.94666544596356,502.913330078125,493.9700012207031,497.9633280436198,5389066.666666667,316.24009195963544,320.05310250628077,313.30657790861125,317.2454412370944,20637233.333333332,353.3454500416275,356.1595541081956,338.80928167837226,344.0981953938802,29223533.333333332,323.34886388056503,327.10826975980825,317.3391359484784,320.46697998046875,17806500.0,270.6771369708344,273.11260450403483,266.59804536298174,268.0120849609375,43044166.666666664,654.3564330940233,663.9215674918604,645.7804423253157,655.4354858398438,12717966.666666666,1067.995963427365,1080.1414362905134,1036.0975313181973,1050.8940022786458,3546233.333333333,23.288141589572447,23.297893966218716,22.839543424298096,22.917560577392578,8488413.0,190.88718051276402,193.16107951026757,186.62571025820492,188.13387552897134,171766633.33333334,475.3863219509442,476.8099848943642,467.6374941851723,470.7834879557292,25357400.0,229.67332967122397,234.4866689046224,226.35332743326822,230.87333170572916,50307600.0,451.25998942057294,457.8133239746094,441.48000081380206,447.1366780598958,73805666.66666667,321.39801599643664,330.22284655897727,320.61226475035573,328.02077229817706,9853066.666666666,78.96515955358525,80.03928950033682,78.66202843648058,79.96350860595703,2321200.0,111.91297793290859,112.96879470049865,111.36515187035066,112.2815170288086,17807266.666666668,129531.89361053078,134954.00419759232,128866.60396534613,134621.359375,38730010.333333336,196.84036946999956,199.43111781143767,191.77815015106714,192.4473673502604,19937233.333333332,632.6505874397587,637.6687564166482,626.2220862791463,632.1585896809896,282079.0,7.493510476899416,7.536666590827854,7.401312782566384,7.44643087387085,312100261.2,154.72332763671875,156.58333333333334,152.0469970703125,156.08666483561197,15088766.666666666,91.98999786376953,93.12999725341797,90.82999674479167,91.30333201090495,39840666.666666664,561.5068409080424,572.6210218660752,557.0013634692582,564.935791015625,3210633.333333333,344.86245308269247,353.579705134343,342.4424677659824,349.9115498860677,6862733.333333334,1181.2584476328104,1211.9143132213098,1181.1654306580062,1202.5039469401042,3093033.3333333335,860.5872037775869,871.0909172685535,855.6544142183413,866.2179768880209,2661533.3333333335,121.85847370890647,123.18391820395905,119.8456447107134,122.79911295572917,24799833.333333336,223.90601604413195,224.7193408326642,216.91735762530922,219.6196746826172,7339800.0,177.02000427246094,177.66334025065103,169.9766642252604,171.97999572753906,46552500.0,203.92357364859006,204.1576448876619,199.61802303194028,203.06971740722656,8426500.0,55.18963055852866,56.41628831854352,55.12038540240266,55.96783320109049,32565600.0,6.119295524771188,6.151707015350207,6.028542886174595,6.080401579538981,184311512.66666666,9.276000022888184,9.31400032043457,9.135999870300292,9.255999946594239,93273709.8,338.1295972969491,342.8490708554385,336.3515753465394,339.8287353515625,4404533.333333333,318.6658117572217,326.138254033295,318.0367334132041,322.6599934895833,5198833.333333333,226.46666463216147,231.7300008138021,219.95332845052084,221.87666829427084,33442800.0,93.49664467274215,95.93399782583765,93.2624771155923,94.97422536214192,12670200.0,139.7184473399105,139.95825798771446,138.1186069065438,138.80518086751303,11180233.333333334,337.5226542154948,342.05410623937496,329.17423741813354,331.35726792724427,7592266.666666667,158.21237355977482,159.43248534902938,153.69828076854742,158.1894785563151,25683966.666666664,235.44051184481305,238.24180580053445,232.45572148631493,235.17839558919272,1435233.3333333333,68.75722299847605,68.76384555266186,67.80709107566494,67.86668395996094,18174833.333333332,76.10428354164723,76.41592646533906,74.93727492483707,75.32517496744792,16135800.0,179.01910243318684,184.31462727748485,178.47174302329202,182.99568684895834,6028233.333333334,314.99768050507987,322.08469972163425,304.5253951354742,313.1084696451823,37273833.333333336,,,,,,,680962.7102287037,691607.9500918238,670317.46988701,688281.3125,4285639.0,181.2636022273569,181.58029773012294,178.29455544962627,180.78855895996094,2563333.3333333335,595.2547454221589,611.7712341250647,593.3959422676434,607.6221720377604,3217066.6666666665,217.36666870117188,218.90999348958334,216.34666442871094,218.52999877929688,337666.6666666667,292.53344254552513,294.7872551938958,288.716795449217,290.0131429036458,4347600.0
2026-01-05,494.94000244140625,503.42999267578125,494.5,498.5199890136719,5145300.0,316.9058837890625,318.8333576971289,314.8375721951358,317.2803943893332,19934000.0,353.9974223547191,354.2868238323912,335.7956134115607,342.7011413574219,31136000.0,329.4716062493842,330.3192239292284,320.59662035697187,321.3445129394531,17446300.0,270.1381413175191,271.00652312062255,265.64648609237463,266.764404296875,45647200.0,650.4531272549772,663.9715218041853,647.1959061445123,658.2264404296875,12213700.0,1065.6140192570313,1081.7094269254765,1029.8852824349965,1037.98779296875,4084800.0,22.917561556194435,22.96632158143264,22.712767218103092,22.829792022705078,13454531.0,191.52640398377517,193.39413642527967,185.9232371396652,187.89083862304688,183529700.0,471.95825856508776,473.9593569778809,467.4184776979013,470.7536315917969,25250300.0,228.83999633789062,234.0,227.17999267578125,233.05999755859375,49733300.0,447.989990234375,457.54998779296875,444.57000732421875,451.6700134277344,67940800.0,322.3884599175412,334.026138578159,322.08142570711647,330.8468322753906,10752600.0,78.9783399001119,80.24357365145663,78.68179744028323,80.13484191894531,2218500.0,112.37448169222175,113.28089181581844,111.70712929749008,112.2649154663086,19557600.0,134321.9793627806,138313.71723388848,133324.04489500364,137814.75,42863376.0,197.12859218718208,200.45813740850738,191.1553050133387,191.41371154785156,22635500.0,633.3721562224017,638.5871082695137,625.5005123608361,632.486572265625,266328.0,7.503318851739021,7.53274336927415,7.395427862823576,7.4248528480529785,318401559.0,155.77499389648438,156.5500030517578,152.1699981689453,156.25999450683594,14744000.0,90.91999816894531,92.62999725341797,90.83999633789062,91.45999908447266,39183300.0,557.822028831512,574.4085818710147,556.655804882518,566.7432861328125,2865000.0,343.07984193998647,356.0660946845086,342.63168485186065,352.34149169921875,7592200.0,1206.9882442865674,1233.535184797811,1206.9882442865674,1223.89892578125,3290600.0,861.5212425858332,876.299587333437,858.4299209073444,873.278076171875,2805600.0,123.54241067304274,124.25282267802316,120.75996867205853,123.69041442871094,30112200.0,223.33538019736494,223.57151111395197,214.34293421194283,216.62547302246094,9341300.0,174.8800048828125,175.82000732421875,171.7899932861328,174.0399932861328,39511700.0,203.61038001401067,203.6796189425871,198.70482908872975,202.0675048828125,9477000.0,55.56554075139136,56.93069133154066,55.53586479540328,56.277793884277344,36096600.0,6.125777917610423,6.145224812499798,6.028542979512998,6.038266658782959,212117247.0,9.289999961853027,9.3100004196167,9.119999885559082,9.25,99863449.0,337.88968879449624,342.4744128523122,336.46002974596945,339.2601623535156,4725300.0,323.3489938781905,328.9508192072935,322.94958179413067,323.8482666015625,5628200.0,230.25,234.02000427246094,220.47999572753906,221.0800018310547,31941100.0,94.08701656354128,96.7288599692398,93.97818375441588,95.36341094970703,14384000.0,139.05814632996376,139.30452857715505,137.57985284681592,138.3386993408203,12297300.0,339.38153076171875,344.26358953637697,331.27457387202924,332.8622369855367,7956600.0,162.65450347520422,162.65450347520422,156.3347725582447,160.7899932861328,35094900.0,234.0021805363503,238.0910885358245,233.3632778815718,236.33168029785156,1416300.0,68.44933934945448,68.44933934945448,67.45616840969817,67.47603607177734,21186600.0,76.03797479361697,76.35624987144963,74.80465981554993,75.17266845703125,16328800.0,180.23251893094158,186.4743782804591,180.09403131805595,184.52565002441406,6787400.0,324.9934815276042,325.39330746509376,309.42000654760994,312.0189208984375,34608600.0,,,,,,,696597.920079023,698593.902658046,682626.0420258621,694601.9375,4337511.0,180.45865818056157,180.87432291418213,177.2125016025558,180.55763244628906,2954200.0,605.3086959398505,619.1200215133827,603.6556836406288,613.493896484375,3444800.0,218.0,219.42999267578125,216.6999969482422,218.86000061035156,367600.0,291.9444869069126,295.3202657298563,290.4441574983056,291.15484619140625,4190000.0
2026-01-06,496.79998779296875,500.6700134277344,496.05999755859375,499.04998779296875,4040000.0,314.1394958496094,321.1403574586827,311.9323884629541,316.89590376555594,18989900.0,342.8807574319921,348.3193308210368,337.2924736709646,343.0503845214844,27135500.0,329.29211764393796,332.1440667365589,323.67793248448737,326.50994873046875,15599600.0,266.5048844877732,267.05385240251036,261.63392891626114,261.87347412109375,52352100.0,659.0057810200069,664.9507033148827,651.3423593634897,660.0548706054688,11074400.0,1040.5789964737464,1067.2086051262331,1036.4132005969204,1060.441650390625,2690700.0,22.820039335662532,23.01508315411741,22.78103168801698,22.85904884338379,8178206.0,190.2879203285983,191.935904267691,186.5924305704924,187.0119171142578,176862600.0,471.69937935780575,476.617480129593,467.6673473241013,476.3885192871094,23037700.0,232.10000610351562,243.17999267578125,232.07000732421875,240.92999267578125,53764700.0,446.3800048828125,448.25,428.7799987792969,432.9599914550781,89093800.0,330.92639220894705,334.1598441675407,328.96642165340415,332.90625,7660800.0,80.0656509399414,80.51045709527472,79.91737970770092,80.0656509399414,2184900.0,111.95613963952309,114.33670104320107,111.54775506101163,113.88847351074219,20120800.0,135020.5297651188,139012.26752609792,132425.90022048235,138613.09375,45321341.0,191.38390085601517,193.6897382955301,189.53526055212583,192.56663513183594,16474500.0,628.452415530832,637.2095838049992,621.5647267494987,634.0609741210938,296253.0,7.4248527919425085,7.434660808482007,7.356194805388941,7.41504430770874,234385442.0,155.22000122070312,155.83999633789062,150.86000061035156,150.89999389648438,12998100.0,91.54000091552734,91.63999938964844,89.73999786376953,90.6500015258789,43331000.0,567.1719310021117,579.502184107739,566.1153389772169,578.4755249023438,4056100.0,352.2219885159953,357.1416263785221,350.5489214123709,356.08599853515625,6775400.0,1218.5476553982805,1242.0253998099452,1218.1491502341771,1237.8499755859375,1895800.0,873.4874687578451,891.5665050646708,868.8505168787445,886.6004638671875,2742300.0,123.68055504442157,124.12456634567523,119.38849096567523,119.43782806396484,23328600.0,216.20241416700895,220.58057154241638,216.00564591656075,220.31492614746094,9151700.0,175.75999450683594,180.19000244140625,174.77000427246094,179.7100067138672,34838600.0,202.3543344281176,204.4411758573138,201.87959200016542,202.542236328125,8107900.0,56.39649980044141,56.792196812168655,56.139299384371164,56.63391876220703,31791900.0,6.038266658782959,6.086884127831672,6.009096084623622,6.038266658782959,283013217.0,9.239999771118164,9.25,9.130000114440918,9.15999984741211,84488561.0,336.70651293277245,345.75765004144216,332.9697030904707,344.3871765136719,4680300.0,325.445929446571,332.30593145348126,320.9923950318607,327.0635681152344,4324700.0,222.7100067138672,222.9199981689453,211.25,214.35000610351562,40033200.0,94.39375816542012,95.53162990742665,94.06723706964978,95.3733139038086,12329200.0,138.35841040902034,139.3735040371015,137.49114011008558,137.88536071777344,10421800.0,346.2779235839844,349.8898275937949,342.4576177850687,345.662711327742,9441900.0,161.80075697762894,161.96758031342222,153.19453858874815,153.6165008544922,20564900.0,232.46882774380185,234.55261421521763,230.5324872716554,233.91371154785156,1638800.0,67.54556144153736,67.78392035851859,67.12842386520353,67.37671661376953,21019900.0,75.1229330531127,75.32185971455782,74.40681224846274,74.82455444335938,17017200.0,184.6839457184917,186.78106348817244,183.7442071663238,185.7226104736328,3795600.0,318.14633463899094,344.40529136816224,317.92642580949723,343.2857666015625,48732400.0,,,,,,,688613.9411157025,725539.6162190082,669652.1079545454,724541.625,4830275.0,183.07141653667057,188.5740473751502,183.0120380184838,187.96044921875,3162450.0,613.3943097788975,624.1187719488267,606.3243672074964,620.454345703125,2706800.0,216.6999969482422,217.47999572753906,214.92999267578125,215.27000427246094,360900.0,291.18447692778483,299.1204961909983,290.61199188822445,298.557861328125,4147300.0
2026-01-07,497.8800048828125,499.1499938964844,493.0899963378906,496.1199951171875,4445100.0,322.00921630859375,326.0389542255147,314.08957240180337,314.1594883653292,24681800.0,340.98472498041707,348.9679784261048,335.1769007897924,342.78094482421875,20249300.0,323.75773551915603,325.38312988148454,317.64495510365737,317.7845458984375,11744800.0,262.7119324450406,263.1910228349833,259.3282042611396,259.84722900390625,48309800.0,655.0791375151089,658.5861445899717,644.2583851266311,648.1350708007812,12846300.0,1073.357824914489,1113.8803558783313,1072.321303033383,1104.3426513671875,4652800.0,23.01508352003988,23.21012548152007,22.878552100920434,22.99557876586914,14140316.0,188.34028795646717,191.13686475404677,186.3327268208183,188.87962341308594,153543200.0,477.63296458601815,487.5288974221053,475.83099176167434,481.3265075683594,25564200.0,239.61000061035156,245.2899932861328,239.52000427246094,241.55999755859375,42236500.0,435.8999938964844,438.3699951171875,431.2900085449219,431.4100036621094,59828800.0,329.4539672046419,330.45880399676645,322.947258062395,325.3250732421875,9815200.0,79.0673005920104,79.0673005920104,78.39514419786272,78.67191314697266,1703900.0,113.73907576559682,114.27694426311413,111.65732504746875,112.2748794555664,23306000.0,143203.6018949468,144101.74295212765,137315.78829787235,140708.765625,46317413.0,194.1071673765467,194.47490267105863,190.82731978462982,191.6621856689453,11171200.0,634.4544963318639,634.552927915692,609.4620625888504,619.2031860351562,382674.0,7.395427919172285,7.395427919172285,7.316961914888379,7.346386432647705,234923430.0,148.3800048828125,148.3800048828125,146.61000061035156,146.75,12613200.0,91.55999755859375,92.41999816894531,90.05999755859375,90.7300033569336,36525700.0,577.4089485452298,583.399649431708,575.7642253075785,578.0568237304688,3653900.0,355.6776563633471,356.8030028431636,353.0485554686327,354.41290283203125,6333900.0,1223.1615226985589,1231.4425478544451,1217.7306124055087,1224.177978515625,1351200.0,889.4923780743975,891.0878557524205,877.1471762988531,880.098876953125,2680100.0,118.20446913989147,118.52020697869004,116.6948398351087,116.91191101074219,20353000.0,221.60378142857348,233.21327286863757,221.11185331628417,229.65171813964844,10285400.0,179.8000030517578,187.27999877929688,177.66000366210938,181.67999267578125,45349000.0,203.00708135778572,205.9741536581461,202.7796100403249,205.21261596679688,7545900.0,56.079944459621935,56.198655828934825,54.84339599829422,55.04124450683594,49695500.0,6.038266329371636,6.057713223200107,5.9702019691467285,5.9702019691467285,290474848.0,9.140000343322754,9.149999618530273,9.0,9.039999961853027,134353747.0,348.3802918728221,353.4678664483068,344.1307921756574,344.1603698730469,4442700.0,327.9422963198305,329.7796162138592,322.48025171887207,323.16925048828125,4656800.0,212.1300048828125,212.1300048828125,207.1699981689453,210.02000427246094,29715500.0,94.70047635163192,94.87857806312124,92.66220708041556,93.29545593261719,14589500.0,137.77694468141317,137.77694468141317,135.62848383699432,136.0424041748047,14369100.0,339.06402587890625,347.4091217233587,335.43225668934457,346.2878643521878,7461400.0,154.49970076140028,155.05904782809023,152.00712864480698,152.30152893066406,13537900.0,238.1599022450922,240.96119622953552,236.83296325378365,239.2705841064453,1434200.0,67.52568975903986,67.60514525240197,66.81060547336676,67.07876586914062,20223400.0,74.7151446127845,74.97373788310571,73.8000971719657,74.31729888916016,20347400.0,185.2774458557311,185.7225835164611,182.34940274454343,182.79454040527344,3532400.0,340.5669262408333,346.15457532139726,337.0384097193049,339.40740966796875,32781100.0,,,,,,,758473.4063342317,760469.3889824797,726537.6839622641,740509.5625,5693115.0,187.66354882491387,191.02847763277236,186.29779754944448,188.35633850097656,3307450.0,620.3647364106434,622.3562764954288,593.259905029665,593.9967651367188,3312400.0,213.36000061035156,213.94000244140625,212.52000427246094,213.3300018310547,242500.0,298.58748063533085,300.37406777905517,292.5170304420286,292.8921203613281,2833300.0
2026-01-08,494.9700012207031,504.0799865722656,494.1099853515625,499.7699890136719,4807700.0,325.58453369140625,330.10862036359265,321.56976069270803,328.8352904632479,21789600.0,342.0624538203319,342.96056375017343,329.80816089100165,331.7840270996094,24385200.0,323.4785020895135,323.58817839016587,315.25168399484824,317.1164245605469,10850800.0,256.5433578451618,258.80916773471864,255.22581364132833,258.55963134765625,50419300.0,645.3274855180696,646.5464125947736,635.1761427603,645.50732421875,11921700.0,1109.9236375344708,1130.1151315037457,1066.5309648980485,1081.52001953125,3156000.0,22.99557799620049,23.112604657232275,22.907808465445566,23.0638427734375,6950356.0,188.87963997886857,189.31910643994627,183.48622397884648,184.81459045410156,172457000.0,479.10639276886474,480.5201105081445,473.7502403609407,475.9902648925781,18162600.0,243.05999755859375,246.41000366210938,241.8800048828125,246.2899932861328,39509800.0,427.8900146484375,436.8900146484375,424.3699951171875,435.79998779296875,57041100.0,324.7281574581884,329.7126277455971,323.99190461809644,328.11083984375,11737100.0,78.20734377175127,78.47422597029146,77.77241681269028,78.03929901123047,2669200.0,110.85051976674569,113.02191131075173,109.37636090231058,112.62348937988281,24058300.0,138014.32966723703,144201.52304349784,138014.32966723703,138513.296875,41449329.0,189.71416714986842,189.7837317247868,185.01304564983556,188.49166870117188,19468500.0,613.9882304595154,626.6812804000199,611.8235163537711,624.3197631835938,274288.0,7.326769678179665,7.336578162223064,7.2188791598678375,7.297345161437988,282723810.0,146.09500122070312,155.2899932861328,145.27000427246094,154.47000122070312,20981700.0,90.44999694824219,91.25,89.58000183105469,90.52999877929688,40068700.0,575.6545870584066,587.7754926717955,571.6574606420734,578.2063598632812,3390200.0,353.53655468224264,354.8809955460086,348.05922777871496,350.7779846191406,6357600.0,1213.007132001847,1220.2617262441995,1171.8912769580213,1190.147216796875,1682300.0,898.5966874815377,929.050809464413,893.4811044141879,912.73681640625,5207200.0,117.39538911339507,121.9834528842042,117.07965127821146,121.2730484008789,20232700.0,227.39869715921867,227.80206680745061,219.51799908257016,220.51170349121094,9365900.0,185.61500549316406,185.66000366210938,174.3699951171875,176.86000061035156,47304300.0,204.6587403592623,206.68624268930276,202.72026166352438,203.49169921875,6557800.0,54.88296772927381,55.971132664700406,54.87307700175792,55.575435638427734,30933700.0,5.9604788425015425,5.970202057734793,5.87296758714964,5.931308269500732,218002915.0,9.039999961853027,9.100000381469727,8.989999771118164,9.09000015258789,90501953.0,340.4630219276524,358.14133860743897,339.2700146292389,354.51300048828125,5196500.0,329.6697760730963,329.6697760730963,309.8186875399741,313.9826354980469,5771700.0,210.89999389648438,210.94000244140625,203.3300018310547,204.67999267578125,27505000.0,93.26577422320099,95.1457350689503,93.19651286541179,94.59163665771484,12406000.0,135.89457850580993,139.72828529951533,135.82559930302205,139.48190307617188,9297100.0,344.1742858886719,345.2161737147571,338.1709394997304,338.3793412906715,5059300.0,152.59592805440235,157.44367247329237,152.3113505969941,156.27589416503906,12929600.0,237.13765643483248,238.14023219638523,236.0859470069245,236.91159057617188,1349100.0,67.07876611541012,68.98565249934397,66.98937679072635,68.89627075195312,19237000.0,73.90950590492594,74.0586990017761,73.15360736723038,73.56139373779297,17192200.0,181.92407087079692,184.12998622450303,181.67677046944812,182.6857452392578,3745900.0,342.7559961297741,343.51568673613724,321.225033117604,326.8826599121094,33897700.0,,,,,,,729531.5940806878,786417.0945767196,729531.5940806878,754481.375,6496379.0,188.395915731688,189.9200197684153,184.51636308230212,186.08006286621094,2808100.0,593.99674203149,607.0014958482016,591.656646056704,605.5576171875,2075400.0,211.1999969482422,215.19000244140625,211.0,214.72999572753906,422600.0,291.1844755935488,299.7423512320026,291.1844755935488,298.80462646484375,3343300.0
2026-01-09,498.94000244140625,500.2799987792969,496.4100036621094,499.1000061035156,3432100.0,328.7104797363281,331.04742232785975,325.8242366201649,327.06260864018543,17917700.0,337.21263395609,346.6628113007461,332.8018730929831,344.24786376953125,22482500.0,318.9313013901861,323.857422997462,317.3557543970093,322.72064208984375,12325100.0,258.5995368285105,259.7274461787287,255.74485516422806,258.8890075683594,39997000.0,644.8878661181845,654.3897406244424,642.3000548798136,652.5013427734375,11634900.0,1083.154458968468,1100.7846972843408,1059.435020019225,1059.9632568359375,2561900.0,23.034587345116115,23.281641986250552,22.976074324612835,23.249134063720703,6895405.666666667,184.8545293482555,186.1129888751533,183.44624341374129,184.63479614257812,131327500.0,471.9582322108041,477.6927047258898,470.106493184136,477.15509033203125,18491000.0,244.57000732421875,247.86000061035156,242.24000549316406,247.3800048828125,34560000.0,435.95001220703125,449.04998779296875,430.3900146484375,445.010009765625,67331500.0,327.6631156796267,330.21007865256746,326.49908990111055,327.5138854980469,6738100.0,77.68345020905728,78.11837716339748,77.39680203430227,78.0294189453125,1149700.0,111.81669567753553,115.00405607413008,111.81669567753553,114.07772827148438,21902900.0,135719.08723021584,140409.3792153777,134920.73965827338,138712.890625,29520566.0,190.99294612598993,199.48328198944458,188.1229648731703,197.82907104492188,26152700.0,624.9100863426198,643.802043116836,624.9100863426198,641.6373291015625,426319.0,7.277728501070226,7.307153017165108,7.23849550114755,7.267920017242432,223087394.0,151.3300018310547,151.57000732421875,148.52000427246094,150.9600067138672,11437900.0,90.02999877929688,90.05000305175781,88.31999969482422,89.45999908447266,55579500.0,577.1182106612657,580.312733097845,574.3530041583899,574.5526123046875,2221100.0,350.7082565158282,353.23779410971,347.72062373923114,348.3280944824219,4902900.0,1228.542642761132,1277.5209467569025,1216.7240938415912,1269.4293212890625,2394500.0,913.3949821045207,927.2359673082335,908.7680723988286,922.2799682617188,2895400.0,121.58879088076311,123.19707936395015,121.46051744021162,122.95040893554688,16137700.0,220.13783497073422,221.48571322332924,215.46451780375776,216.52708435058594,6714200.0,177.02000427246094,178.72000122070312,174.75,177.49000549316406,31362900.0,203.6499578336023,204.43128023925763,201.77080297238516,202.14663696289062,6154300.0,55.56553756705014,56.00080502271244,55.18962956725523,55.24898147583008,30768800.0,5.931308209945893,5.999372570497347,5.911861316024123,5.960478782653809,192400840.0,9.079999923706055,9.079999923706055,8.979999542236328,9.0600004196167,92617812.0,358.3977007876376,370.21939248630673,356.2384385050535,369.38134765625,7093500.0,316.6487283796335,321.83118162700293,314.73153820872926,321.1222229003906,3508000.0,205.72000122070312,207.3000030517578,203.07000732421875,203.1699981689453,24217300.0,94.79942740894113,95.55141330999658,94.25523314481235,94.93795013427734,10261300.0,139.64944796852805,140.27033601367305,138.79204260178747,139.81698608398438,9528500.0,341.3264465332031,346.36724457311226,339.8380179808238,344.57120987581374,4129100.0,157.56143329518417,159.66146677930763,156.95301699731752,159.08248901367188,12549600.0,243.4676258292784,243.9787449540138,239.45733769272442,242.88771057128906,1737800.0,68.95586167858788,70.17746532214409,68.6479810984765,70.02848815917969,19638600.0,73.05414393008935,73.9294060953617,72.9447361594303,73.48182678222656,19104100.0,183.69474440205795,184.90157162925345,183.0418676868828,184.3080596923828,4630900.0,332.61028389510386,345.6547922186109,326.0530407686874,344.9450988769531,33387500.0,,,,,,,742505.5,754481.3951612903,725539.6485215054,742505.5,4343703.0,188.51466530680062,189.90022947759334,187.12911623736014,187.3468475341797,3038700.0,607.3898419586903,616.5310647081172,605.6273702586875,615.0075073242188,1822000.0,218.1699981689453,222.33999633789062,217.67999267578125,221.52000427246094,456300.0,298.69605573024967,303.0292903343983,298.093959872926,300.2852478027344,2718800.0
2026-01-11,497.913330078125,500.1066589355469,495.5366719563802,498.81334431966144,3950233.3333333335,331.1006774902344,333.01816488967654,325.33154402304217,326.4034668509129,21901766.666666668,339.2284168705079,350.99372515229186,337.75816324947226,349.06443277994794,21460566.666666668,320.44040496046966,329.6943182144176,319.22383177093747,328.13205973307294,12584900.0,258.6527719895808,260.4527521162449,256.1307852996693,259.4745788574219,43508200.0,649.6104893802794,653.7369205896932,641.2209644144768,645.1142985026041,13743100.0,1063.9994999531418,1086.7257274654032,1056.093020303394,1071.5505777994792,2440766.6666666665,23.11260604294737,23.61971664428711,23.11260604294737,23.61971664428711,6785505.0,183.61604346628633,186.63235856154162,183.0134459483292,184.68806966145834,135754833.33333334,473.69052664324704,478.46923346857284,472.4161926696596,475.76129150390625,21843600.0,246.00999959309897,248.5800018310547,244.72000630696616,246.7733357747396,35431866.666666664,439.4700113932292,452.54998779296875,435.4633382161458,447.64333089192706,63543566.666666664,322.7151071374215,326.31003130102016,321.8959756434832,324.39649454752606,10782766.666666666,78.44786194236599,80.3852545690992,78.31936171307376,80.30947367350261,3851766.666666667,115.29623026259674,117.24848689479632,114.57243560309907,116.36200459798177,40089033.33333333,139045.5308028433,141274.2510749146,136051.7275430916,138579.828125,27354278.0,194.93916576628482,203.74839521583527,193.59053327534505,201.92143758138022,25669900.0,636.8487572813316,643.7364654994905,630.1578521173215,639.1446533203125,326079.6666666667,7.25157323264424,7.3594640616988505,7.205801243063631,7.339847405751546,303694563.3333333,155.42333475748697,162.3166707356771,154.4866689046224,161.1933339436849,27398633.333333336,89.80333455403645,90.24333190917969,88.9933344523112,89.42666880289714,42720233.333333336,567.747665394727,571.3747533130344,561.4085633388041,568.389892578125,3064633.3333333335,344.4806887218567,347.8002907175303,339.85982252661233,343.9661560058594,10488500.0,1243.9619198480498,1278.5573003811091,1239.4842513008634,1274.3121337890625,1790566.6666666665,916.3400198354417,937.1945572787223,912.5374058973711,934.3791707356771,3129400.0,122.39786461155663,122.96027288641281,121.10530899470699,122.56888834635417,15589166.666666666,218.45871854929658,219.7606886949761,215.0644125426201,216.50083923339844,6602133.333333333,177.4633331298828,181.24000040690103,175.80999755859375,178.77000427246094,33757300.0,203.41258123295611,206.54118569304723,201.66530438770417,205.66095987955728,9914300.0,54.98518889190284,55.23579674925826,54.49056949828437,54.81371943155924,40830000.0,5.957237551209288,6.051231106332407,5.924826060366595,6.0317840576171875,161819349.33333334,9.033333460489908,9.120000203450521,8.959999720255533,9.09333324432373,109928574.0,365.72013161960376,370.83070463210447,361.45747270383043,369.5785319010417,6271033.333333333,318.7057492874507,323.3223560506781,317.54077961426293,322.83973185221356,3919533.3333333335,202.69332885742188,209.02000427246094,200.89000447591147,206.18333435058594,26263966.666666668,94.15298460374005,94.871986721082,93.35152813204498,94.28490956624348,14059166.666666668,140.03051963310656,141.28871718742442,139.37022206260193,140.86165364583334,11717500.0,339.0309549967448,342.1268714267675,334.1885959884299,340.7145318507602,6140633.333333333,158.961450502601,160.22408798996008,157.45676123311267,159.23295084635416,10714400.0,244.03116560389228,244.8502650443631,241.6590663151119,244.0213368733724,1469400.0,69.92917029176178,70.38271928368154,69.38954577206172,70.02186584472656,20267866.666666668,72.69608775073212,73.74374542764338,72.58667998131476,73.56802876790364,20358500.0,182.9891082490991,185.13237834717094,182.30325617467872,184.47291564941406,5300566.666666667,337.8080869955623,347.43404827702216,334.8026966256783,345.4648742675781,26564233.333333332,,,,,,,749824.0899532711,758473.3474525174,730862.2562828695,745832.125,3667763.0,188.38271563339532,188.89735461940842,185.63800448263038,186.0008799235026,4597933.333333334,610.4966419074077,624.3843028219362,608.7872488770532,623.0732218424479,1845200.0,220.70333353678384,222.97332763671875,220.2933349609375,222.23333231608072,321766.6666666667,298.70263451003444,306.5366479997842,296.75153634851284,305.5232645670573,3503066.6666666665
2026-01-12,497.3999938964844,500.0199890136719,495.1000061035156,498.6700134277344,4209300.0,332.2957763671875,334.00353617058494,325.0851977244808,326.0738959562766,23893800.0,340.2363083277168,353.15918207806476,340.2363083277168,351.47271728515625,20949600.0,321.1949567456115,332.6127658228954,320.15787045790154,330.8377685546875,12714800.0,258.679389570116,260.81540508500296,256.32375036738995,259.7673645019531,45263800.0,651.9718010113269,653.4105105723186,640.6814191818085,641.4207763671875,14797200.0,1054.4220204454787,1079.6962425559345,1054.4220204454787,1077.34423828125,2380200.0,23.61971622983525,23.76600002734752,23.512443801088875,23.65872573852539,8964945.0,182.99680052530172,186.89204340473577,182.79704721562317,184.71470642089844,137968500.0,474.5566738594685,478.85749783991434,473.57104241242143,475.06439208984375,23519900.0,246.72999572753906,248.94000244140625,245.9600067138672,246.47000122070312,35867800.0,441.2300109863281,454.29998779296875,438.0,448.9599914550781,61649600.0,320.2411028663189,324.3600076252465,319.59441851466954,322.8377990722656,12805100.0,78.83006780902033,81.51869327195006,78.7806415524595,81.44950103759766,5202800.0,117.03599755512734,118.37070230512944,115.95030556588084,117.50414276123047,49182100.0,140708.75258915705,141706.68700468302,136617.22148550072,138513.296875,26271134.0,196.91227558643226,205.8809518290306,196.3243174764324,203.96762084960938,25428500.0,642.8180927506875,643.7036766908177,632.7817350046723,637.8983154296875,275960.0,7.238495598431248,7.385619583965722,7.189454114021671,7.3758111000061035,343998148.0,157.47000122070312,167.69000244140625,157.47000122070312,166.30999755859375,35379000.0,89.69000244140625,90.33999633789062,89.33000183105469,89.41000366210938,36290600.0,563.0623927614577,566.905763420629,554.9363429290113,565.3085327148438,3486400.0,341.36690482487097,345.0815390214404,335.92942192030296,341.7851867675781,13281300.0,1251.6715583915086,1279.0754771932125,1250.8643300304996,1276.7535400390625,1488600.0,917.8125387009021,942.1738522639666,914.4220726466423,940.4287719726562,3246400.0,122.80240147695339,122.84186964764413,120.92770477195467,122.37812805175781,15314900.0,217.61916033857776,218.8981764307995,214.86435991205124,216.4877166748047,6546100.0,177.68499755859375,182.5,176.33999633789062,179.41000366210938,34954500.0,203.29389293263304,207.59613841994204,201.6125550953637,207.41812133789062,11794300.0,54.695014554329184,54.85329261253117,54.14103946379894,54.59608840942383,45860600.0,5.970202221840986,6.077160374249937,5.93130843253783,6.067436695098877,146528604.0,9.010000228881836,9.140000343322754,8.949999809265137,9.109999656677246,118583955.0,369.3813470355869,371.1363607050033,364.06698980321886,369.6771240234375,5859800.0,319.7342597413593,324.06794326251566,318.9454003170298,323.698486328125,4125300.0,201.17999267578125,209.8800048828125,199.8000030517578,207.69000244140625,27287300.0,93.82976320113951,94.5322734266247,92.89967562566129,93.95838928222656,15958100.0,140.2210554653958,141.7979077743001,139.65931179300915,141.3839874267578,12812000.0,337.8832092285156,340.00668485359506,331.36388499223295,338.78619283823343,7146400.0,159.6614591063094,160.50539859528632,157.70863335101023,159.3081817626953,9796800.0,244.31293549119923,245.2860250895378,242.75993062630562,244.58815002441406,1335200.0,70.41582459834873,70.48534626445026,69.76032810885432,70.0185546875,20582500.0,72.5170596610535,73.65091509378422,72.407651892257,73.61112976074219,20985700.0,182.63629017261968,185.24778170612967,181.93395041857667,184.5553436279297,5635400.0,340.40698854579153,348.32367630622775,339.1775245541738,345.7247619628906,23152600.0,,,,,,,753483.3849299066,760469.3235981308,733523.5601635515,747495.4375,3329793.0,188.31674079669267,188.39591719031594,184.89244860526549,185.32789611816406,5377550.0,612.0500418817664,628.3109218788456,610.3671881862361,627.1060791015625,1856800.0,221.97000122070312,223.2899932861328,221.60000610351562,222.58999633789062,254500.0,298.70592389992686,308.2903268324771,296.08032458630623,308.14227294921875,3895200.0
2026-01-13,497.6199951171875,498.0,493.3399963378906,495.239990234375,4257600.0,335.9909362792969,340.7547307187532,333.9136641838289,334.842443176996,24616700.0,352.14131670251004,358.73746528807953,350.17543931029473,353.86767578125,18308000.0,331.9346666248943,335.47470976999307,329.8505429494614,330.2793273925781,11473600.0,258.24022168851656,261.3244878277737,257.9108470550362,260.5658874511719,45730800.0,641.720599826752,641.720599826752,623.5660991574318,630.5501708984375,18030400.0,1079.3375293789677,1086.5330837103616,1065.4745359116723,1073.547119140625,2194200.0,23.658724283516502,24.31211863328663,23.648971906943736,24.302366256713867,17016627.0,184.7746378408776,187.88084992986475,183.17658082293008,185.58364868164062,160128900.0,472.57548334410274,473.6706125344443,463.88420753037366,468.5832824707031,28545800.0,246.52999877929688,247.66000366210938,240.25,242.60000610351562,38371800.0,450.20001220703125,451.80999755859375,443.95001220703125,447.20001220703125,53719200.0,322.64875130423195,325.1957141371429,308.9886797025588,309.3169860839844,19371200.0,79.80864992105441,80.08541887258363,79.04753530434905,79.17603302001953,4916500.0,117.42445728858974,120.03411376670338,117.26509307273483,119.88470458984375,31222100.0,139511.23705486918,139910.41083757268,136617.2271302689,137315.78125,22384699.0,204.28651223022646,207.0767700725562,199.96162093774046,201.5859375,15857400.0,636.5208206246197,641.9325757356298,633.2737195133126,636.2255859375,262288.0,7.356194593919907,7.552359596013401,7.356194593919907,7.464085578918457,488319584.0,165.5,170.67999267578125,164.91000366210938,167.00999450683594,18850400.0,89.44000244140625,91.1500015258789,89.06999969482422,90.31999969482422,45221100.0,557.9911271072086,557.9911271072086,532.7844437692388,544.0550537109375,8721600.0,335.6107496370988,336.1285950456492,322.49502833379734,326.5283508300781,20383500.0,1277.8397172825453,1286.9677477092291,1263.6893785598218,1265.7222900390625,1374200.0,935.3830012290383,940.2492871485847,926.9866282177431,939.281982421875,2222100.0,123.33520752115764,125.44670567169717,123.14773559683472,124.85469818115234,21619700.0,215.98597340395472,217.186279296875,212.36538940806486,217.186279296875,4872600.0,178.875,181.10000610351562,176.13999938964844,178.9600067138672,27769400.0,207.6060372129626,212.0368606301377,206.56755896593322,211.3049774169922,11379600.0,54.67522688246424,54.92253657320798,53.71566407481166,53.95308303833008,43542200.0,6.067436574954992,6.154947830979516,6.057713359647007,6.125777721405029,195855789.0,9.130000114440918,9.25,9.130000114440918,9.199999809265137,120998869.0,370.59408569613566,374.84358585664097,365.61498219432934,374.4097595214844,4785800.0,325.07644885733146,327.6127627532348,324.52726106634043,326.7540283203125,2783900.0,215.10000610351562,223.11000061035156,214.97999572753906,220.97000122070312,56894900.0,94.28491412925243,94.74006129854972,92.07843209549932,92.57315826416016,21998600.0,141.91616235122444,142.25123856988353,140.9010687818893,142.15269470214844,15549200.0,331.35394287109375,339.2029260683279,330.28228768342836,338.86555257809704,5605900.0,160.41707711771627,163.02740322900013,160.2502537912715,160.80960083007812,12068600.0,250.52494823194564,251.52750900545468,241.69837594548275,242.8778839111328,2279800.0,69.93910195246318,70.75350189208984,69.79012478284864,70.75350189208984,18324800.0,73.59123591764484,75.09310004322684,73.46193927186656,75.06326293945312,17809900.0,184.94114266976993,185.000492352297,180.1830701689251,180.78648376464844,6594800.0,346.12457232198557,351.0825113246795,335.0792249908501,337.9880065917969,23881300.0,,,,,,,751487.431656504,752485.4229336043,722545.6846205962,736517.5625,3771944.0,186.33737760452033,187.1291264451123,183.6454406073195,187.0697479248047,4018600.0,630.5215932068347,641.863428400031,630.3224270460531,633.8375244140625,1959100.0,230.02000427246094,231.16000366210938,228.52999877929688,229.02999877929688,445600.0,307.56976128902085,308.76410267448443,297.96559858752744,299.2389221191406,4507800.0
2026-01-14,494.1700134277344,497.6199951171875,492.0,493.1499938964844,5033700.0,335.87109375,336.5901553278728,330.7078579636465,334.5478107597875,17839300.0,348.2395074006754,349.95590816787893,333.7199768852006,339.17852783203125,30094700.0,328.9331298593294,328.9331298593294,323.90731338998853,326.19085693359375,11210800.0,259.0087756526009,261.33447181199796,256.23393227813756,259.4779052734375,40019400.0,625.9640568168747,627.9124008742662,614.2940558608916,614.9934692382812,15527900.0,1078.0917515392853,1080.3341425177584,1057.5315129459177,1069.660400390625,1912600.0,24.30236749572719,24.477906562835226,24.204845585103197,24.36087989807129,17580851.0,184.0954557419801,184.23528457453645,180.57973978602013,182.91688537597656,159586100.0,464.3919198839424,466.1242261748137,455.1431293963808,457.34332275390625,28184300.0,241.14999389648438,241.27999877929688,236.22000122070312,236.64999389648438,41410600.0,442.80999755859375,443.9100036621094,434.2200012207031,439.20001220703125,57259500.0,306.6307659579143,310.17263725890126,304.5613395847709,306.30242919921875,25951500.0,79.6603808929793,80.31277133228342,79.22546147483175,80.19415283203125,3944900.0,119.71538055488978,120.76122961900302,118.55995766585049,119.56597137451172,32764000.0,136717.01944493942,140010.203125,136517.43255523877,140010.203125,18444394.0,200.9780623608245,200.9780623608245,190.14589935080318,192.9361572265625,22473200.0,637.898323084928,641.5389703573336,625.2053334779483,627.6652221679688,478234.0,7.434660873869588,7.444469358189623,7.307153383874798,7.336578369140625,389549191.0,171.57000732421875,172.8000030517578,169.84500122070312,169.89999389648438,17475100.0,91.23999786376953,91.58000183105469,87.94999694824219,88.55000305175781,49737700.0,543.5658697933799,547.6488799038871,537.2267880623664,545.8818969726562,3943700.0,327.30514200519735,328.5400205277584,322.6045984264441,327.81304931640625,9388400.0,1262.6928326441027,1268.821369624142,1245.2539755063237,1259.3046875,1536500.0,935.6921176439745,952.923507241607,935.6521911421075,948.3065185546875,2894900.0,125.65390130486156,129.96570264290852,125.43683014660162,128.4659423828125,27593900.0,217.43222987167394,219.7344498790907,213.496804896621,218.307861328125,8426400.0,178.125,181.59800720214844,173.9499969482422,178.39999389648438,33651400.0,212.37313538945378,216.45780964823578,211.7994996150229,216.15121459960938,11858800.0,52.310949721974914,52.90449150297036,51.104077157151345,51.915252685546875,84750000.0,6.116054163553093,6.125777842704153,6.038266584946781,6.067436695098877,144613826.0,9.1899995803833,9.199999809265137,9.0600004196167,9.069999694824219,109802452.0,371.402576962321,374.75484669771674,368.7207551561611,370.6729736328125,4959900.0,324.3475304419613,325.825358159828,315.89981425317103,318.4161682128906,3923600.0,217.5399932861328,224.08999633789062,215.11000061035156,223.60000610351562,40466500.0,89.79280282669708,89.8422784649034,87.1311735283552,88.30862426757812,33803900.0,142.58633104163619,144.77420666364677,142.2808194522708,144.232177734375,13475000.0,332.3760070800781,337.4862723400109,331.5226559199649,332.782847847861,5740900.0,161.0353112350967,166.20687911722618,161.0353112350967,164.11666870117188,16414900.0,241.05949292377505,241.7278667856128,232.63591853058765,234.79833984375,2206400.0,70.68398038672039,71.22029365219691,70.32643820973604,70.95214080810547,16739100.0,74.5261662976572,74.70519649414089,73.42214801738706,74.00897216796875,17801300.0,180.22264349131854,180.3809193712638,176.9978365870132,178.82786560058594,8434000.0,334.69938651336355,338.9576073671734,328.0621907202587,333.21002197265625,20277200.0,,,,,,,731527.6405828841,748493.4930929919,726537.6839622641,740509.5625,4885051.0,190.0585747821285,190.87012148490155,188.7719999237464,190.6919708251953,3854650.0,631.4177408326162,637.0239308670776,620.4344291949926,636.048095703125,2105700.0,227.47999572753906,228.3800048828125,226.8800048828125,227.3000030517578,293800.0,299.57454597165105,305.1909542021679,297.60041387299106,305.03302001953125,3779000.0
2026-01-15,492.95001220703125,495.6300048828125,490.75,492.6199951171875,4165200.0,332.7252197265625,337.68873494454425,330.85766500986597,337.61382063072415,16424900.0,348.38917780130276,348.9480031099011,340.9547912530556,342.30194091796875,22218800.0,341.8467491317976,350.34279816101105,336.97050517641344,340.6800537109375,42188500.0,260.16664839115424,260.55593980217856,256.57331808587395,257.7311706542969,39388600.0,617.9508982377323,623.6360331340583,613.7045339245012,620.2689208984375,13076100.0,1058.9665794701723,1064.0393315002927,1009.145589896656,1029.4765625,4183400.0,24.312119923445678,24.32187230053597,23.99029891976908,24.185340881347656,8755240.0,186.27281050248445,189.46890929684608,186.103019420931,186.8221435546875,206188600.0,462.062293141988,462.19172164087615,453.8787357567712,454.6353759765625,23225800.0,239.30999755859375,240.64999389648438,236.6300048828125,238.17999267578125,43003600.0,441.1300048828125,445.3599853515625,437.6499938964844,438.57000732421875,49465800.0,306.8993776774091,311.3466191836246,306.18304245620016,307.68536376953125,14751400.0,78.96845598388322,79.5813069036154,78.30618634665882,79.25511169433594,2217200.0,119.50620474356865,120.39268954357787,118.26114096835724,118.72927856445312,34559400.0,138712.88687890896,143702.5590687978,138014.33277232453,143602.765625,24701126.0,194.3312687380796,194.3312687380796,188.73083382608039,189.18923950195312,16418600.0,635.4384306354348,636.9143638407149,612.709083296471,615.6609497070312,570522.0,7.29734506322838,7.307153079445519,7.189454078674316,7.189454078674316,363799500.0,169.64500427246094,173.3000030517578,167.33999633789062,170.92999267578125,12607000.0,89.0199966430664,89.88999938964844,87.81999969482422,88.05000305175781,36945100.0,547.5790414371068,548.9366937536321,538.0753533605271,541.7191162109375,4005600.0,327.97233789178887,330.3226246971901,325.0245488739532,326.39886474609375,8587700.0,1348.910667414011,1353.2554198495534,1325.353246244408,1326.9476318359375,2858400.0,951.8564937641298,955.5860306822914,947.3292789105369,954.060302734375,2185900.0,127.41021728515625,128.4659589129329,126.59126963826562,127.41021728515625,17400000.0,218.927693920746,219.42945519681146,212.34569329743175,213.25083923339844,6954200.0,178.7100067138672,180.60000610351562,176.52999877929688,177.07000732421875,31109200.0,215.83471521828713,217.33803600690493,213.5401872590057,217.16001892089844,8492100.0,52.152669021423264,52.46922512507848,51.6679403650251,52.02406692504883,51018300.0,6.067436487469992,6.203565209023228,6.067436487469992,6.164671421051025,198931699.0,9.039999961853027,9.100000381469727,9.010000228881836,9.029999732971191,85097634.0,370.7419510708123,374.8435624723702,369.20385055638,373.837890625,2990100.0,320.12365777342126,323.9780587628719,317.48751383228665,319.474609375,4044900.0,227.89999389648438,238.35000610351562,227.22000122070312,227.9199981689453,55270200.0,88.39767192570537,88.96166702876054,87.42801282157967,88.02168273925781,21738600.0,143.57184164517412,144.23215923566787,142.26110145335866,142.53704833984375,10102800.0,336.34515380859375,336.83139439550655,325.5292456895034,332.6141801527573,6943500.0,162.67413835834304,164.20500191715828,162.01665285417604,163.05685424804688,8097400.0,233.81542377491263,235.74192547012683,231.38762669113603,231.81027221679688,2080200.0,71.1011082117878,71.11104204342422,69.88944595741485,69.99869537353516,15464100.0,74.81460717237212,75.64013575433144,74.5062803285246,74.84444427490234,18213000.0,179.04548089523445,190.084973837085,179.04548089523445,189.16500854492188,12957100.0,345.18497586053485,347.62395369792637,336.1287827693935,336.4886474609375,25370200.0,,,,,,,730529.5864485982,748493.4287383178,725539.6302570094,747495.4375,3003414.0,188.63344408898757,188.7522011273092,184.89244636832808,186.04046630859375,4573200.0,642.211867870051,649.6004638111567,641.3156506127934,644.4423828125,2052800.0,234.5,235.63999938964844,232.1300048828125,232.3300018310547,395200.0,305.00341188455536,307.84616695090483,293.19811026672704,294.0963439941406,4932500.0
2026-01-16,491.6700134277344,495.1600036621094,490.8999938964844,493.2900085449219,4807400.0,329.9089050292969,334.8025044691476,327.74175393116076,334.49790980660475,21868600.0,345.5451400301808,353.7679118987322,343.3297859509546,350.9737548828125,31291200.0,345.53636401500876,348.8669754198533,340.50053556544725,341.4378967285156,18246100.0,257.4217218192236,258.41986733264514,254.4572284259222,255.05612182617188,72142800.0,623.6460522405506,628.5418850412981,619.5495838845379,619.7194213867188,17012500.0,1020.9655793820677,1046.3891963254314,1014.5572711831193,1034.8883056640625,3829000.0,24.269860225951536,24.341376417761058,24.042310340765752,24.2438538869222,7771171.0,188.84966224271636,190.20800608356458,185.85331687968656,186.0031280517578,187967200.0,455.8001683410004,461.1364202404358,454.45617795729186,457.8211669921875,34246700.0,239.08999633789062,239.57000732421875,236.41000366210938,239.1199951171875,45888300.0,439.5,447.25,435.260009765625,437.5,60220600.0,308.76979706409315,315.5948534301565,308.42157308655703,310.8789978027344,14652500.0,78.09861069927811,78.13815019864425,77.09037231891236,77.6933364868164,2087600.0,118.2013712294854,120.12374997782183,116.43836428998766,119.22730255126953,415144600.0,144999.87353089324,149191.1981615178,144001.93909503022,148592.4375,30000219.0,189.24904092827342,191.20221082953415,185.88079981369137,190.4249267578125,19224700.0,613.5946437974237,616.0545326196647,592.636403043107,599.4257202148438,574531.0,7.189454415526554,7.21887940094515,7.061946924869765,7.071755409240723,372323797.0,169.77999877929688,169.85000610351562,163.4949951171875,165.39999389648438,18598300.0,88.33999633789062,88.51000213623047,87.77999877929688,88.0,48130500.0,539.3131664415682,543.0967033967784,537.7558451803242,538.564453125,3496200.0,325.4328712721598,327.8926900869644,324.058555362187,326.94659423828125,8341600.0,1350.9733711448657,1370.564716947318,1333.5644371585122,1353.8233642578125,2469100.0,959.2956026893195,962.2672057660054,948.3265261512919,960.9010620117188,3862900.0,127.19313614676857,128.4264882192749,127.15366044933069,128.1600799560547,16592400.0,213.83599219737053,215.56168117286487,212.12023062857358,212.58636474609375,8649700.0,179.36000061035156,182.42999267578125,170.00999450683594,170.9600067138672,59483600.0,216.63582865534352,217.6940916687404,215.74571301652978,216.260009765625,10021500.0,52.1229892171616,52.805566380771594,51.687725518674945,52.39997863769531,52178400.0,6.1646713924213135,6.2230120741086745,6.145224498525526,6.174394607543945,212418447.0,9.050000190734863,9.0600004196167,8.9399995803833,8.949999809265137,121943341.0,373.92664061577483,377.39722114810644,372.2110738312156,374.833740234375,3709000.0,321.25201606245537,325.0764314023907,318.2364200303548,324.6470642089844,4109700.0,234.3000030517578,234.49000549316406,228.86000061035156,231.8300018310547,42545600.0,88.02167620222444,88.74397970685388,87.1509608908894,87.44779205322266,26981600.0,141.6796303517559,142.63559459522585,141.58108648377637,142.43849182128906,11729300.0,328.4664001464844,333.6064630655481,327.8809552197778,332.2767735847801,8039100.0,163.47880706871345,164.16573106514758,162.71337533356967,163.15496826171875,9745800.0,230.80771857664595,230.98463577944722,227.9474371468196,229.59872436523438,1883300.0,69.80999194766135,70.25691587601656,69.56169919250988,69.95896911621094,20027500.0,75.23233884791566,75.58045101097493,74.1979430003424,74.7847671508789,25743300.0,188.50225377477707,190.59935632883483,186.9591016996011,187.04812622070312,8398100.0,352.95174475741555,365.65639947952997,351.8921922757467,362.5976867675781,47901900.0,,,,,,,749491.4188161376,761467.3136574074,745499.4538690477,754481.375,3712326.0,186.9905671401397,187.40623187388636,185.09037902814654,186.83221435546875,27525250.0,649.2120929802034,652.9064213052842,638.2984934296871,644.1536254882812,2554900.0,231.6699981689453,232.0800018310547,230.7100067138672,231.4199981689453,235900.0,297.10684995649547,303.4734373618509,296.88969424330713,301.7164611816406,6199600.0
2026-01-18,491.23500061035156,493.06500244140625,486.80999755859375,489.3400115966797,5164450.0,325.82423400878906,331.2321605451125,324.10649266382154,327.6593300235638,24519250.0,344.46242263981566,349.2224418453201,337.2176101931665,341.4387664794922,31792550.0,342.6843964243362,345.02778410335895,333.24098952641646,333.8393096923828,20528000.0,254.84152314731534,256.36868461793404,248.7129100622333,250.6493148803711,76205150.0,615.5030280079611,619.7094486021037,609.5181617998408,611.6613159179688,16091050.0,1022.8192784750477,1044.35113326265,1013.5407355210307,1036.3284301757812,3156950.0,24.185340830963252,24.380384652211234,24.146333182759093,24.36087989807129,5803033.0,185.26402802248697,186.18291304882013,181.62347184509736,181.9281005859375,205656250.0,452.5098468985468,457.9555967493141,450.8721509689654,455.16302490234375,30188350.0,236.42499542236328,237.3300018310547,232.875,235.05999755859375,46813100.0,434.42999267578125,438.99000549316406,426.3500061035156,428.375,61703950.0,306.7103388265213,312.5802918746504,304.37229811729253,306.0387725830078,13776550.0,77.05577876153562,77.26829885113047,76.1167326335464,76.43798446655273,3071200.0,119.3069906885537,120.6317403657606,116.79196411395662,118.73426055908203,230239300.00000003,146263.9225678999,149923.01547056175,145532.103986689,148858.55208333334,25175071.0,187.8937674611654,188.87035241179575,182.3082720160973,184.85935974121094,24177100.0,588.2742105964581,592.5052274350023,578.0082785273783,582.1080932617188,570209.0,7.084833013890516,7.133874343933845,6.990019848244302,6.999828020731608,337434704.3333333,165.80500030517578,168.01250457763672,162.58749389648438,163.8949966430664,14241650.0,88.65499877929688,89.20500183105469,87.39999771118164,87.63000106811523,78930100.0,534.5014331724198,539.2932167318686,532.6795823617125,534.6961059570312,3797450.0,323.1672558005004,327.4296105851098,322.14647217336733,325.7117156982422,8310750.0,1332.7422957681044,1358.5518301964466,1320.1465037898602,1337.630126953125,2719950.0,957.4906916049342,964.7203102102249,949.8871271946618,961.2251586914062,3536400.0,128.4758217845938,129.30463830484166,127.7456794216609,128.44129180908203,16534850.0,211.89707459527034,213.9202906596746,210.1763569000031,212.43263244628906,8450550.0,173.49250030517578,177.1999969482422,168.125,169.74500274658203,48096050.0,215.67153403015897,217.01166500140482,213.9456918053022,216.03748321533203,12039300.0,51.939981968930766,52.85502899042152,51.54428683033266,51.96965980529785,50675550.0,6.145224362971511,6.229494236820971,6.11281287302478,6.167912483215332,183732150.33333334,8.983333269755045,9.020000139872232,8.91333293914795,8.94333299001058,104657474.33333333,370.4708284788994,374.7203284921798,369.14964107248227,372.3392333984375,4531350.0,321.26700676231627,324.2426677708297,313.72300334961034,318.26637268066406,7240950.0,230.19000244140625,236.99500274658203,227.13500213623047,231.875,43436650.0,87.18064362150028,88.22451611172784,86.26045267116812,86.59686660766602,23167550.0,142.02457518543665,143.75417577661682,141.8077576140024,143.65562438964844,12315350.0,332.142822265625,335.43723319248187,325.9311191968282,328.575553919041,7817800.0,163.53769188797213,164.34237000709302,162.38953679580328,162.6839370727539,10444150.0,225.87348935671065,227.8098223441111,224.44334864179746,226.32070922851562,2240950.0,69.66598006896214,70.77336359394678,69.43755119373861,70.60949325561523,21089850.0,74.67535637595276,75.02347233682798,73.5066897643304,73.86972427368164,24871500.0,185.875927029519,187.64164797234753,183.1407851705494,183.59087371826172,9850350.0,358.7393062616132,373.5280922046932,356.5452358460646,363.7222137451172,48823400.0,,,,,,,752152.7337916794,768785.9211973208,747495.4413202235,759804.0,3498780.6666666665,182.7052409254573,183.8829652190242,180.79515387945037,182.42813110351562,16546950.0,644.9960691924628,647.8912259183255,631.1153050128117,635.9791870117188,2606950.0,227.08499908447266,227.3499984741211,225.4000015258789,225.94499969482422,307000.0,297.27960293559784,300.58627989275135,291.6483894037548,294.6490783691406,6737550.0
2026-01-19,491.01749420166016,492.0175018310547,484.76499938964844,487.3650131225586,5342975.0,323.78189849853516,329.446988583095,322.2888620301519,324.2400401320434,25844575.0,343.9210639446331,346.94970681861406,334.1615223142724,336.67127227783203,32043225.0,341.25841262899996,343.1081884451118,329.61121650690103,330.0400161743164,21668950.0,253.5514238113612,255.34309326057848,245.84075088038884,248.4459114074707,78236325.0,611.4315158916663,615.2932303825065,604.5024507574923,607.6322631835938,15630325.0,1023.7461280215376,1043.3321017312594,1013.0324676899863,1037.0484924316406,2820925.0,24.331623696216734,24.341374212838,24.058562728929687,24.273109436035156,7923446.0,183.47121091237227,184.1703665314479,179.50854932780277,179.89058685302734,214500775.0,450.86468617732,456.3651850037533,449.08013747480214,453.8339538574219,28159175.0,235.0924949645996,236.20999908447266,231.1074981689453,233.02999877929688,47275500.0,431.8949890136719,434.8600082397461,421.89500427246094,423.8125,62445625.0,305.68060970773536,311.0730110968974,302.3476606326603,303.61865997314453,13338575.0,76.53436279266438,76.83337317737357,75.62991279086344,75.8103084564209,3563000.0,119.85980041808783,120.88573555973001,116.9687640259411,118.48773956298828,137786650.0,146895.9470864032,150288.92412508372,146297.1864325184,148991.609375,22762497.0,187.21613072761136,187.70442320292653,180.5220081173003,182.07657623291016,26653300.0,575.6139939959753,580.7305748426712,570.694216269514,573.4492797851562,568048.0,7.032522313072497,7.091371815428192,6.95405630993157,6.963864326477051,319990158.0,163.81750106811523,167.09375381469727,162.1337432861328,163.14249801635742,12063325.0,88.8125,89.5525016784668,87.20999717712402,87.44500160217285,94329900.0,532.0955665378456,537.3914733994136,530.1414509524067,532.7619323730469,3948075.0,322.03444806467076,327.19807083418243,321.1904305789575,325.09427642822266,8295325.0,1323.626758079724,1352.5453868210109,1313.4375371055344,1329.5335083007812,2845375.0,956.5882360627417,965.9468624323347,950.6674277163469,961.38720703125,3373150.0,129.1171646035064,129.74371334762503,128.041688907826,128.5818977355957,16506075.0,210.92761579422023,213.0995954030795,209.20442003571787,212.35576629638672,8350975.0,170.5587501525879,174.58499908447266,167.18250274658203,169.13750076293945,42402275.0,215.1893867175667,216.67045166773704,213.04568119968843,215.92621994018555,13048200.0,51.84847834481534,52.879760295246484,51.472567486161516,51.75450038909912,49924125.0,6.13550084824661,6.232735318177118,6.096607060274407,6.164671421051025,169389002.0,8.949999809265137,9.0,8.899999618530273,8.9399995803833,96014541.0,368.7429224104617,373.3818821642165,367.61892469311556,371.09197998046875,4942525.0,321.27450211224675,323.8257859550492,311.46629500923814,315.0760269165039,8806575.0,228.13500213623047,238.24750137329102,226.27250289916992,231.89749908447266,43882175.0,86.7601273311382,87.9647843141648,85.81519856130748,86.1714038848877,21260525.0,142.19704760227702,144.31346636731232,141.92109317911542,144.26419067382812,12608375.0,333.9810333251953,336.35261825594876,324.95620118535345,326.72494408617143,7707150.0,163.56713429760146,164.43068947806577,162.22761752692008,162.44842147827148,10793325.0,223.40637474674298,226.22241562644302,222.6913043892864,224.68170166015625,2419775.0,69.59397412961255,71.03158745291191,69.37547719435298,70.93475532531738,21621025.0,74.39686513997133,74.74498299975451,73.1610631463244,73.41220283508301,24435600.0,184.56276365688996,186.1627937941039,181.2316269060236,181.86224746704102,10576475.0,361.633087013712,377.46393856727485,358.87175763122355,364.2844772338867,49284150.0,,,,,,,753483.3912794503,772445.2249672775,748493.4350458115,762465.3125,3392008.0,180.5625778181161,182.12133189159312,178.64754130510227,180.22608947753906,11057800.0,642.8880572985926,645.3836282248462,627.5237108043741,631.8919677734375,2632975.0,224.79249954223633,224.9849967956543,222.74499893188477,223.20750045776367,342550.0,297.3659794251491,299.1427011582016,289.02773698397857,291.1153869628906,7006525.0
2026-01-20,490.79998779296875,490.9700012207031,482.7200012207031,485.3900146484375,5521500.0,321.73956298828125,327.66181662107743,320.4712313964823,320.82075024052295,27169900.0,343.3797052494505,344.676971791908,331.10543443537836,331.9037780761719,32293900.0,339.8324288336637,341.18859278686466,325.9814434873856,326.24072265625,22809900.0,252.26132447540706,254.31750190322293,242.9685916985444,246.2425079345703,80267500.0,607.3600037753715,610.8770121629093,599.4867397151437,603.6032104492188,15169600.0,1024.6729775680276,1042.3130701998687,1012.524199858942,1037.7685546875,2484900.0,24.185340625598617,24.38038444519043,24.185340625598617,24.38038444519043,9055711.0,181.67839380225757,182.1578200140757,177.39362681050815,177.8530731201172,223345300.0,449.2195254560932,454.77477325819245,447.2881239806389,452.5048828125,26130000.0,233.75999450683594,235.08999633789062,229.33999633789062,231.0,47737900.0,429.3599853515625,430.7300109863281,417.44000244140625,419.25,63187300.0,304.65088058894946,309.56573031914434,300.323023148028,301.19854736328125,12900600.0,76.01294682379313,76.39844750361668,75.14309294818047,75.18263244628906,4054800.0,120.41261014762198,121.1397307536994,117.14556393792557,118.24121856689453,45334000.0,148193.26171875,148991.60925662878,143602.76337594696,144900.078125,24059218.0,186.53849399405735,186.53849399405735,178.73574421850324,179.29379272460938,29129500.0,566.9551501433708,567.939105606981,555.1476845800485,560.8546142578125,775476.0,6.954056199641614,7.052138702012203,6.924631215083306,7.032522201538086,378482159.0,161.8300018310547,166.1750030517578,161.67999267578125,162.38999938964844,9885000.0,88.97000122070312,89.9000015258789,87.0199966430664,87.26000213623047,109729700.0,529.6896999032713,535.4897300669587,527.6033195431008,530.8277587890625,4098700.0,320.90164032884104,326.9665310832551,320.23438898454765,324.4768371582031,8279900.0,1314.5112203913432,1346.5389434455751,1306.7285704212084,1321.4368896484375,2970800.0,955.6857805205491,967.1734146544444,951.4477282380319,961.5492553710938,3209900.0,129.75850742241903,130.18278839040843,128.3376983939911,128.72250366210938,16477300.0,209.95815699317012,212.27890014648438,208.23248317143262,212.27890014648438,8251400.0,167.625,171.97000122070312,166.24000549316406,168.52999877929688,36708500.0,214.70723940497442,216.32923833406923,212.14567059407463,215.81495666503906,14057100.0,51.75697472069992,52.90449160007145,51.40084814199037,51.53934097290039,49172700.0,6.1743946962482905,6.203565269336312,6.1063307984604585,6.135500907897949,163881380.0,8.9399995803833,9.069999694824219,8.90999984741211,9.020000457763672,91773725.0,367.015016342024,372.0434358362532,366.0882083137489,369.8447265625,5353700.0,321.2819974621772,323.40890413926866,309.2095866688659,311.88568115234375,10372200.0,226.0800018310547,239.5,225.41000366210938,231.9199981689453,44327700.0,86.3396110407761,87.70505251660178,85.36994445144686,85.74594116210938,19353500.0,142.3695200191174,144.8727569580078,142.03442874422842,144.8727569580078,12901400.0,335.8192443847656,337.26800331941564,323.9812831738787,324.87433425330187,7596500.0,163.5965767072308,164.5190089490385,162.0656982580369,162.21290588378906,11142500.0,220.93926013677532,224.63500890877498,220.93926013677532,223.04269409179688,2598600.0,69.52196819026295,71.28981131187702,69.31340319496735,71.26001739501953,22152200.0,74.11837390398988,74.46649366268103,72.81543652831839,72.95468139648438,23999700.0,183.2496002842609,184.68393961586025,179.32246864149775,180.1336212158203,11302600.0,364.5268677658108,381.3997849298565,361.1982794163825,364.84674072265625,49744900.0,,,,,,,762465.3162853298,762465.3162853298,735519.5524899059,741507.5,2762369.0,178.4199147107749,180.35969856416202,176.4999287307542,178.0240478515625,5568650.0,640.7800454047223,642.8760305313668,623.9321165959363,627.8047485351562,2659000.0,222.5,222.6199951171875,220.08999633789062,220.47000122070312,378100.0,297.45235591470026,297.6991224236518,286.40708456420236,287.5816955566406,7275500.0
2026-01-21,484.0,488.0,481.57000732421875,483.8299865722656,5730200.0,327.95147705078125,332.290808151728,319.12301669075015,320.67598013932434,22791700.0,334.8076698840445,335.09704088588245,323.521348108929,328.1116943359375,32006600.0,332.49310129241417,332.7025331328663,324.76487770239703,325.2036437988281,16789800.0,248.23880604127606,251.09350304772093,244.72532928784554,247.1907501220703,54641700.0,606.2209580964126,617.7411240978843,599.5666821865381,612.4356689453125,14494700.0,1040.32985978363,1077.6731145445165,1038.4961163594983,1074.8726806640625,3685900.0,24.38038444519043,24.438896847037686,24.31211966635601,24.38038444519043,8250190.0,178.8318922054109,185.15418310637224,178.18267486272933,183.09669494628906,200381000.0,450.5934019351739,450.6829992738946,436.7351029497524,442.1410217285156,37980500.0,231.08999633789062,232.3000030517578,226.8800048828125,231.30999755859375,47276100.0,421.6600036621094,438.20001220703125,419.6199951171875,431.44000244140625,68124000.0,301.88504309324475,303.8450138204667,299.61665319654776,300.50213623046875,10270100.0,76.24029343331702,76.54672267407561,75.647216013954,76.052490234375,3118500.0,117.61370491177271,120.01418389072646,117.08579909313113,118.8886489868164,34811700.0,141606.90116011706,149490.58346571904,141507.1077132107,149191.203125,31703610.0,179.0546273363009,179.97143871298334,170.00624310773912,173.2748260498047,38190000.0,567.6439720874009,577.6802704983453,565.9712356669502,575.810791015625,401160.0,7.042330077260123,7.081563077424695,6.797123592384425,6.8265485763549805,553761621.0,167.5749969482422,169.86500549316406,165.66000366210938,168.6699981689453,11713700.0,82.5199966430664,86.0,81.93000030517578,85.36000061035156,127940700.0,532.6047214572143,536.4780698681674,523.8697328117177,526.6649169921875,4937700.0,325.0843095294372,327.3150959639532,321.668456741042,323.9390563964844,8974600.0,1327.3461890598667,1366.2099288296376,1318.048830491334,1355.3380126953125,2387200.0,956.9023036795116,986.8578927925446,956.9023036795116,980.096923828125,4073700.0,130.15319515904696,131.94894814141026,130.15319515904696,131.83055114746094,18879900.0,210.72182214158173,216.20632071794174,209.82923329283176,214.3715362548828,10727100.0,168.40199279785156,169.49000549316406,161.11000061035156,165.3300018310547,47851200.0,208.68408811532706,216.2797860692503,208.18957605818176,215.6171417236328,14762900.0,51.66794068096929,52.291162164821735,51.48987739986859,51.50966262817383,36340000.0,6.145224812499798,6.1841186022785495,6.038266658782959,6.038266658782959,160928534.0,9.029999732971191,9.0600004196167,8.850000381469727,8.859999656677246,126118624.0,370.5250539043045,380.5030293317551,369.42077965031734,379.2409973144531,5169800.0,312.6046231857193,319.8640373360623,310.2081202996611,318.0367126464844,9783900.0,235.99000549316406,252.89999389648438,235.77999877929688,249.8000030517578,62385600.0,85.58762858102924,86.63644566012425,85.12258476703883,85.21163940429688,17606700.0,144.93189437029253,145.23740595850845,142.8721423404669,143.9463653564453,14126800.0,345.0673522949219,345.3947932518869,336.0772462723701,336.8115280003352,8933300.0,163.88115743129953,165.3335131967036,162.9587101972522,163.61619567871094,10918500.0,219.71061829138281,222.59056218445602,217.9217238066842,221.25379943847656,3153900.0,71.48844796633642,71.74666695642603,70.34629986394845,71.51824188232422,21660600.0,73.55144759011552,73.95924156049931,72.61651882738614,73.29285430908203,18210200.0,180.49961147166198,184.406954649731,180.05447378449276,181.34043884277344,11715800.0,372.69344271558526,394.0344837413667,366.5760174445932,388.94659423828125,56712800.0,,,,,,,727535.6581925675,754481.4233108108,726537.6668918919,738513.5625,5108442.0,177.5094151841185,179.70651106421462,176.24262306783734,179.211669921875,4558000.0,632.4659153407424,645.9702355620277,626.128005656419,644.1536865234375,2490700.0,224.5399932861328,228.4600067138672,224.5399932861328,227.74000549316406,282500.0,288.9734757248979,293.81997380090775,288.7267092044669,293.691650390625,5185000.0
2026-01-22,483.260009765625,485.8800048828125,481.7200012207031,484.489990234375,4054200.0,330.4082336425781,334.7725256981915,328.4508000741002,333.8287821334127,19902100.0,334.6479996271889,336.28455068973165,324.20990464329054,324.8086242675781,24275400.0,332.48315293915306,334.1085473196274,325.98145368994255,326.45013427734375,12801000.0,248.737864640942,250.53452965267718,247.68980878155546,247.8894500732422,39708300.0,628.811597152667,660.0049216653568,626.0140046136898,647.0759887695312,21394700.0,1074.8726146071951,1091.775219312159,1068.1155144278098,1083.70263671875,2478200.0,24.38038562448552,24.614437103271484,24.312120842349092,24.614437103271484,11000636.0,184.52493568425237,185.94320399708803,183.70592730123704,184.6148223876953,139636600.0,445.6354487179439,450.8323067932568,442.7284117030413,449.1398620605469,25349400.0,234.0500030517578,235.72000122070312,230.89999389648438,234.33999633789062,31913300.0,435.1600036621094,449.5,432.6300048828125,449.3599853515625,71546700.0,303.3077326815458,306.6307531542374,301.35772089620315,302.0840148925781,10535800.0,76.01294670460832,76.35890788578084,75.39020903710966,75.42974853515625,3922800.0,118.81892625508576,119.04801373249136,117.185403201674,117.36469268798828,24547300.0,154679.8449811228,156675.71394862115,150488.52014937624,151985.421875,32073624.0,178.7457056604346,179.53296461501938,175.88569943626916,177.55984497070312,21141900.0,587.3230926572396,588.4054197414351,580.5337753301784,586.142333984375,424103.0,6.767699249200979,6.797123766229852,6.659808262141826,6.67942476272583,476506613.0,176.42999267578125,181.10000610351562,174.77000427246094,177.17999267578125,32031100.0,85.0199966430664,85.0999984741211,82.9800033569336,83.54000091552734,69113300.0,529.0109029614936,532.2753127605511,522.9113993153751,531.9458618164062,5114900.0,325.1141812371603,327.0362480346291,322.6643309378835,325.01458740234375,6938700.0,1388.7808396403186,1393.912870713139,1368.4820139475407,1390.1260986328125,1844200.0,975.1409165053886,981.2337251303946,968.8286947074147,973.4257202148438,2074400.0,131.2780145581945,132.39295473790614,130.09399942683189,131.8601531982422,16600100.0,214.50046966055663,217.24768262873746,212.99297182363628,216.31541442871094,5650900.0,168.9250030517578,169.0,164.9499969482422,165.89999389648438,28499500.0,216.3687986995512,219.731474480514,215.7061543876507,216.0918731689453,13160000.0,51.905359569095864,52.5582570076032,51.76686674481346,51.88557434082031,31229200.0,6.0577136446815825,6.067436860447075,5.989649279720917,5.999372959136963,148826987.0,8.869999885559082,8.890000343322754,8.670000076293945,8.6899995803833,138525875.0,381.02557559931734,385.11731777345005,375.18865891512337,375.681640625,4828100.0,305.42507593173343,309.5490733001192,294.41112141356314,294.5708923339844,13939000.0,251.75,256.0799865722656,246.6300048828125,253.72999572753906,37945000.0,85.51836272141776,88.06125483434015,85.51836272141776,87.11138153076172,19668900.0,145.93712595877486,148.72617463905098,145.36551737403482,147.76034545898438,18501900.0,351.7355041503906,352.21181217559,344.0948923460704,344.5017331063574,7491400.0,163.15496193203217,164.43068643238604,162.63486128535106,163.54750061035156,8957400.0,217.35162837696373,222.75765166496944,217.1157237796375,222.48243713378906,3399000.0,71.33947604638877,71.54804105090786,70.95213995552565,71.37920379638672,13962800.0,73.71058967369763,74.3769769319155,73.48182590461278,73.92940521240234,12879800.0,182.53736308491216,184.0310520101486,180.2918713121512,181.07334899902344,8966900.0,396.4734477148891,397.61295311527766,376.7617278072447,397.41302490234375,39607600.0,,,,,,,764461.3418874172,771447.2810430464,749491.4722682119,753483.4375,3545309.0,179.0335075197943,181.68586372153948,178.47928789292726,181.48793029785156,3072600.0,647.8765384804376,654.533907925249,639.6821782128686,647.1778564453125,1565700.0,226.9600067138672,228.08999633789062,226.72999572753906,227.0399932861328,232300.0,295.54732836080484,297.03777760476703,289.7334948984941,290.8587646484375,3670200.0
2026-01-23,482.260009765625,483.4200134277344,478.44000244140625,478.9700012207031,5436600.0,328.00140380859375,333.59410211341356,327.54201262517483,332.2208964370305,19110600.0,318.63160535606505,321.3159768846752,313.4524670130363,319.3800354003906,30259500.0,331.13692650090593,336.20263886005773,330.4388812525041,333.9290466308594,12904400.0,246.86136630134166,248.94748685874615,244.22624741136653,247.58001708984375,41689000.0,644.2184496993522,665.9198400091174,643.8987161260534,658.1964721679688,22797700.0,1080.064994815659,1080.6529654745325,1059.4250713515887,1060.6907958984375,2592900.0,24.484408211123483,24.757468575556384,24.419394222167238,24.64044253031413,10575009.333333334,187.27158465782284,189.3690325020707,186.59242035942677,187.44137573242188,142748100.0,449.8665935761158,469.01134678020316,448.5325382185013,463.8841857910156,38000200.0,234.9600067138672,240.4499969482422,234.57000732421875,239.16000366210938,33778500.0,447.42999267578125,452.42999267578125,444.0400085449219,449.05999755859375,56771400.0,300.4623078902987,300.8304191049288,295.000271015744,296.2041015625,11107900.0,75.26171056881931,75.95363292421695,74.84655715558073,75.83502197265625,2355400.0,117.70334822747184,118.14161311182713,116.6774168838822,117.26509094238281,20806900.0,154380.45766559828,155677.77243589744,149789.9592476167,151785.828125,25407497.0,172.0192038769268,179.024735260759,171.40136660730013,176.5434112548828,23011300.0,583.0920144919245,586.9294650249167,576.7947352259388,581.9113159179688,307456.0,6.669616914553478,6.728466417790245,6.600958926930111,6.620575428009033,395974110.0,175.43499755859375,175.61000061035156,171.94000244140625,173.22999572753906,13064100.0,83.43000030517578,86.30000305175781,83.27999877929688,86.12000274658203,64520400.0,530.4983230650987,531.2271121604529,519.2676227845468,523.8397827148438,5002900.0,324.51663904313784,326.4486438928325,323.28176062481486,324.8353271484375,5667900.0,1371.5113603986247,1388.491864981784,1358.507027467922,1384.18701171875,1556300.0,968.7090431239021,982.0813175006098,968.2802592644157,980.48583984375,1680600.0,133.29083656970107,134.16898274194648,132.68896008834847,133.1724395751953,17758200.0,215.47240365154946,218.01135297073898,214.10376842729895,217.45594787597656,5816400.0,167.27000427246094,172.0,166.3000030517578,169.60000610351562,30285700.0,217.38749032599776,218.78201786558222,215.44899653785455,217.7237548828125,6950600.0,51.549231768236695,51.638263406513204,50.82708793494777,51.163429260253906,34553500.0,6.047989528875801,6.06743642265416,5.979925632476807,5.979925632476807,118994555.0,8.699999809265137,8.720000267028809,8.619999885559082,8.649999618530273,84651898.0,376.14505253322466,378.97476279305323,373.8871878296043,378.3831787109375,3138300.0,296.5679874162109,298.67490360877173,289.64807502339767,293.4425354003906,7780200.0,261.17999267578125,266.9599914550781,256.25,259.67999267578125,47525900.0,86.57707552916423,86.7848596045636,85.12257945244676,86.04277038574219,15227500.0,149.712647008589,150.51659080010117,148.68042643368705,149.02780151367188,14562600.0,353.5116882324219,355.1092535612803,350.26689484175847,351.5469517834556,9082200.0,164.81340894256584,165.29426322774836,163.3316146783309,163.60638427734375,8368700.0,224.93971169881698,230.82735268838977,224.9102255000563,227.1217803955078,4046100.0,71.52817364575755,72.56107241755649,71.28981472220197,72.3823013305664,18307100.0,73.55144577747427,74.66541230466031,73.31274137460447,74.18799591064453,13125500.0,179.90609676156754,179.90609676156754,176.02842815860186,177.0670928955078,8532800.0,396.9932330663986,412.2568100921039,390.5759154525779,399.482177734375,35404200.0,,,,,,,752485.4258474576,774441.2340286832,742505.5130378096,765459.3125,3508272.0,182.22028519455705,184.06109472458442,180.9930889087736,183.98191833496094,2161400.0,642.8960686125528,645.2715511220819,622.3851289393759,625.4293212890625,2267800.0,226.80999755859375,227.05999755859375,225.38999938964844,226.27999877929688,199000.0,290.2665152250637,290.5330122094406,286.04187381352284,288.6575927734375,3298400.0
2026-01-25,479.73333740234375,484.40001424153644,477.5333251953125,481.9700012207031,5197000.0,331.43690999348956,335.1387480730231,327.2224158480076,329.2547740503501,18705200.0,318.9642258060756,325.7666269605616,315.77426211280266,322.5733337402344,26757433.333333332,331.61558097906135,334.83982292565236,329.68102971622267,332.4930928548177,10065733.333333334,249.62955592009573,253.7053170830175,247.63326476072854,252.4842529296875,51209133.333333336,657.7801463834744,671.7748372859512,655.115740684425,667.2553507486979,18484166.666666668,1065.766778995671,1069.1984527296959,1046.3360508592486,1059.6675211588542,2360900.0,24.692453384399414,25.043531520126184,24.633940981803534,24.692453384399414,9723756.0,187.04519855858356,189.04941703679808,186.03976187365365,186.6423543294271,130782433.33333333,458.78689163045135,471.1020539278154,456.14532474547354,466.75806681315106,32194200.0,238.3066660563151,240.78333028157553,236.54999796549478,238.66666666666666,33143166.666666668,445.80999755859375,447.5033365885417,437.53333536783856,439.82000732421875,51855400.0,297.6831942431774,300.43908941638625,295.6237470096791,298.4061686197917,11537766.666666666,75.87455804152863,76.24358329524757,75.43304496865147,76.04589335123698,2008800.0,117.46429768398745,118.30098198516771,116.84342748981078,117.20532735188802,19970433.333333332,154513.5155907572,155943.88828621522,150721.3647237289,151785.828125,22176958.333333332,176.32417904826752,182.78494164785394,175.73955097750027,180.05116271972656,21737366.666666668,581.3209358173422,584.1743908350585,576.2043550533865,579.6810099283854,318747.3333333333,6.636922583749768,6.761160423763607,6.594419930926923,6.679425080617269,554278338.0,171.67166137695312,173.86333719889322,169.76666259765625,171.98999532063803,11132100.0,85.7566655476888,86.72666931152344,84.65999857584636,85.83999888102214,48801400.0,527.3703829621363,530.062432249064,520.9247946421385,525.5834350585938,4894100.0,325.93743498349346,329.23711003870613,323.5539705054093,326.3689778645833,6916100.0,1377.8557980661255,1406.1565575098425,1373.0493667806597,1400.3369954427083,1852966.6666666667,978.6742756964836,987.4993920855756,971.8302279778712,976.7762858072916,2199333.3333333335,134.50115892862294,134.80045862118536,132.48504269123396,133.08691914876303,16623466.666666666,216.69559563215643,219.10890880606948,215.83606282170507,218.45434061686197,6307733.333333333,167.89667256673178,171.05999755859375,166.98333231608072,168.18000284830728,25280033.333333332,217.65782684958762,219.32267999179962,216.87319445821677,218.61388142903647,6888000.0,51.34478894039971,51.69102225763724,51.01833959816408,51.36127726236979,30003433.333333332,6.0026137769532975,6.099848249920115,5.960478762285208,6.0382663408915205,132732365.66666667,8.666666348775228,8.740000089009603,8.606666882832846,8.676666259765625,109335228.66666667,378.44564334657514,380.9795766693687,375.68823739868793,380.19736735026044,3702633.3333333335,293.9051939975583,298.42195007260597,289.89437403780056,294.2347106933594,7823266.666666667,258.22666422526044,261.1800028483073,252.28333536783853,254.0999959309896,36290300.0,86.31322531033172,87.16745382868567,85.82839328475923,86.76177978515625,13774100.0,149.23624114097308,150.0071088413486,147.83347899016087,148.59110514322916,13291333.333333334,350.45545450846356,353.07177209507927,346.48298091688906,351.3286606322567,9960400.0,165.06202109224043,165.2746443497592,163.54751395926772,164.1166788736979,8731300.0,228.83204164816618,234.20202940983154,228.38317950868066,232.92096455891928,2891233.333333333,72.08434985958382,72.71998121982979,71.79302061210312,72.17042287190755,15447300.0,75.22239689159315,76.22363707928817,74.59247635426254,75.79264068603516,20851433.333333332,178.25082754875726,180.2819892989596,176.6285374934374,178.9663543701172,7104133.333333333,395.88702243866726,402.6408482282083,386.28437725403296,392.44512939453125,31264000.0,,,,,,,751820.0844876489,759804.0147169885,737182.8793459366,744834.1458333334,3258310.6666666665,183.6454304595044,186.17241523820687,183.1571936747778,185.67098490397134,2756533.3333333335,632.1698065468768,640.2810325963953,619.5172383088606,631.6175130208334,2444533.3333333335,225.60333251953125,226.51333618164062,225.12999979654947,225.83999633789062,251866.66666666666,289.6677059215159,292.1649819416315,288.2463384658337,291.21738688151044,3584066.6666666665
2026-01-26,478.4700012207031,484.8900146484375,477.0799865722656,483.4700012207031,5077200.0,333.1546630859375,335.9110710528279,327.06261745942396,327.7717128570099,18502500.0,319.1305360310809,327.9919519985048,316.9351596626858,324.16998291015625,25006400.0,331.85490821813903,334.15841495844967,329.302103948082,331.7751159667969,8646400.0,251.01365072947274,256.08423219515316,249.33677343540953,254.93637084960938,55969200.0,664.5609947255355,674.7023359243682,660.7242529636108,671.7847900390625,16327400.0,1058.617671085677,1063.4711963572774,1039.7915406130785,1059.1558837890625,2244900.0,24.692454054574586,24.731463564081086,24.458402577762953,24.633941650390625,9023057.0,186.93200550896393,188.88960930416175,185.76343263076708,186.2428436279297,124799600.0,463.2470406576191,472.1474075016215,459.9517180089597,468.19500732421875,29291200.0,239.97999572753906,240.9499969482422,237.5399932861328,238.4199981689453,32825500.0,445.0,445.0400085449219,434.2799987792969,435.20001220703125,49397400.0,296.2936374196168,300.243424572115,295.9354850066467,299.5072021484375,11752700.0,76.18098177788329,76.3885584807629,75.72628887518684,76.15132904052734,1835500.0,117.34477241224526,118.380666421838,116.92643279277506,117.17544555664062,19552200.0,154580.04455333663,156076.9462113741,151187.06746178502,151785.828125,20561689.0,178.4766666339379,184.66504484140142,177.90864316260036,181.80503845214844,21100400.0,580.4353964800509,582.7968537401294,575.9091649671104,578.5658569335938,324393.0,6.620575418347912,6.7775074267502875,6.591150432925329,6.708849906921387,633430452.0,169.7899932861328,172.99000549316406,168.67999267578125,171.3699951171875,10166100.0,86.91999816894531,86.94000244140625,85.3499984741211,85.69999694824219,40941900.0,525.8064129106551,529.4800922933696,521.7533805709344,526.4552612304688,4839700.0,326.6478329536713,330.63134311164293,323.69007544570655,327.13580322265625,7540200.0,1381.028016899876,1414.988903773872,1380.3205364370285,1408.4119873046875,2001300.0,983.6568919827744,990.2084293780584,973.6052123345991,974.9215087890625,2458700.0,135.10632010808388,135.1161965608048,132.3830839926767,133.04415893554688,16056100.0,217.3071916224599,219.65768672373474,216.70221001890812,218.9535369873047,6553400.0,168.2100067138672,170.58999633789062,167.3249969482422,167.47000122070312,22777200.0,217.79299511138254,219.59301105490832,217.58529341839787,219.05894470214844,6856700.0,51.24256752648122,51.71740168319926,51.113965429772236,51.460201263427734,27728400.0,5.979925900992046,6.116054163553093,5.950755327189408,6.067436695098877,139601271.0,8.649999618530273,8.75,8.600000381469727,8.6899995803833,121676894.0,379.5959387532504,381.9819836075265,376.5887621832298,381.1044616699219,3984800.0,292.57379728823196,298.2954733045231,290.017523545002,294.63079833984375,7844800.0,256.75,258.2900085449219,250.3000030517578,251.30999755859375,30672500.0,86.18130020091546,87.3587509407467,86.18130020091546,87.12128448486328,13047400.0,148.9980382071651,149.75236786197235,147.41000526839778,148.3727569580078,12655700.0,348.9273376464844,352.05303136197875,344.5910239544544,351.21951505665726,10399500.0,165.18632716707774,165.26483491076462,163.65546359973612,164.371826171875,8912600.0,230.7782066228408,235.8893677705524,230.11965651299283,235.820556640625,2313800.0,72.36243796649697,72.79943562096643,72.0446235570537,72.06448364257812,14017400.0,76.05787244865259,77.0027494666021,75.23234384409157,76.59496307373047,24714400.0,177.42319294235213,180.4699355676556,176.92859216085517,179.91598510742188,6389800.0,395.3339171248016,397.83286729626053,384.1386081547605,388.9266052246094,29193900.0,,,,,,,751487.4138077445,752485.4050611412,734521.5625,734521.5625,3133330.0,184.3580030919781,187.2280754950181,184.2392460577799,186.51551818847656,3054100.0,626.8066755140387,637.7857733335521,618.0832929936029,634.7116088867188,2532900.0,225.0,226.24000549316406,225.0,225.6199951171875,278300.0,289.368301269742,292.98096680772693,289.3485707919891,292.4972839355469,3726900.0
2026-01-27,482.6000061035156,483.5,474.6700134277344,474.6700134277344,6314500.0,334.56280517578125,337.77360575319784,333.3144364997522,335.19198786494,16080900.0,329.06972766461007,334.0592612332574,326.335442560478,332.0933837890625,25537600.0,335.55448651427724,340.2911397414476,333.61993518273925,337.3893127441406,11298100.0,258.6894015269614,261.4642450011371,257.73115984508394,257.7910461425781,49648300.0,674.0129574053085,676.2410302656567,664.0913982323968,672.394287109375,13297400.0,1060.5112881424259,1069.7599334508118,1031.3104503567147,1035.9945068359375,2587900.0,24.633941650390625,24.711958809327836,24.516914981946915,24.633941650390625,9169694.0,187.01190478720812,189.76853699604698,185.47377232125424,188.29034423828125,143711600.0,471.5998386603028,480.72916597612596,471.0622242712429,478.4493103027344,29213900.0,239.69000244140625,244.8800048828125,238.0800018310547,244.67999267578125,38029200.0,437.4100036621094,437.5199890136719,430.69000244140625,430.8999938964844,37733100.0,299.7957098597862,300.4324657566407,296.6319086980451,298.7809143066406,11527400.0,77.12002352928394,77.42645275794992,76.84325458059591,77.17933654785156,2049400.0,117.03599659697956,117.1654804957765,115.02397685022356,116.47821044921875,22968600.0,150189.1367065047,159170.546875,148891.82190438872,159170.546875,29423670.0,178.56633706575496,179.0944912003547,173.07550472221547,174.291259765625,27093700.0,577.2867103965145,583.8792243323226,575.1219962608327,579.844970703125,351605.0,6.748082684941625,6.954056172977217,6.699041200097242,6.757890701293945,685079166.0,174.0500030517578,176.4600067138672,172.2209930419922,172.72000122070312,8931300.0,85.27999877929688,85.5999984741211,83.87999725341797,85.58000183105469,37790800.0,526.7448429045569,528.2022992848995,518.6587018639359,519.5172119140625,3850800.0,327.1258860334559,327.5740127198232,323.5705956960795,323.9191589355469,6365800.0,1412.6769849902087,1468.441428903691,1412.049181264755,1449.5078125,3473900.0,974.9314671896556,975.2505748858846,959.0063924359404,967.5523071289062,2077900.0,133.44868592421057,135.10630377962872,132.91588448655938,135.0076446533203,14517000.0,219.0626315431273,224.99342460602307,218.83451305872399,222.0875244140625,5747400.0,167.47999572753906,169.44000244140625,164.69000244140625,165.6999969482422,26542300.0,219.56334137834915,223.0249255892691,218.27760708174557,221.9765625,8154100.0,51.64815581455375,51.68772627144149,51.25246256661577,51.608585357666016,26494300.0,6.067436444140157,6.2521821675140465,6.0577132290418065,6.184118270874023,216323342.0,8.680000305175781,8.869999885559082,8.670000076293945,8.720000267028809,137679582.0,379.54665600860153,381.0748873763643,372.9603970536703,375.02105712890625,3466100.0,295.080152087447,300.1926995069572,294.1714721438189,297.03729248046875,7452200.0,252.16000366210938,255.5500030517578,247.9600067138672,252.02999877929688,25691600.0,87.22022399380214,88.1305183214289,86.5572927475254,87.7743148803711,15105000.0,146.96336732095224,148.5216256392456,146.82439910868234,147.23133850097656,9546000.0,280.5191650390625,297.189551826661,278.23688987744464,291.702213399879,65836900.0,164.63678933872418,166.18728359866174,163.5376958915584,165.89288330078125,9784900.0,232.58678830616614,233.8547399148674,228.36025794704977,229.9427490234375,2014500.0,71.945309084889,73.05765574645625,71.77646425750685,73.0477294921875,13239200.0,76.77399095894515,78.4847223229955,76.63474608868768,78.2559585571289,17756700.0,180.2721134138777,181.98342803525563,179.19387214820534,180.6875762939453,5138100.0,404.440077826186,416.27513270929563,399.43220241444334,410.0677185058594,36212100.0,,,,,,,736517.5425,798393.0,731527.58625,798393.0,5660198.0,187.34685885176572,190.37528421602664,187.34685885176572,189.2272491455078,3526350.0,638.7838784489842,642.9060355381346,632.0267232406292,637.6959228515625,1827500.0,225.00999450683594,225.5,224.11000061035156,224.1199951171875,287000.0,293.3165400179604,293.4843243713551,289.47683876867563,290.0592041015625,2954900.0
2026-01-28,473.010009765625,476.8800048828125,471.9100036621094,473.489990234375,4563900.0,335.8411560058594,337.18940036194795,331.69657781901543,336.17071194822404,17538500.0,338.14069186444095,339.2782896681297,326.0161315330155,332.54241943359375,23001700.0,342.0661250249386,344.52918583413737,337.70840907754706,341.3381652832031,12140100.0,257.1721946066941,258.3799421919039,254.03801819206552,255.96444702148438,41288000.0,673.9229813666298,677.1002536346601,665.5301429727417,668.1578979492188,25709600.0,1025.6296864105066,1026.2076811389297,1000.744160483774,1020.337646484375,3300200.0,24.672948937969146,25.04353183254279,24.672948937969146,25.0045223236084,15738067.0,191.03700193406064,192.1156881225865,189.60873601436586,191.2866973876953,148552700.0,481.06767161592717,481.59532063648624,475.8807787479093,479.49468994140625,36875400.0,246.3699951171875,247.77999877929688,241.52999877929688,243.00999450683594,40882700.0,431.9100036621094,438.260009765625,430.1000061035156,431.4599914550781,54857400.0,298.74110176244625,300.38272473319716,296.53240414079806,299.2385559082031,9556700.0,78.51376011368369,78.53352609166132,77.23863960456862,77.73287200927734,2904900.0,116.1793881831122,116.99614970020349,115.41243225579208,116.10966491699219,16342000.0,162264.14939963055,162962.70354833745,159869.10660406406,162064.5625,29456431.0,174.311194419325,181.04766097025964,171.26184708944726,172.19857788085938,35882700.0,547.0792898197337,558.3947787278757,526.8098293631537,534.091064453125,1402549.0,6.718657716485583,6.77750721782234,6.620575214257656,6.66961669921875,524590550.0,176.25,177.8699951171875,174.56300354003906,175.66000366210938,9001500.0,85.62999725341797,86.47000122070312,84.30000305175781,84.63999938964844,37762600.0,521.064600603083,522.931387747402,517.3809283534553,520.4755859375,5483000.0,325.38308017509553,327.03624054150487,323.5407006444015,325.6320495605469,8106000.0,1487.783717255887,1488.2620207562265,1403.1305664620502,1417.9486083984375,5036800.0,966.7844788756445,967.3727861570547,952.9235308460756,958.0790405273438,2474800.0,135.8562009907484,136.17193129495084,134.84978147594126,135.74766540527344,15637300.0,221.76024816751283,222.18670290762282,214.91701158046567,216.8708038330078,5215800.0,164.39999389648438,165.0449981689453,157.24000549316406,157.35000610351562,44822800.0,223.91504676014566,226.0612423044947,223.5985669004937,225.22056579589844,9026500.0,51.39095329955784,51.57890730165186,50.757841109718726,51.25246047973633,35030200.0,6.223012036379096,6.417480974157919,6.17439457010913,6.407757759094238,423178986.0,8.729999542236328,8.819999694824219,8.670000076293945,8.710000038146973,136963930.0,374.8731581670115,375.65207772428147,368.4052402857728,370.0320739746094,3371500.0,296.56797960347393,297.8361212731819,290.7264830014954,292.0545654296875,7541300.0,254.1300048828125,257.3999938964844,250.2100067138672,252.74000549316406,27061200.0,87.68526699817815,88.12062088413307,85.92403553386752,87.10148620605469,16395700.0,146.89388627303396,147.59858658033056,145.69292283643657,146.2388153076172,7465800.0,291.7518310546875,292.6647472242202,281.5313004420569,281.5313004420569,23396900.0,166.78587745384527,167.23727822712036,165.05873717677235,166.7564239501953,9200200.0,231.53506300061252,232.79319087069578,229.9722343960967,232.07566833496094,2173000.0,72.71004282868971,73.11724654682519,72.07441404008694,72.56106567382812,14633700.0,78.50460961446511,78.61401738007532,77.59951038773997,78.5344467163086,14022900.0,180.4699436543941,181.03378072167644,178.43219075835913,180.3710174560547,5538800.0,422.2626240537506,438.7556958666012,416.8249058156781,435.09722900390625,42725700.0,,,,,,,808372.8968489893,852284.5109988109,801386.958234245,839310.625,6708497.0,184.4173831583102,185.74355372250517,183.88296139857647,184.516357421875,4117150.0,636.7577097226922,646.0500774825832,627.7848021330749,642.0576782226562,2720700.0,219.17999267578125,220.14999389648438,217.47999572753906,218.88999938964844,437600.0,290.3652269792933,292.12220330584324,287.4928612204138,290.3553466796875,5790300.0
2026-01-29,473.7300109863281,477.32000732421875,473.0799865722656,476.7900085449219,5380500.0,338.2180480957031,341.84331577646435,326.29362750773345,339.9058450626567,24548300.0,331.86384504465474,335.2467633278134,319.6095521592842,330.0376892089844,20447500.0,338.8451837554306,342.77411518337567,327.2778029426617,338.59588623046875,13844800.0,257.52154586161765,259.16847988830324,253.93820707645818,257.801025390625,67253000.0,736.7991536844581,743.363540655783,711.9404325537852,737.6784057617188,59852900.0,1021.8923586015108,1036.4828627296029,1014.5572637103229,1020.676513671875,2293000.0,25.06303674043148,25.414113022611257,25.024027231258298,25.16055679321289,21868131.0,191.10690928022157,193.244301759811,185.83334250366076,192.27548217773438,171764400.0,438.0392806211351,440.5381621786467,419.1533835040837,431.57806396484375,128855300.0,242.82000732421875,243.0,236.74000549316406,241.72999572753906,47229600.0,437.79998779296875,440.2300109863281,414.6199951171875,416.55999755859375,81686100.0,300.86028172816947,305.2677184721844,300.6812055104527,304.8598327636719,11580000.0,78.49399683687852,78.96845573854891,77.37702673731077,78.42479705810547,2875600.0,115.99014202925233,117.19537049018723,115.61164536502085,116.94635772705078,16381100.0,165856.70185127566,166255.87562227753,156775.4985609832,160368.0625,36087223.0,169.55779989771733,169.6375232885373,160.95784629043263,168.42176818847656,37254500.0,534.5830337195027,543.1434589422689,531.9263417461091,533.697509765625,609605.0,6.630383595226878,6.68923309564854,6.542109110747257,6.650000095367432,529744140.0,178.33999633789062,180.75,171.60000610351562,174.25,12062500.0,84.30999755859375,84.37999725341797,82.3499984741211,83.16000366210938,42278100.0,530.8776615005373,543.3063149900961,519.2177065290969,542.7971801757812,5488300.0,328.6395919878754,331.9857259727928,322.1763564041472,330.4321594238281,10214200.0,1454.2213057475196,1462.362804809723,1394.2017596122516,1450.075927734375,2818900.0,955.2968198080476,957.6003233352077,945.8434901428559,950.211181640625,1825000.0,138.4511844795975,140.4442706895522,137.25729298858514,138.63864135742188,35760600.0,216.20631879884536,222.29579891564833,216.20631879884536,218.61631774902344,7834000.0,157.6300048828125,157.6300048828125,147.1199951171875,151.86000061035156,59846800.0,226.29859362973275,227.47553468029685,224.58758622487807,224.79527282714844,9645300.0,51.420631760626776,52.51868741937261,51.390955804546024,52.50879669189453,35200500.0,6.359140647753848,6.475822016933605,6.320246858027263,6.4563751220703125,336359637.0,8.729999542236328,8.789999961853027,8.619999885559082,8.770000457763672,128091498.0,369.6376878739626,371.7969502160774,364.9543615309749,366.591064453125,4744500.0,292.87335248671354,298.7547994968695,289.9076714413705,298.4252624511719,6149900.0,254.66000366210938,260.5299987792969,240.91000366210938,252.17999267578125,31685200.0,87.75453090745413,89.6839599609375,87.60611154589641,89.6839599609375,21497000.0,146.1891842346614,149.0079702857208,146.01053677970796,148.77967834472656,11035600.0,290.0351867675781,293.3196499104892,286.9888624950166,292.05942772986015,13456400.0,169.42562971609135,171.65324000810506,167.84569703786806,167.99290466308594,16786600.0,195.63905600319166,197.9980569144393,191.7860376793605,196.78907775878906,9484800.0,72.68025035356126,73.58403197699185,72.64052260632465,72.92854309082031,20862100.0,78.68364446540927,79.05165311587915,77.21161745180643,78.00730895996094,22642900.0,181.20195022166408,183.03197930389217,177.52213398600614,180.4303741455078,7473400.0,439.1855085220348,444.5232626546009,417.5246245977186,435.6070251464844,42675700.0,,,,,,,877234.3432055749,882224.2996515679,817354.8658536585,859270.5,6837983.0,184.81326510881922,185.12995556978817,183.22976749991727,183.26934814453125,3237350.0,653.9250189697414,678.6978629395247,641.5086552096884,663.9758911132812,4441900.0,225.52000427246094,227.32000732421875,223.5399932861328,227.07000732421875,334500.0,313.7487999344587,315.7624231091951,299.54493515059954,305.24029541015625,10124900.0
2026-01-30,476.29998779296875,481.5,476.1300048828125,480.5299987792969,5082200.0,338.0882263183594,339.8459393190057,332.2059284569407,334.02353024324157,21740200.0,331.7441040800076,337.49205638766097,327.6426917281563,330.6064758300781,28313000.0,334.47752437203013,338.9449166457037,328.17527549243783,329.63116455078125,12028100.0,254.6968198516284,261.4143357105436,251.71235892004358,258.99884033203125,92443400.0,726.8776752394725,731.5436633097714,712.9796010924755,715.8870849609375,23744600.0,1029.8055008151143,1045.023756557955,1016.5504318157022,1033.6424560546875,3303100.0,25.082540595458727,25.32309303489041,24.861491056831724,24.959012349446613,17755697.0,190.97707539362895,194.25307849059112,189.23918956869622,190.8971710205078,179489500.0,437.2229597325442,437.65104604221966,424.5593524472701,428.38232421875,58566800.0,239.88999938964844,243.32000732421875,237.63999938964844,239.3000030517578,46585000.0,425.3500061035156,439.8800048828125,422.70001220703125,430.4100036621094,82626100.0,303.6957636347891,306.36211063628633,301.0194578342246,304.33251953125,11953200.0,76.95198494577673,77.12002215571755,74.11509573086325,75.50882720947266,5555700.0,116.44832800552413,118.93845554717745,116.13954702285811,118.66951751708984,22215400.0,159769.3105821651,166156.09126752338,159769.3105821651,160168.484375,40557267.0,167.58468837081855,168.3121433737541,162.6718543621554,164.00718688964844,27362400.0,539.8964131245178,542.3563019577298,533.2055275093575,538.1253051757812,579526.0,6.650000253327279,6.738274272209449,6.581342267357354,6.591150283813477,411169061.0,172.6999969482422,174.0,169.47000122070312,169.55999755859375,10846100.0,83.0999984741211,84.05999755859375,82.77999877929688,83.48999786376953,45755000.0,540.0818848034594,542.8271670651553,534.3117713849889,537.8656616210938,4306900.0,330.8504479341279,331.6272312240268,320.2742329902072,320.5032653808594,11199100.0,1435.00870132706,1461.3065122360613,1411.0626302465578,1418.0281982421875,2358800.0,947.4552194382504,949.7418794251049,928.9520390398109,938.8876342773438,2396300.0,136.89222281998863,140.31600948196575,135.99433887052737,139.51678466796875,29657700.0,218.69566430929848,222.17679412902504,217.75348382377317,221.1750946044922,6622200.0,150.0500030517578,151.0,145.13900756835938,146.58999633789062,47271000.0,225.7546309332309,225.9920021451608,222.8567976243886,224.75572204589844,11045500.0,52.301051841398035,52.83524167396801,52.202129475505686,52.62750244140625,34549100.0,6.427204863279721,6.4660986521087525,6.3007998177601,6.31052303314209,293258055.0,8.770000457763672,8.84000015258789,8.710000038146973,8.720000267028809,112362106.0,367.1826382311588,369.8545906553002,363.37680381074097,369.33203125,3755600.0,296.5679820588995,307.1525693313966,295.948888790244,306.34375,7427800.0,236.92999267578125,245.24000549316406,234.5500030517578,236.72999572753906,40035700.0,89.2584922798211,90.08963614845956,88.80334512155896,89.53553771972656,18306900.0,149.30571499844902,150.83421388895187,148.03528262295887,150.63571166992188,12651400.0,284.7165222167969,290.690101376754,282.503744536245,289.846652494331,12022200.0,169.3961858830405,173.9887911225458,168.07140714047097,173.59625244140625,22946600.0,200.33740176682474,200.89765456494305,197.5262690480532,197.60488891601562,6265400.0,73.20663148749496,74.3885073697265,73.03779424068851,74.29911804199219,26420500.0,77.66913205398849,78.37531220259494,77.30113101718702,77.89789581298828,26458400.0,179.24673907680423,182.1710112913237,179.00801647313392,181.82289123535156,7434900.0,446.2825104531407,455.30871717161017,406.95903456699176,414.7057800292969,51022900.0,,,,,,,852284.5427667768,929129.8703932894,851286.5514988999,907174.0625,7875195.0,184.1402798755034,185.09038149483828,183.01204269705423,183.62564086914062,2777500.0,654.4041891286149,676.5420364273238,649.0743091405816,656.1109008789062,3300100.0,227.41000366210938,228.0500030517578,225.52999877929688,226.86000061035156,348700.0,303.6215076724423,303.799172322983,295.85330307087577,302.733154296875,5940700.0
2026-02-01,479.63332112630206,485.8800048828125,477.7433268229167,485.0366719563802,5070466.666666667,342.32933553059894,343.0916857289478,334.4496479350008,335.41503075810675,22430200.0,327.5329257986627,336.06836574473425,325.92630048718667,330.4800720214844,20956466.666666668,331.3795924822106,341.80354868257905,328.1752833124817,336.81093343098956,12315433.333333334,257.93078944761885,267.13035703068084,256.39031138768934,266.00579833984375,80090066.66666667,718.2849985748946,724.3031816519165,706.2719888332856,709.1661376953125,17491666.666666668,1032.6425027551672,1050.8972486619502,1028.22414642203,1038.2800699869792,2939100.0,25.121548305513222,25.141053059448712,24.536418707978573,24.555923461914062,9530829.0,188.30699534744014,191.4631495569,186.18292279368126,187.2216542561849,170359233.33333334,431.2959985092027,431.77054944317337,421.7717517136839,423.7894287109375,47668866.666666664,238.83666483561197,244.8600056966146,237.9933319091797,241.74000549316406,40559066.666666664,422.6433410644531,431.39333089192706,417.23333740234375,424.6766662597656,66701700.0,303.1717809539535,307.2707984880039,300.2301702357282,305.82489013671875,10544000.0,76.13485831067227,76.53353632660877,74.79384362623603,75.42975107828777,4254233.333333333,118.16817658585556,122.11917704045054,117.76643630209787,121.93656667073567,28211866.666666668,156842.03447541586,161565.59098323475,153315.9993607217,153449.05729166666,40018001.666666664,169.41164091901425,169.84014208899416,160.51936858037607,161.00433858235678,40734800.0,538.7812260113321,540.8475485436574,530.8439811749942,532.4839070638021,640024.6666666666,6.617305825221705,6.731735488022915,6.594419829898397,6.630383491516113,464872523.0,169.55332946777344,171.03999837239584,168.04999796549478,168.77999877929688,7983233.333333334,83.38666534423828,84.86666361490886,82.74000040690105,83.00333404541016,42881866.666666664,540.0685622024849,551.7185451118389,538.1185847673378,548.9000447591146,4504500.0,325.9440884436244,332.7492621922919,321.9406614020043,328.47693888346356,9401300.0,1406.5750560214362,1452.4907711927856,1397.3706741661622,1430.2454020182292,1964000.0,944.3929843088138,962.5233539665435,929.5978021822638,957.6004842122396,2432966.6666666665,137.60920410253678,139.0727859371002,136.14562231376038,137.54341634114584,28376300.0,221.56520090398806,225.99180524661102,220.96682748571595,222.91400655110678,5816066.666666667,150.6433359781901,151.26666259765625,146.14900716145834,147.3699951171875,64297733.33333333,225.79419644982784,227.76564965726817,224.12274335928194,227.06344095865884,9140166.666666666,52.518684125510234,53.2836953033487,52.320836884771566,53.174878438313804,34599366.666666664,6.349417096916079,6.368864146066285,6.2230123580852155,6.258664766947429,270451575.6666667,8.743333180745443,8.846666971842447,8.710000038146973,8.766666730244955,129866046.66666667,368.3854972390276,372.83219172143765,363.17303223443577,371.65232340494794,4423333.333333333,302.29299008866997,308.52391389221543,299.03772219689205,307.62188720703125,6960733.333333333,236.15666707356772,248.3933359781901,234.8500010172526,243.09000142415366,37550633.333333336,89.22551285823397,91.24399646288204,88.902290664048,90.70968627929688,15325766.666666666,150.62246520853736,151.99876943063757,149.42481853213522,151.5752970377604,11253733.333333334,283.83008829752606,289.0032092352286,280.9028535596421,285.82458211414166,9783533.333333334,169.93264097285135,173.31494220725364,168.97421173259508,171.7186482747396,17139066.666666668,201.4906782542967,202.9683227778832,199.27584873403327,201.66104125976562,6262800.0,74.06738397793266,74.91819783883689,73.60721494399746,74.64342244466145,21674500.0,77.68902787364851,79.94016583078513,77.48679019938437,79.43622589111328,27645200.0,180.83817967467218,183.68952020854417,179.3926146030952,183.34802754720053,7029766.666666667,423.4321121198803,446.599046114591,408.8715686454342,429.97935994466144,42188433.333333336,,,,,,,862929.7813238653,900520.7857134257,835984.0171663,854613.1875,7714525.666666667,187.0301517378069,188.8973484086606,183.84336868142654,185.51923624674478,3078366.6666666665,657.1788751928269,685.5581758212359,653.8119330996257,678.4350382486979,4066700.0,228.53667195638022,230.42999776204428,227.22333780924478,230.0066680908203,383766.6666666667,303.56229177917874,309.6294584313661,300.2490378085917,308.0172526041667,5034366.666666667
2026-02-02,481.29998779296875,488.07000732421875,478.54998779296875,487.2900085449219,5064600.0,344.44989013671875,344.71455893391885,335.5715076740309,336.1107810155394,22775200.0,325.4273366579902,335.3565204232709,325.06810486670184,330.4168701171875,17278200.0,329.8306265373009,343.2328647010167,328.17528722250364,340.40081787109375,12459100.0,259.5477742456141,269.98836769074944,258.72928762151224,269.50927734375,73913400.0,713.9886602426056,720.6829408229889,702.9181827036907,705.8056640625,14365200.0,1034.0610037251938,1053.833994713948,1034.0610037251938,1040.598876953125,2757100.0,24.18533983653238,24.965513229370117,24.156084566601088,24.965513229370117,19810636.0,186.97195532434574,190.0681850900544,184.6547894061738,185.38389587402344,165794100.0,428.33251789753194,428.8303011436502,420.37795134689077,421.49298095703125,42219900.0,238.30999755859375,245.6300048828125,238.1699981689453,242.9600067138672,37546100.0,421.2900085449219,427.1499938964844,414.5,421.80999755859375,58739500.0,302.9097896135357,307.72514241386267,299.83552643648,306.5710754394531,9839400.0,75.72629499312004,76.24029341205437,75.13321757392241,75.39021301269531,3603500.0,119.02810087602128,123.70953778708709,118.57988094171775,123.5700912475586,31210100.0,155378.39642204123,159270.34084109042,150089.34375,150089.34375,39748369.0,170.32511719311208,170.6041414466142,159.4431256894864,159.50291442871094,47421000.0,538.2236324547392,540.0931718366212,529.6632080078125,529.6632080078125,670274.0,6.6009586111689185,6.728466095929648,6.6009586111689185,6.650000095367432,491724254.0,167.97999572753906,169.55999755859375,167.33999633789062,168.38999938964844,6551800.0,83.52999877929688,85.2699966430664,82.72000122070312,82.76000213623047,41445300.0,540.0619009019978,556.1642341351807,540.0219914585122,554.417236328125,4603300.0,323.49090869837266,333.31027767642445,322.7738756079028,332.4637756347656,8502400.0,1392.3582333686245,1448.0829006711476,1390.5246961259643,1436.35400390625,1766600.0,942.8618667440954,968.9140912372628,929.9206837534902,966.9569091796875,2451300.0,137.96769474381085,138.45117416466744,136.2212640353769,136.55673217773438,27735600.0,222.99996920133285,227.899310805404,222.57349931668733,223.78346252441406,5413000.0,150.94000244140625,151.39999389648438,146.6540069580078,147.75999450683594,72811100.0,225.8139792081263,228.65247341332187,224.75571622672862,228.21730041503906,8187500.0,52.62750026756633,53.50792211803905,52.380190589404506,53.44856643676758,34624500.0,6.310523213734257,6.32024689304505,6.184118628247773,6.232735633850098,259048336.0,8.729999542236328,8.850000381469727,8.710000038146973,8.789999961853027,138618017.0,368.98692674296194,374.3209922545064,363.0711464462832,372.8124694824219,4757200.0,305.1554941035552,309.2095861726249,300.5821389002161,308.2609558105469,6727200.0,235.77000427246094,249.97000122070312,235.0,246.27000427246094,36308100.0,89.2090231474404,91.82117662009328,88.9517634352925,91.29676055908203,13835200.0,151.28084031358154,152.58104720148043,150.1195864867234,152.0450897216797,10554900.0,283.3868713378906,288.1597631644659,280.1024080713407,283.813546924047,8664200.0,170.2008685177568,172.97801774960757,169.42561402865715,170.77984619140625,14235300.0,202.06731649803268,204.00365688435326,200.1506385770233,203.68911743164062,6261500.0,74.49776022315152,75.18304307339208,73.89192529565193,74.8155746459961,19301500.0,77.69897578347853,80.72259264488022,77.57961979048305,80.20539093017578,28238600.0,181.63389997360616,184.4487746671544,179.58491366807584,184.110595703125,6827200.0,412.0069129532501,442.2442105860814,409.8278356846554,437.61614990234375,37771200.0,,,,,,,868252.4006024096,886216.2433734939,828332.75,828332.75,7634191.0,188.47508766895865,190.80083186557178,184.2590316736127,186.46603393554688,3228800.0,658.5662182249329,690.0662455181919,656.1807450791478,689.5971069335938,4450000.0,229.10000610351562,231.6199951171875,228.07000732421875,231.5800018310547,401300.0,303.532683832547,312.5446014855577,302.44690517744965,310.6593017578125,4581200.0
2026-02-03,483.95001220703125,496.0400085449219,482.20001220703125,493.739990234375,6641200.0,340.2554016113281,349.6930511556747,338.14813929481124,348.0602055415327,25786500.0,336.0350756107717,338.1905576294392,308.0038814637992,319.659423828125,36914800.0,344.1003987230499,346.0748156654085,329.09266930140075,334.80657958984375,12540000.0,268.70080609664296,271.3758289780004,267.11372779647115,268.98028564453125,64394700.0,706.7648539132639,716.3866205151361,685.8227628297016,691.1082763671875,13760700.0,1037.2303360735064,1045.2531608166285,990.2198751304529,1000.0664672851562,5483900.0,24.965513229370117,24.965513229370117,24.848486569417975,24.965513229370117,10144200.0,186.01312186532803,186.04308409913696,176.01530661894333,180.12030029296875,204019600.0,420.1390072256922,420.178808008447,406.7486263222299,409.3868713378906,61424100.0,244.97999572753906,246.35000610351562,235.4499969482422,238.6199951171875,53831300.0,424.2699890136719,428.55999755859375,413.69000244140625,421.9599914550781,56886500.0,308.15296152215484,314.6397527673971,307.5261644294422,313.24688720703125,12688000.0,73.26501728918467,73.59120495774998,71.92070449185003,72.8795166015625,5524000.0,123.16171594715138,127.663863426049,123.16171594715138,127.20568084716797,32018700.0,157573.8451772388,167154.015625,156875.29108208956,167154.015625,36529813.0,157.70918503273225,158.8252973147647,151.37131982433368,154.13168334960938,43260100.0,534.6814341675243,534.8781772196744,514.5103467402589,520.512451171875,668007.0,6.620575437931266,6.630383922332565,6.5126844479883585,6.53230094909668,447228401.0,163.8800048828125,165.35000610351562,160.61000061035156,163.64999389648438,10066600.0,82.2300033569336,82.44999694824219,79.62000274658203,79.94000244140625,49789000.0,553.3790608515241,559.1491135454288,548.0881652171961,549.7752075195312,5706700.0,330.28279336048513,334.4057411301331,327.51425490348913,327.5740051269531,9081200.0,1431.0227740170574,1440.7586588611439,1367.1168278116565,1391.0030517578125,2205100.0,962.9527063348241,989.2146484066255,962.8828613925771,976.5030517578125,2960700.0,136.793544109173,143.07870143659915,136.4679373562069,141.8157501220703,37577800.0,222.10736197607605,226.81827951911217,221.79991504195445,223.8032989501953,8158500.0,165.0500030517578,165.0780029296875,153.1199951171875,157.8800048828125,113169200.0,228.95907459996246,232.61846067897852,227.9502658124434,230.54151916503906,9346600.0,53.61674212617494,54.526839983860256,53.10233751257811,53.864051818847656,41208400.0,6.232735708514907,6.310523289330919,6.184118702330177,6.20356559753418,195652771.0,8.779999732971191,8.779999732971191,8.619999885559082,8.649999618530273,123177435.0,371.994153103603,386.2807536592444,371.70821528225156,375.75067138671875,5684400.0,309.4392366203852,311.9755198972293,304.5663303818464,309.4791564941406,4588100.0,251.5500030517578,252.64999389648438,237.0399932861328,242.11000061035156,53097100.0,91.73212429835677,93.79018694954144,90.93067032942095,91.33634185791016,18099000.0,151.44957220395347,155.36012793207712,151.0624875841251,154.1591796875,12424700.0,281.98773193359375,285.867572502765,276.4507912682167,282.5037398579998,10809100.0,170.6326682517492,175.48041252410187,170.505091305481,174.7149658203125,18425400.0,197.94891114651458,198.74506852891145,191.72706808672893,193.91896057128906,8152400.0,74.75597426936693,76.97074882770865,74.6169309421842,76.36491394042969,27007100.0,80.37447910156672,82.80133136192448,80.37447910156672,82.6620864868164,34962100.0,184.2896235602686,187.67144350531672,177.49613006580697,181.9322967529297,7751300.0,441.9743469105657,442.11427226406215,407.3588826785566,419.2638854980469,42763300.0,,,,,,,872244.3512954796,905178.0625,869250.3775496141,905178.0625,5272538.0,185.6742914346415,188.75220390097977,181.7353602251133,182.41824340820312,2659700.0,693.0405617977318,708.680829509524,690.0862253810304,701.5543823242188,3524700.0,229.8300018310547,232.07000732421875,228.8000030517578,231.4199981689453,286000.0,308.3594074937471,308.93192263348726,280.1786856890255,290.5033874511719,11466500.0
2026-02-04,495.79998779296875,512.1300048828125,495.6700134277344,503.8299865722656,10591700.0,332.90496826171875,343.800733734723,328.94014812343124,343.3063846149433,36991100.0,318.84118424748516,318.84118424748516,294.6818407512307,307.4051513671875,43330300.0,334.6570176533282,337.84800784779,318.17346582768744,324.82470703125,18176000.0,271.7850411492978,278.432693698261,271.7850411492978,275.97723388671875,90545700.0,687.1416843315144,688.2407799622291,666.8890651090074,668.417724609375,16882800.0,1071.484074468819,1110.2325920635112,1061.3983039027282,1103.3758544921875,7119400.0,24.96551446788655,25.063036379338698,24.867992556434405,25.02402687072754,13336879.0,179.24138264216026,179.36123157735668,171.70057725198066,173.97779846191406,207014100.0,409.1778088233149,417.9387813848693,407.4256021580933,412.3536682128906,45012400.0,238.86000061035156,238.86000061035156,231.82000732421875,232.99000549316406,51299900.0,420.4599914550781,423.8999938964844,399.17999267578125,406.010009765625,74606900.0,312.809117891095,317.68416242077944,312.809117891095,315.654541015625,9848800.0,70.43800408456646,70.45777006244695,69.15299682208267,69.86469268798828,5428100.0,127.6240212194025,128.89896530076112,126.58811965421592,127.4945297241211,27531800.0,163162.2857222058,169050.0990907747,162763.11193450622,168750.71875,29943042.0,153.35438749268448,153.4042165095504,143.92730619412305,146.15951538085938,42323400.0,521.8900366847848,529.0729000364215,519.0365416278911,527.49853515625,474341.0,6.51268402898723,6.591150028372313,6.4930675291409585,6.54210901260376,306558928.0,162.3300018310547,162.85000610351562,156.77999877929688,159.13999938964844,11851400.0,79.98999786376953,81.44000244140625,79.2300033569336,80.16000366210938,48963200.0,548.7868974661304,555.6451068414932,540.081886209362,552.5704345703125,4448000.0,325.7614942159401,329.9441921266053,323.0826115387165,328.5898132324219,8472300.0,1390.883442442061,1401.1872820378842,1311.4619504428626,1334.4512939453125,2479400.0,981.8852694270165,993.1588892872101,973.7770394556126,976.9324340820312,2631500.0,142.20055727718952,145.87101428924865,142.20055727718952,145.6243438720703,29426200.0,208.05394768536442,219.03287197801203,202.5892889212181,215.32363891601562,15319700.0,155.41000366210938,155.85000610351562,135.67999267578125,139.5399932861328,113199500.0,232.42065065293195,233.2415424215143,230.3832635341583,231.89646911621094,8641400.0,54.190496851504506,55.43693977442935,54.12125044174716,54.78404235839844,54522500.0,6.193841799181264,6.291076273334317,6.184118583591232,6.252182483673096,139293342.0,8.649999618530273,8.800000190734863,8.640000343322754,8.720000267028809,108373213.0,379.1916650142771,385.04829008875464,378.9648825973972,381.7650451660156,5574700.0,309.55906368867136,311.32647804482633,301.56070542579266,307.8914794921875,6591900.0,215.0,218.5800018310547,199.14999389648438,200.19000244140625,107173300.0,91.67275563849587,92.9194676302531,91.55401864678313,92.15758514404297,12382800.0,154.9631263363213,157.18637541610013,154.5958813299483,155.6975860595703,12178500.0,273.7914733886719,282.3052710508733,271.9358737623288,279.83448944092856,12944100.0,175.53929483819877,179.17999959056502,175.53929483819877,177.84539794921875,16170500.0,187.7364468966917,196.77924657482464,185.98686236106005,196.26812744140625,6630000.0,76.74231422161792,77.5765817407765,76.5536168979823,76.82176971435547,28607300.0,83.52739663918811,83.78598991649717,80.70269875457306,80.72259521484375,39765700.0,181.75324520979888,182.66832569303935,177.54586016804495,179.11741638183594,7571900.0,410.4175985803548,412.8265903346469,363.7472002495992,379.2406921386719,58074900.0,,,,,,,882224.265,904180.0725,881226.27375,898192.125,3800763.0,187.10931916311432,188.73239740910836,184.39759952972864,185.51593017578125,3889200.0,705.656580247396,721.7858467057549,673.7173856675988,690.5054321289062,7146700.0,239.6999969482422,242.9600067138672,239.5,241.38999938964844,460300.0,287.6408926777202,287.6408926777202,275.3519095265745,285.3114013671875,8708000.0
2026-02-05,505.9100036621094,506.6300048828125,497.6099853515625,503.8900146484375,5033900.0,330.8975830078125,332.2098940118301,306.5194661993319,312.79126924034074,51842000.0,313.6819850898965,325.8464700699139,306.0579938188423,309.8600158691406,42775800.0,321.9129124269428,333.62989599425225,318.7518064489927,329.8006896972656,14812000.0,277.6142303156022,278.98168486317746,272.72332314901723,275.3983459472656,52977400.0,663.0123852284637,680.9170392363125,652.9409906690098,669.63671875,17131800.0,1061.896634965065,1071.3645073556497,1002.428447202777,1017.3876953125,7742400.0,24.985017982708083,24.985017982708083,24.82898181608001,24.965513229370117,22112162.0,174.71688060291817,176.604592702014,170.82163795446576,171.6706085205078,206312900.0,405.6335909812077,406.4897635323938,390.5806313349955,391.9246520996094,66289200.0,224.91000366210938,226.30999755859375,220.3800048828125,222.69000244140625,103509200.0,397.0199890136719,402.1000061035156,387.5299987792969,397.2099914550781,72819800.0,313.3961328396234,314.4009999973286,303.98430827226673,308.5807800292969,9388000.0,70.269960956853,70.63569565787436,69.01461394432201,69.05415344238281,4091000.0,128.07225151910504,129.08822789080259,126.0602240531838,126.43872833251953,30517800.0,161665.37605932204,163661.24489956058,158172.60558890458,158970.953125,38435228.0,145.09325864061893,146.039949211642,134.7792747837658,136.00498962402344,42789000.0,530.0568581380577,534.2878549227711,523.5627155806067,529.5648803710938,400469.0,6.542109163361809,6.591150180260477,6.522492663063491,6.571533679962158,334127511.0,161.13999938964844,161.47000122070312,156.7100067138672,157.75999450683594,10936700.0,81.48999786376953,83.30000305175781,80.54000091552734,80.87000274658203,54805700.0,553.8981203754394,560.9559989736855,549.0065629727045,550.9432373046875,4621600.0,331.62723473824406,336.19830919167754,327.46447374035984,327.773193359375,8339000.0,1324.4762211458667,1364.0773649758921,1314.9197614302143,1345.4427490234375,1790200.0,994.0575914763876,999.4997070043017,985.8994462889711,987.8565673828125,2988800.0,144.62781659622433,144.77581284046167,141.884842462186,144.1344757080078,18431700.0,215.1153589171868,218.06092321665352,212.2788901522648,217.21792602539062,10794000.0,136.82000732421875,137.97999572753906,128.32000732421875,130.00999450683594,93690800.0,232.4206527224898,236.95038470140014,232.41076791481981,235.18002319335938,10267500.0,54.42791486530437,54.695009772728724,53.66620059753408,54.34877395629883,32959700.0,6.252182423037887,6.320246786110191,6.223012312900143,6.281352996826172,169613086.0,8.729999542236328,8.859999656677246,8.710000038146973,8.829999923706055,122345086.0,381.25230731947215,381.5678228181492,375.4844156078666,377.0028076171875,3759700.0,306.26384870038396,308.7802025914955,302.0599811318349,305.9243469238281,4461900.0,201.86000061035156,204.0399932861328,190.72000122070312,192.5,62196400.0,91.87064898294207,92.07843307010826,89.95111656148778,91.03951263427734,12641300.0,157.65286786424556,158.45681171352453,154.95319521929093,157.42459106445312,13077700.0,266.4783020019531,274.75399105843275,264.2357570011935,272.17404228482235,13035300.0,176.28508273099644,177.08977578087993,174.09673390749023,175.8827362060547,10474100.0,197.270704562658,199.7869603162279,193.7125630671944,194.03692626953125,4492300.0,77.28856367891764,78.32146238491974,77.06013102447868,77.9738540649414,21633500.0,80.42420666740989,82.86099938831828,80.37447310646236,81.91612243652344,24236500.0,177.04854332536434,178.49078965970426,172.32393332089535,174.90008544921875,9571800.0,369.46480028783395,390.76585027465586,365.8463251223046,382.729248046875,38899500.0,,,,,,,849290.609337886,875238.3835362233,836316.7222387174,840308.6875,5473720.0,185.13985983697697,188.7027067622563,184.65491011349448,185.2289276123047,3380500.0,680.2448999136648,685.1954967372362,663.806225831836,677.0210571289062,2792800.0,237.36000061035156,238.99000549316406,236.77999877929688,237.19000244140625,375800.0,282.3995755634643,288.0357137283885,281.41250960911657,286.14056396484375,5532800.0
2026-02-06,504.17999267578125,509.6600036621094,502.8900146484375,508.0899963378906,4421600.0,322.6783752441406,330.2085444197576,319.732212669293,326.9228291868256,33877000.0,319.42994273184223,334.29874656285386,315.6378789762252,332.2231140136719,33003400.0,336.55166747921487,348.7373320345502,335.70404978586464,347.8697814941406,17025500.0,276.6060720438839,280.3890519626743,276.4164219647768,277.6042175292969,50453400.0,664.920685797671,671.4151252649915,645.9469408650316,660.8941650390625,18159300.0,1052.428759347951,1056.4351837493032,1029.7756484154418,1054.6014404296875,4887100.0,24.99151930855803,25.00452247801387,24.828982174971845,24.933006286621094,16856516.333333336,176.47474973392875,186.77218713146127,174.3872995354016,185.1841278076172,231346200.0,397.4002746193236,400.0086538663787,391.17798428483076,399.3615417480469,53515300.0,202.6999969482422,211.44000244140625,200.30999755859375,210.32000732421875,179210900.0,400.8699951171875,414.54998779296875,397.75,411.1099853515625,62677100.0,313.10760555212,322.59903993155126,313.10760555212,320.7584533691406,17797400.0,69.98331623143766,70.70489136767907,69.84493175212043,70.66535186767578,3552800.0,126.7873415914411,131.17992285780286,126.54829146247491,130.66197204589844,26593400.0,153781.7011546343,159968.8948415826,151286.86499054224,158272.40625,36358081.0,139.26361453151182,142.70160412102805,138.4265417142819,142.32293701171875,29962400.0,525.4322098288909,528.9744254233651,518.9381278870635,527.596923828125,328385.0,6.571533528526043,6.620575011988844,6.4930675291409585,6.54210901260376,336079896.0,160.4600067138672,162.86000061035156,159.5,162.50999450683594,10972100.0,81.0199966430664,82.48999786376953,80.6500015258789,82.19999694824219,46154100.0,552.1211725921991,555.8347613954587,538.8739188143962,547.798583984375,3779700.0,330.41226140265053,333.74845736517926,325.7515616346053,330.21307373046875,7798800.0,1367.5750968674263,1411.0227393016842,1363.73857264028,1408.0731201171875,1971000.0,986.7182525143253,999.9190682489734,982.0749657151235,999.7093505859375,2358600.0,144.6672665207462,147.57798958994934,144.1443264224402,147.06491088867188,17216000.0,216.95014294828525,223.96197883232952,216.70219992777294,221.5916290283203,6067100.0,135.3300018310547,137.68699645996094,132.35000610351562,135.89999389648438,62661400.0,236.3372023941143,238.29546586018128,235.36794792342116,237.35589599609375,8274000.0,54.95221167188521,56.25800651676454,54.695011257925614,55.92166519165039,42468000.0,6.2521823498985425,6.320246712174615,6.223012240102037,6.31052303314209,177582865.0,8.84000015258789,8.890000343322754,8.75,8.84000015258789,99958205.0,375.98728671118465,380.94668150677455,373.77873828046626,379.7438049316406,4685400.0,310.23808017268635,322.7099027651075,309.76876260455106,320.5330810546875,5800600.0,197.1300048828125,209.27000427246094,196.42999267578125,208.44000244140625,54504500.0,92.22274797277483,94.11194863982624,92.03382563026247,93.4358139038086,13205700.0,157.05735036526295,158.794271204482,156.82905843646145,157.9803924560547,10441700.0,274.5158386230469,275.66689369311825,264.354842531599,264.99982219373493,9572800.0,176.9327758464374,178.69916259679226,176.15752125725524,177.48231506347656,9901800.0,196.99548031238945,200.0326787871303,196.31726774077288,199.86558532714844,3050500.0,77.96392362110011,78.65914029126262,77.72556470237203,78.49030303955078,18512400.0,83.10965780464323,84.54189947098847,82.3636998681345,84.36286926269531,23936600.0,177.93377434562152,180.22148313539188,176.5512049533575,178.99806213378906,9139700.0,377.81128143293284,396.4834298764643,372.7134169593978,394.5242614746094,37196000.0,,,,,,,803382.9838349225,848292.5916269368,789411.1058551847,837314.6875,5581574.0,188.49488510469922,191.9686643127307,186.54520989382718,191.03836059570312,3117300.0,691.2539680724791,726.0178002725005,689.2078757187766,724.820068359375,3359700.0,244.75999450683594,246.36000061035156,241.86000061035156,244.22000122070312,337600.0,288.7168020644106,296.01123418921753,286.90060425762084,295.0636291503906,3744300.0
2026-02-08,506.27333577473956,508.29332478841144,499.15667724609375,501.4166564941406,4522533.333333333,323.5438944498698,328.27770928493425,318.10101475310864,322.8547925119268,28694533.333333332,326.52837233836294,345.83454345480084,325.1845217991397,339.5543924967448,31061800.0,344.03724794780675,355.305494344341,343.11649242858897,352.23082478841144,15405100.0,277.30482283909157,278.75897721419267,273.1054225475391,275.4462178548177,46566733.333333336,663.3820004942418,678.9553364091394,654.1266193073146,671.3918050130209,15944766.666666666,1066.4412478432241,1087.6094091406314,1036.1872995611088,1045.6252848307292,3911566.6666666665,25.004521960257918,25.043531468625446,24.82898289275552,24.867992401123047,6345225.0,181.51526947289182,191.20678732708865,180.61303945993282,188.26703389485678,208040333.33333334,401.1701514129726,408.70327504533367,396.45447765345045,407.6313781738281,48158766.666666664,206.87999979654947,212.35333251953125,202.336669921875,209.25333658854166,120522566.66666667,406.89666748046875,419.01666259765625,404.11000569661456,415.25,57215233.333333336,317.50510277029235,324.02507017269437,316.68927062147895,320.5594787597656,13584133.333333334,70.60934048436994,71.07391514801624,70.42482784964353,70.86963653564453,3268933.3333333335,129.5298003932978,131.2396835036621,127.23888242571587,129.22766621907553,26996000.0,163428.40220028276,165557.32906102634,160201.74740219596,163461.66666666666,28852007.666666668,145.07000394629807,153.69653717832455,143.80109990340435,151.47097778320312,43278466.666666664,526.8097601289559,529.2368583458982,522.2180078723418,527.0721842447916,293669.0,6.525761988469557,6.594419817533879,6.479989998976836,6.568264484405518,307471640.6666667,161.41333516438803,164.3066660563151,160.42666625976562,162.83666483561197,8497700.0,81.79333241780598,82.30333201090495,80.13000233968098,81.71333312988281,43518166.666666664,545.8918905263896,549.0264776301211,535.1470094802376,538.8739420572916,4000100.0,329.7350822522042,332.2148178892677,323.44112844671054,326.2295735677083,8275200.0,1396.4538801702347,1425.0535984915377,1390.365242100391,1419.0214436848958,1407066.6666666665,995.4855296958211,1005.4111094214835,988.1861034942633,997.3328450520834,2027333.3333333335,146.40381900305124,148.88039960783155,145.81510617593452,148.48572794596353,19936866.666666668,220.03786220723737,222.7321844427208,217.77331388542464,221.47923278808594,6534166.666666667,136.16333516438803,143.14232889811197,133.96733601888022,140.57333374023438,59582133.333333336,237.1877578323256,238.16359714284624,234.7481570478248,236.46576944986978,9010333.333333334,55.506184157529496,56.15908283016382,55.28195787022748,55.842525482177734,35468266.666666664,6.336452339802379,6.378587509340812,6.281352728784381,6.329970041910808,136640281.0,8.820000330607096,8.883333524068197,8.756666819254557,8.853333155314127,90523500.33333333,377.972356766208,380.55887591026124,373.18716843139623,377.01598103841144,3988000.0,317.12804668710965,323.5819631596965,313.8761207609953,317.69720458984375,5071133.333333333,203.6433308919271,214.8233388264974,201.57666015625,213.4800008138021,44042033.333333336,92.88562417807728,94.40361033525511,89.67398484909076,93.86005401611328,18098433.333333336,157.40142668143054,158.32447889439496,155.51232118422766,156.76290384928384,11107166.666666666,273.8874003092448,277.2346990530007,268.9259717290814,269.6900208241374,10105333.333333334,177.39726018362273,179.17019544908032,176.44537442727224,178.6206512451172,11314800.0,201.17614093330877,204.72445351190655,199.61986155770344,204.4983876546224,3400900.0,78.07648284747216,78.59955352038867,77.2488428567461,77.78846486409505,21781200.0,83.88545565304845,86.0338130267883,83.35830821101018,85.66249084472656,23251133.333333332,178.66319426650608,181.96545006815472,177.8508939525577,180.58288065592447,7463833.333333334,379.62385459099664,393.25812110723535,371.254028892023,387.06739298502606,33071733.333333332,,,,,,,865258.472721374,880893.6695408091,843967.9911757042,869250.4375,4679580.666666667,189.37900450674306,191.17032193039296,185.60171314258045,187.72622680664062,3059366.6666666665,712.500205881463,736.7307477589794,709.8951596828093,735.4132486979166,2784433.3333333335,241.53333028157553,244.0800018310547,239.70667012532553,243.0,363666.6666666667,290.96074065723326,294.58327609122034,287.40073019099896,293.3593037923177,4333300.0
2026-02-09,507.32000732421875,507.6099853515625,497.2900085449219,498.0799865722656,4573000.0,323.9766540527344,327.3122917175226,317.28541579501643,320.82077417447744,26103300.0,330.0775871416233,351.60244190077435,329.957843210597,343.22003173828125,30091000.0,347.78003818210266,358.5895754992364,346.8227137499511,354.4113464355469,14594900.0,277.6541982366954,277.9439398399519,271.4499228389202,274.3672180175781,44623400.0,662.6126578425271,682.7254419812133,658.2164585284562,676.640625,14837500.0,1073.4474920908606,1103.1965218362955,1039.3931251339422,1041.13720703125,3423800.0,24.84848759655599,25.04353141784668,24.770470440054865,25.04353141784668,9717142.0,184.03552934237337,193.42408742490235,183.7259094221984,189.80848693847656,196387400.0,403.0550898097971,413.05058563481117,399.0927243377603,411.76629638671875,45480500.0,208.97000122070312,212.80999755859375,203.35000610351562,208.72000122070312,91178400.0,409.9100036621094,421.25,407.2900085449219,417.32000732421875,54484300.0,319.70385137937853,324.73808529326595,318.4801031561584,320.4599914550781,11477500.0,70.92235261083607,71.25842703818482,70.7147758984051,70.9717788696289,3127000.0,130.90102979422613,131.2695638265917,127.58417790733635,128.51051330566406,27197300.0,168251.75272310697,168351.5461707482,164659.18860802284,166056.296875,25098971.0,147.97319865369118,159.19400370697278,146.48837899796555,156.0449981689453,49936500.0,527.4985352789884,529.3680748071647,523.8579478649809,526.809814453125,276311.0,6.502876218441314,6.5813422203063965,6.473451233894775,6.5813422203063965,293167513.0,161.88999938964844,165.02999877929688,160.88999938964844,163.0,7260500.0,82.18000030517578,82.20999908447266,79.87000274658203,81.47000122070312,42200200.0,542.7772494934849,545.6223357474523,533.2835548131582,534.41162109375,4110300.0,329.39649267698104,331.44799815131194,322.28591185276315,324.2378234863281,8513400.0,1410.893271821639,1432.0690280864646,1403.6785768304467,1424.49560546875,1125100.0,999.869168286569,1008.1571300077385,991.2416723838332,996.1445922851562,1861700.0,147.27209524420377,149.53160461677265,146.6504960526817,149.19613647460938,21297300.0,221.58172183671343,222.11728724791644,218.30887086425048,221.42303466796875,6767700.0,136.5800018310547,145.8699951171875,134.7760009765625,142.91000366210938,58042500.0,237.61303555143124,238.09766278417874,234.43826161002661,236.0207061767578,9378500.0,55.783170400351636,56.109620986863455,55.575431176378416,55.802955627441406,31968400.0,6.378587334754297,6.40775790792391,6.310522973125553,6.339693546295166,116168989.0,8.8100004196167,8.880000114440918,8.760000228881836,8.859999656677246,85806148.0,378.9648917937197,380.3649731120046,372.8913835068612,375.6520690917969,3639300.0,320.5730299443213,324.017993356991,315.9297998392174,316.2792663574219,4706400.0,206.89999389648438,217.60000610351562,204.14999389648438,216.0,38810800.0,93.2170622807285,94.54944118296955,88.49406445850491,94.07217407226562,20544800.0,157.57346483951432,158.08958273935144,154.85395255811076,156.15415954589844,11439900.0,273.57318115234375,278.01860173294193,271.21153632782267,272.0351201393386,10371600.0,177.62950235221538,179.40571187522434,176.58930101228074,179.1898193359375,12021300.0,203.26647124376842,207.0703408742947,201.2711584661687,206.81478881835938,3576100.0,78.13276246065818,78.5697601349517,77.01048193393314,77.43754577636719,23415600.0,84.27335457725107,86.7797698046882,83.85561238244803,86.31230163574219,22908400.0,179.02790422694838,182.83743353453616,178.5007384521578,181.3752899169922,6625900.0,380.53014117002857,391.6454667226209,370.5243348583356,383.3389587402344,31009600.0,,,,,,,896196.2171645998,897194.2084977452,871246.433835964,885218.3125,4228584.0,189.82106420776498,190.77115073922408,185.12996476695707,186.07015991210938,3030400.0,723.123324785955,742.0872215022189,720.2388016648257,740.7098388671875,2496800.0,239.9199981689453,242.94000244140625,238.6300048828125,242.38999938964844,376700.0,292.08270995364455,293.8692970422217,287.65079315768804,292.50714111328125,4627800.0
2026-02-10,497.8999938964844,501.3299865722656,497.29998779296875,500.29998779296875,3789100.0,318.2142028808594,321.21028797646636,314.2493823852293,320.49122633441056,25281900.0,346.7426387691113,347.2815169087097,339.12860585233244,339.72735595703125,19542700.0,363.30624936405627,363.7350642277155,355.3885881063554,360.89306640625,14622100.0,274.6369782150198,275.11651686144285,272.68876099546605,273.4280700683594,34376900.0,677.0202983345941,680.0677378888336,669.216982119095,670.1461791992188,10455800.0,1047.106886830628,1052.0800017961278,1020.417422880305,1021.5336303710938,3539400.0,24.96551421142967,25.219070434570312,24.96551421142967,25.219070434570312,9803705.0,191.1468699498802,192.24552080983682,187.89083145679504,188.31031799316406,136764800.0,417.75959730190846,421.80159473973595,410.8702943432265,411.437744140625,44857900.0,208.8000030517578,212.64999389648438,206.41000366210938,206.9600067138672,67175000.0,418.0799865722656,427.25,417.0,425.2099914550781,64450200.0,320.9076714905845,324.4694603347238,313.51550984428656,316.659423828125,9902200.0,69.68676872151188,70.1612351459116,69.45941849825226,69.86469268798828,3351100.0,128.43082101222566,128.829235341004,125.89088787029975,126.19966125488281,24662000.0,167054.2263645959,167752.7804772316,165158.15091601328,165457.53125,19369566.0,159.44312911203085,164.81436891576513,156.41371634940222,159.33351135253906,40092200.0,531.3359615795222,535.1734119910583,518.6429118083273,529.0728759765625,424913.0,6.581342323384208,6.679424827251743,6.561725822610701,6.600958824157715,358041118.0,163.74000549316406,168.2550048828125,162.3000030517578,166.50999450683594,10990000.0,82.72000122070312,84.66000366210938,82.08999633789062,82.20999908447266,43595800.0,535.350024576947,546.0615972892842,534.0821838204151,539.4629516601562,2222700.0,324.03822505585356,329.1975426584034,323.8785524124587,327.4910888671875,5801800.0,1436.1331836323307,1436.7518274930378,1407.7252621798193,1410.5390625,1200600.0,994.5668791266988,996.0047951316005,967.5960044824766,969.82275390625,1781500.0,149.33428146677946,149.75854737153173,147.82465966871308,149.57107543945312,15800300.0,221.90900600898843,223.95205410109338,220.1139009403572,220.6097869873047,6044500.0,144.96499633789062,145.55999755859375,137.77000427246094,139.50999450683594,56061300.0,237.3459856469766,237.86028237497558,235.26904421116984,235.73388671875,6723300.0,55.83263769026879,56.2184440002635,53.68599126037437,54.79393768310547,48304700.0,6.3396934426667615,6.427204697094615,6.3396934426667615,6.38831090927124,114597145.0,8.859999656677246,9.0,8.850000381469727,8.970000267028809,108946499.0,378.42263487380336,386.2413179252811,376.5788880096034,384.2102355957031,3160800.0,316.4789710492129,319.60442292357715,315.4205153980666,315.8698425292969,4610600.0,215.13999938964844,219.38999938964844,213.1300048828125,213.57000732421875,25326700.0,93.77387823715846,94.46990353381884,89.23980266838706,91.38752746582031,20148400.0,156.35264888745172,158.95306264875933,155.54870509985648,157.8910675048828,9910100.0,271.1123046875,277.33392522870173,270.546694561348,275.3791211558089,7284700.0,179.31737899860084,179.5332715351048,177.48230741213712,178.8561553955078,7458200.0,206.93274320843526,209.34087787946393,206.8541083418707,208.58404541015625,3611500.0,76.10669034423498,76.9806856661471,75.49092917902598,76.28546142578125,28848200.0,86.50127900639724,87.71470506709579,85.66580221531129,85.82494354248047,32113800.0,180.94759011467414,183.59337538951738,172.6223347223552,176.9391326904297,12854500.0,375.83210135336617,382.6292641429955,365.90627856367956,373.09326171875,35433800.0,,,,,,,892204.2183219178,903182.1225742009,874240.375,874240.375,3441377.0,192.01815427924402,193.87874663941204,188.63344279806566,191.404541015625,2726400.0,741.3386333870208,750.5710566234125,736.2682692982056,740.9593505859375,4008700.0,242.0,242.55999755859375,238.22000122070312,238.24000549316406,281300.0,292.83473856500086,295.43559151114187,288.20878175534256,289.62835693359375,3837300.0
2026-02-11,499.3500061035156,503.30999755859375,497.2799987792969,500.0199890136719,3614400.0,310.9236755371094,320.6260234898432,309.7252599216724,318.5437226409867,24008100.0,346.0740321364971,346.473219180328,333.0413730422485,342.0425109863281,17004700.0,369.0401067518016,378.5134129054634,367.3548834438525,373.0388488769531,18651300.0,274.44714753122867,279.92208361183503,274.1973776592452,275.24639892578125,51931300.0,673.4234361526849,678.6889475196376,656.5378686274887,668.1179809570312,14323800.0,1023.0285304073461,1026.6163314138576,1009.1954656267221,1011.7767333984375,2599900.0,25.160556585906146,25.199566094757916,25.10204418270425,25.18006134033203,7296012.0,192.2155516352278,193.0245624433192,188.54004197866425,189.8184814453125,144192700.0,414.3348470778888,414.61360447479314,399.23212070980424,402.57720947265625,42491000.0,208.05999755859375,208.57000732421875,202.49000549316406,204.0800018310547,65545500.0,427.9599914550781,436.3500061035156,420.0299987792969,428.2699890136719,57362000.0,321.5941717066872,323.6237932822943,307.15807190859783,309.2374267578125,8703500.0,68.89599316501521,69.15299612319218,68.1151126137258,68.69830322265625,3711900.0,126.19965702951212,129.22766054156153,126.12993376438375,128.26148986816406,19232100.0,163661.2552145411,168251.7538364124,161665.38624851013,167453.40625,22760242.0,163.09039916229338,163.09039916229338,153.46401630814597,156.61302185058594,24538900.0,527.8921040543107,529.564840346739,516.6749877929688,516.6749877929688,389742.0,6.600958658035024,6.679424659154341,6.5421091571955365,6.659808158874512,307749100.0,164.08999633789062,165.1999969482422,161.3800048828125,164.32000732421875,8756900.0,81.95999908447266,82.4800033569336,79.44999694824219,79.62000274658203,40840300.0,537.2267825510716,539.7723956244012,532.1953901016766,536.5379638671875,3691000.0,326.24366079752514,330.3551322103828,325.74469522888825,328.558837890625,8264300.0,1437.26072207045,1448.3265176914426,1406.268357806805,1432.5010986328125,1139300.0,971.8797689631986,988.1362099714881,965.7187257996974,976.7227783203125,1769400.0,151.91938464479432,154.83995408588135,151.52471798158845,153.4882049560547,23091500.0,220.44119063458308,222.3057119066139,216.2559111290729,219.07254028320312,8072400.0,139.02499389648438,139.25,132.9499969482422,135.67999267578125,52796100.0,236.7130182930035,238.61194270447737,234.79430917447928,238.21633911132812,6803900.0,55.367692818363686,55.50618563651188,52.667071543535066,53.270503997802734,48973500.0,6.41748103385875,6.41748103385875,6.32997024286944,6.378587245941162,99263907.0,8.979999542236328,8.979999542236328,8.90999984741211,8.960000038146973,50915765.0,379.59593227578426,385.925830931171,376.7169057319956,385.1961975097656,3229900.0,318.98533188066506,321.311929193643,312.3050608914394,313.2736511230469,5241100.0,217.8800048828125,219.64999389648438,209.2100067138672,213.5800018310547,33384700.0,92.12331475622464,92.55087064188663,87.9969047129332,88.44434356689453,15461700.0,157.45436291960067,159.93567853239364,157.00772913824767,158.80419921875,10217300.0,276.7583923339844,277.53237392426894,267.7186543791748,270.3383030122331,6333100.0,180.50479122311316,183.03660967308912,180.12207535124585,182.3496856689453,10502100.0,202.90278907255765,204.278876716848,196.36642150589606,199.1873779296875,3619200.0,76.35498469774771,78.51017155318033,76.057037940434,78.06324005126953,22649700.0,85.59618126730575,86.67036247951226,84.67119315484064,85.07898712158203,34455800.0,178.80907492041234,180.0722754282656,173.36831264171175,175.73558044433594,7777800.0,395.2239899172025,413.9860973904565,386.40768612441155,410.1676940917969,48475000.0,,,,,,,858272.5,872244.3779069767,846296.6046511629,858272.5,3125590.0,198.01563303056062,202.80569165682087,197.1348164025857,202.6473388671875,3483900.0,757.2383477300212,774.0662957102252,754.663233192813,773.52734375,3926300.0,241.25,242.91000366210938,240.99000549316406,242.80999755859375,319300.0,290.2041123840205,291.3556408691464,270.3700786344661,270.8168029785156,7628200.0
2026-02-12,501.2099914550781,507.7099914550781,499.8800048828125,500.010009765625,4689900.0,308.96624755859375,316.06698440393103,307.74783851722964,311.94236944068,28194000.0,343.1102481796043,345.5651205948349,328.87013049582544,330.4767761230469,22007300.0,377.935039592847,378.93222967092834,321.1949302363811,367.065673828125,16835400.0,275.3363333447182,275.46621856633783,259.94051360693726,261.4891052246094,81077200.0,669.3968787035581,675.421749916193,644.7280570616384,649.254150390625,14960100.0,1021.4040809660809,1056.2557899219587,1008.5776097089087,1034.7587890625,3592200.0,25.160554640679038,25.35559844970703,25.12154699491881,25.35559844970703,18734551.0,192.79485804306626,193.3741533411549,186.28279615580217,186.7122802734375,189932500.0,403.20440420967,404.3990960787573,396.24540458526855,400.05841064453125,40802400.0,203.9600067138672,203.9600067138672,197.55999755859375,199.60000610351562,83975400.0,430.29998779296875,436.2300109863281,414.0,417.07000732421875,61933400.0,310.68996020493864,312.0231336727285,298.492374829366,301.09906005859375,13443400.0,67.85811406160389,67.85811406160389,66.02945558119032,66.59288024902344,4952100.0,128.86908699895253,133.95890836521818,128.79935613162505,133.1122589111328,33382700.0,170846.37877939528,179229.02820548712,169748.65087835945,178231.09375,41296011.0,157.3803293726937,158.48646671051813,151.96923537258098,155.9353790283203,23285400.0,524.448277447085,526.1210137953337,515.7894811251754,516.0846557617188,452881.0,6.659808180991743,6.659808180991743,6.483259677886963,6.483259677886963,444916079.0,163.1199951171875,163.3699951171875,156.9600067138672,158.72999572753906,11457800.0,79.11000061035156,79.1500015258789,75.2300033569336,75.86000061035156,73516100.0,539.0036920428292,542.0684324810328,526.2456490174384,526.5551147460938,3466200.0,328.20961639281825,331.55266164507725,323.3297180668246,323.50933837890625,9392600.0,1432.1020100097699,1436.1132682257537,1389.1657612653646,1403.8038330078125,1518100.0,977.3318720829325,1007.7477599993804,976.722770549767,997.4127197265625,2970400.0,152.8525141182461,154.20334596774293,148.86955392329364,148.91920471191406,30652500.0,219.74695712860552,227.1654083906325,219.09238389374505,225.62815856933594,8712000.0,135.36000061035156,135.88999938964844,126.55999755859375,129.1300048828125,74090600.0,237.84050942813226,243.64609111049592,237.04928713623855,241.8658447265625,10254300.0,53.32985996108509,53.359535915517185,51.232674903116816,51.95481872558594,55481600.0,6.388311058579138,6.407757952945339,6.2910761230976,6.320246696472168,144545290.0,8.930000305175781,8.949999809265137,8.779999732971191,8.8100004196167,94679071.0,388.02589019857555,392.04863778444223,383.53976869299413,384.7426452636719,3702200.0,317.31774650217847,324.4074247247654,311.20665371266966,312.43487548828125,6163900.0,215.8300018310547,218.4600067138672,205.13999938964844,205.94000244140625,32181000.0,88.80229789192731,89.45854963769573,85.34208486194922,85.79946899414062,16858200.0,158.8240488540049,161.92072579242517,158.45680385674487,160.00515747070312,13512900.0,282.17626953125,284.1013061426968,273.68230666683036,276.01418403452675,12336900.0,182.33005712163924,182.33005712163924,178.68933739639448,178.99354553222656,9673700.0,199.7869493684309,200.94679484638806,196.9463305681826,200.25875854492188,3730600.0,78.44065016759795,79.86088502338698,78.2519452498483,78.46051025390625,26043500.0,79.18095013098791,79.93685630843974,73.69069539327175,74.59579467773438,68098600.0,176.48157657562479,177.8343075780841,164.52583797944067,167.1616668701172,14436700.0,422.07269506107974,438.5857472467042,410.9873554694847,413.7961730957031,45639100.0,,,,,,,880228.3023648649,892204.1976351351,876236.3372747748,886216.25,4619344.0,200.43045603162338,203.73599116407746,200.0147912935321,202.40982055664062,2723800.0,775.2141203737337,788.3091846105693,754.5734242387266,756.8490600585938,4893400.0,242.10000610351562,243.52000427246094,240.30999755859375,241.63999938964844,226900.0,268.32510825267593,269.31780200173444,255.34068734461837,257.6238708496094,12565400.0
2026-02-13,500.1499938964844,502.3800048828125,495.5,497.54998779296875,4685900.0,305.6206359863281,308.48691626632296,303.5034074415816,307.5830680236357,20236000.0,329.1595146617416,333.6201586063177,324.0103126922267,324.48931884765625,18397200.0,368.1127354278381,370.0672195884049,359.7562771552808,365.33056640625,10468200.0,261.7688319830923,261.9886306947134,255.21485759663088,255.5445556640625,56290700.0,644.5481137374378,650.872715705495,634.0271535178357,639.2227172851562,12336400.0,1038.1927834268372,1062.5109063439502,1031.9135537447264,1038.2127685546875,2698700.0,25.199564332712807,25.34909767349043,25.128049381093334,25.28408368428548,14114266.0,187.25162028422807,187.27160018883805,181.36879569323744,182.58731079101562,161888000.0,402.65686886295305,403.7420326637702,396.2852191820681,399.5407409667969,34091600.0,198.8800048828125,201.16000366210938,197.27999877929688,198.7899932861328,66321600.0,414.30999755859375,424.05999755859375,410.8800048828125,417.44000244140625,51434100.0,297.0000117729552,302.740652037527,295.0101951931391,301.0094909667969,9114500.0,66.72137686438583,67.6109967308553,66.58299238975594,67.49237823486328,2618400.0,132.17596397423097,134.118260374443,131.22971856884888,133.36126708984375,24131200.0,179129.230218681,184019.10892660043,178530.46956056842,180825.71875,34454192.0,158.69573980210455,161.7351274987914,154.7495156571849,159.5826416015625,18597000.0,515.6910438886957,515.6910438886957,503.78520658358275,505.9499206542969,575387.0,6.502876136787254,6.532300653270056,6.385177135467529,6.385177135467529,332351405.0,152.85499572753906,158.11000061035156,152.85499572753906,155.72999572753906,16045600.0,76.13999938964844,77.18000030517578,75.52999877929688,76.87000274658203,42292100.0,528.1523587247533,533.0738936588347,515.1347516770804,517.470703125,4017700.0,323.1600351388152,325.8045770845193,312.1728337423736,313.4302062988281,11653900.0,1411.7663428902738,1433.5288669673369,1397.9465530047908,1403.5443115234375,1248900.0,998.5510682231246,1021.3979215398074,992.3201193088877,1017.0042724609375,2661600.0,149.53503667709694,150.63755397112487,146.9823556296224,147.44918823242188,20166000.0,226.54058542130937,232.8085924722355,226.12404294765793,229.59524536132812,8252200.0,127.9000015258789,133.55999755859375,126.23300170898438,131.41000366210938,49438100.0,241.90539516837612,242.26144443944952,239.9471317231273,240.7779083251953,13268500.0,51.35138485567487,52.25159199342146,50.88644142208004,51.9844970703125,31772100.0,6.291076318763217,6.32024689304505,6.223012418189852,6.232735633850098,100228977.0,8.829999923706055,8.84000015258789,8.6899995803833,8.699999809265137,99439397.0,384.7229597567835,388.4696089239161,381.66646696821886,385.5610046386719,2875900.0,314.7614763322641,326.2047978701952,313.07393219990524,314.9512023925781,4393400.0,204.02000427246094,210.0500030517578,203.8800048828125,207.32000732421875,26123900.0,85.19293697552165,86.95287175519661,84.60628699161407,86.48554992675781,12425000.0,160.531204802217,161.35500342594642,158.51637768017062,158.87368774414062,13998900.0,290.92822265625,291.1961288714354,282.3151907629167,283.42654580952046,10281900.0,179.13093157289887,181.38798046319917,178.32625343131178,180.30853271484375,9034700.0,202.40151199625728,203.38442533054257,199.99337732687178,201.03526306152344,2590500.0,77.91425990780563,78.85777687982574,77.59644549910142,78.14269256591797,16711900.0,73.97913218719052,76.88340084703938,73.02430694126029,76.43582153320312,42886400.0,166.22669579802007,170.57334734556395,162.71556576931164,170.2351531982422,9162400.0,405.0198675621167,420.7032819419831,392.54509679679575,411.4871520996094,33807600.0,,,,,,,887214.2338778409,901186.1115767045,876236.3299715909,878232.3125,3534047.0,203.51825173570728,204.57721896297699,201.98424126977145,203.42918395996094,2504800.0,763.5463514387212,782.510247748964,745.999739795348,772.7288818359375,3232800.0,246.9600067138672,248.89999389648438,245.8699951171875,248.2899932861328,291000.0,258.1003965261278,262.72635342229563,254.76495978935756,260.4630126953125,6842600.0
2026-02-15,500.0849914550781,504.23500061035156,497.35499572753906,500.47999572753906,4474600.0,304.02272033691406,306.4895133822466,300.0079623796338,303.9153625439844,21993400.0,324.08516062502656,334.3336665872936,319.82908928684765,328.16661071777344,20933450.0,364.48296579347914,367.6191330780859,357.49764393914245,364.2536163330078,10266000.0,259.79064831713833,264.01676576892163,255.2598190377234,259.59083557128906,57379900.0,641.7505295379924,646.4614923915381,631.1446199404345,638.98291015625,12505550.0,1041.0029725205118,1063.8386625164537,1032.507586888219,1036.2412109375,2841650.0,25.27758371678035,25.336096121057224,25.141054153442383,25.141054153442383,4873696.0,184.3901081417171,187.09680596316397,180.16525754835902,183.6659927368164,162082450.0,400.0534579569121,401.2431519858477,394.53302853089536,397.32061767578125,33085200.0,198.5050048828125,201.45000457763672,196.63999938964844,199.9699935913086,68100400.0,413.3349914550781,418.88999938964844,405.69500732421875,414.0350036621094,55556450.0,299.1092299821178,304.70558915468723,297.98497875458605,303.287841796875,9005650.0,66.88941492869701,67.55168833940932,66.72137771290728,67.29468536376953,2048950.0,132.38015341179528,134.138182776016,129.4418061223725,130.8512191772461,31063550.0,181956.7127992961,186181.301913238,181258.15869005,183752.99479166666,31985924.0,158.06294508695584,160.23037814740496,153.54871278632214,156.5083770751953,19103900.0,514.1167503822936,518.1837745139932,507.78662069146964,508.63939412434894,372073.6666666667,6.483259652008609,6.510900892985045,6.374477198558035,6.37982719594782,313526117.90909094,154.61499786376953,158.12000274658203,153.15750122070312,155.57999420166016,11424600.0,76.52999877929688,77.5250015258789,75.41500091552734,76.93500137329102,39126800.0,521.1344307910189,529.0158756270175,514.6256272671825,519.2526550292969,3597850.0,318.45979436941377,323.25985619835694,312.96619367119297,316.1346130371094,10122800.0,1400.6506161205896,1429.4577508740404,1388.8414491461035,1410.114990234375,1173050.0,1009.7049080531656,1024.1738728724545,1000.6680024742398,1013.7939453125,2196900.0,148.36795885709432,149.38108656672387,145.57689786901935,146.32681274414062,19966300.0,228.64314764956137,233.06149428118943,227.70592328402125,230.2696533203125,7794300.0,128.39750289916992,133.94000244140625,126.76150131225586,132.21500396728516,48922600.0,241.67792144782754,242.03397071534917,239.5811877122099,240.71856689453125,12985750.0,51.91030528422715,52.61266391139391,51.47009244281461,52.07847595214844,33657250.0,6.28459410413852,6.294317628899131,6.261906137280732,6.2651472091674805,33409659.0,8.811818036166104,8.825454711914062,8.68636330691251,8.696363535794346,93018464.63636364,385.7237092549399,388.4696060845588,378.4127817516211,381.6122283935547,3180600.0,314.6516393910805,328.06209672816925,313.55823097375037,320.7777099609375,5128500.0,203.08499908447266,207.6750030517578,199.3550033569336,205.20000457763672,29918000.0,86.26182647992937,87.6439203731449,85.70997738184906,86.69435501098633,12393450.0,159.6428842154195,161.15648822178878,158.10447307179447,158.6156234741211,13659000.0,288.89404296875,291.57817753885007,284.2154198924934,287.57926770403026,8186800.0,180.38364412886847,181.7598995528249,177.72199974098538,179.60992431640625,9441850.0,200.52905900869678,201.72329507999535,197.86045296883697,199.53140258789062,2122150.0,78.18241531471537,78.97695511515887,77.89936174240012,78.57968521118164,16486050.0,75.25720663035476,77.01767160587966,74.5460637082335,76.43582153320312,33839550.0,168.92718445075008,171.92109732414556,166.33113499296542,170.42910766601562,7769650.0,402.90075562760956,417.09478993015705,393.83954432821,405.5496368408203,31178550.0,,,,,,,892536.8530429081,904512.7482053124,879562.9666253559,882889.6041666666,3451067.6666666665,204.73556726466416,206.83369634249,203.84485175012907,205.37390899658203,2396250.0,763.5463546887767,777.729344440562,747.2873002598466,768.0178527832031,3341550.0,245.22500610351562,247.20999908447266,244.20499420166016,246.89999389648438,277800.0,257.7033190147273,260.7608178024683,253.7772131943327,258.44287109375,5886150.0
2026-02-16,500.052490234375,505.1624984741211,498.2824935913086,501.9449996948242,4368950.0,303.22376251220703,305.4908119402084,298.2602398486599,302.0815098041587,22872100.0,321.54798360666905,334.69042057778154,317.7384775841581,330.00525665283203,22201575.0,362.6680809762996,366.39508982292637,356.3683273310732,363.7151412963867,10164900.0,258.8015564841613,265.0308333060258,255.28229975826963,261.61397552490234,57924500.0,640.3517374382698,644.2558807345597,629.7033531517338,638.8630065917969,12590125.0,1042.4080670673493,1064.5025406027057,1032.8046034599652,1035.2554321289062,2913125.0,25.121547535922534,25.1410522892605,24.88749607609391,24.965513229370117,5531724.0,182.9593520704616,187.00940885032696,179.56348847591983,184.2053337097168,162179675.0,398.7517525038916,399.9937116468865,393.656933205309,396.21055603027344,32582000.0,198.3175048828125,201.5950050354004,196.31999969482422,200.55999374389648,68989800.0,412.8474884033203,416.3050003051758,403.1025085449219,412.33250427246094,57617625.0,300.1638390866991,305.6880577132673,299.47237053530955,304.42701721191406,8951225.0,66.97343396085259,67.52203414368634,66.79057037448295,67.19583892822266,1764225.0,132.4822481305774,134.14814397680252,128.54784989913432,129.59619522094727,34529725.0,183370.45408960368,187262.3984065568,182622.0032547908,185216.6328125,30751790.0,157.74654772938146,159.47800347171176,152.94831135089075,154.97124481201172,19357350.0,513.3296036290926,519.4301398266418,509.78732774541305,509.984130859375,270417.0,6.473451409619287,6.50020101284254,6.369127230103287,6.377152226187966,304113474.3636364,155.49499893188477,158.12500381469727,153.30875396728516,155.5049934387207,9114100.0,76.7249984741211,77.69750213623047,75.35750198364258,76.96750068664551,37544150.0,517.6254668241518,526.986866611109,514.3710650622336,520.1436309814453,3387925.0,316.109673984713,321.9874957552758,313.3628736356026,317.48681640625,9357250.0,1395.0927527357476,1427.4221928273923,1384.2888972167598,1413.4003295898438,1135125.0,1015.281827968186,1025.5618485387781,1004.8419440569158,1012.1887817382812,1964550.0,147.784419947093,148.75285286452336,144.87416898871783,145.765625,19866450.0,229.69442876368737,233.1879451856664,228.4968634522029,230.6068572998047,7565350.0,128.64625358581543,134.1300048828125,127.0257511138916,132.61750411987305,48664850.0,241.56418458755329,241.920233853299,239.39821570675116,240.68889617919922,12844375.0,52.18976549850329,52.79319987038014,51.76191795318189,52.125465393066406,34599825.0,6.281352996826172,6.281352996826172,6.281352996826172,6.281352996826172,0.0,8.802727092396129,8.818181991577148,8.684545170177113,8.69454539905895,89807998.45454545,386.22408400401804,388.46960466488014,376.78593914332214,379.6378402709961,3332950.0,314.59672092048874,328.9907461571563,313.80038036067293,323.6909637451172,5496050.0,202.61749649047852,206.4875030517578,197.09250259399414,204.1400032043457,31815050.0,86.79627123213322,87.98944468211903,86.26182257696655,86.79875755310059,12377675.0,159.19872392202078,161.05723061970997,157.8985207676064,158.48659133911133,13489050.0,287.876953125,291.76920187255735,285.1655344572817,289.65562865128516,7139250.0,181.01000040685324,181.94585909763776,177.41987289582218,179.2606201171875,9645425.0,199.59283251491655,200.89272995472172,196.79399078981956,198.77947235107422,1887975.0,78.31649301817023,79.03654423282545,78.05081986404947,78.79818153381348,16373125.0,75.89624385193687,77.08480698529979,75.3069420917201,76.43582153320312,29316125.0,170.27742877711506,172.59497231343636,168.13891960479228,170.52608489990234,7073275.0,401.84119966035604,415.29054392424405,394.48676809391714,402.5808792114258,29864025.0,,,,,,,895198.1626254418,906176.0665196163,881226.2849522384,885218.25,3409578.0,205.34422502914262,207.96193503224652,204.77515699030786,206.34627151489258,2341975.0,763.5463563138044,775.3388927863609,747.9310804920958,765.6623382568359,3395925.0,244.35750579833984,246.3650016784668,243.37249374389648,246.20499420166016,271200.0,257.50478025902703,259.7780499925546,253.28333989682025,257.43280029296875,5407925.0
2026-02-17,500.0199890136719,506.0899963378906,499.2099914550781,503.4100036621094,4263300.0,302.4248046875,304.49211049817023,296.51251731768605,300.24765706433305,23750800.0,319.01080658831154,335.0471745682695,315.64786588146853,331.8439025878906,23469700.0,360.85319615912016,365.1710465677669,355.239010723004,363.1766662597656,10063800.0,257.8124646511843,266.0449008431299,255.30478047881587,263.6371154785156,58469100.0,638.952945338547,642.0502690775812,628.2620863630333,638.7431030273438,12674700.0,1043.8131616141866,1065.1664186889575,1033.1016200317115,1034.2696533203125,2984600.0,24.887495912529094,24.926503558873,24.672947347372826,24.809478759765625,5259274.0,181.5285959992061,186.92201173748992,178.9617194034806,184.7446746826172,162276900.0,397.45004705087115,398.7442713079252,392.78083787972264,395.1004943847656,32078800.0,198.1300048828125,201.74000549316406,196.0,201.14999389648438,69879200.0,412.3599853515625,413.7200012207031,400.510009765625,410.6300048828125,59678800.0,301.21844819128046,306.6705262718474,300.95976231603305,305.5661926269531,8896800.0,67.05745299300818,67.49237994796334,66.85976303605862,67.09699249267578,1479500.0,132.58434284935956,134.15810517758902,127.65389367589613,128.34117126464844,37995900.0,184784.19537991122,188343.49489987557,183985.84781953157,186680.27083333334,29517656.0,157.4301503718071,158.72562879601853,152.34790991545935,153.43411254882812,19610800.0,507.2290681052627,520.61083909015,506.93389346186694,519.2333374023438,319076.0,6.463643167229964,6.489501132700035,6.36377726164854,6.374477256428111,294700830.8181818,156.375,158.1300048828125,153.4600067138672,155.42999267578125,6803600.0,76.91999816894531,77.87000274658203,75.30000305175781,77.0,35961500.0,514.1165028572846,524.9578575952004,514.1165028572846,521.0346069335938,3178000.0,313.7595536000123,320.71513531219466,313.7595536000123,318.8390197753906,8591700.0,1389.5348893509054,1425.386634780744,1379.736345287416,1416.6856689453125,1097200.0,1020.8587478832064,1026.9498242051018,1009.0158856395919,1010.5836181640625,1732200.0,147.20088103709168,148.12461916232286,144.1714401084163,145.20443725585938,19766600.0,230.74570987781337,233.31439609014336,229.28780362038455,230.94406127929688,7336400.0,128.89500427246094,134.32000732421875,127.29000091552734,133.02000427246094,48407100.0,241.450447727279,241.80649699124882,239.21524370129245,240.6592254638672,12703000.0,52.469225712779426,52.97373582936637,52.05374346354918,52.172454833984375,35542400.0,6.266767852167092,6.29350739070859,6.252182680938812,6.269198656082153,25525739.75,8.793636148626154,8.810909271240234,8.682727033441717,8.692727262323553,86597532.27272728,386.7244587530962,388.4696032452015,375.15909653502325,377.6634521484375,3485300.0,314.5418024498969,329.9193955861433,314.0425297475955,326.6042175292969,5863600.0,202.14999389648438,205.3000030517578,194.8300018310547,203.0800018310547,33712100.0,87.33071598433709,88.33496899109318,86.81366777208405,86.90316009521484,12361900.0,158.75456362862204,160.95797301763113,157.69256846341835,158.35755920410156,13319100.0,286.85986328125,291.9602262062647,286.11564902207004,291.73198959854005,6091700.0,181.63635668483803,182.13181864245064,177.11774605065898,178.91131591796875,9849000.0,198.6566060211363,200.0621648294481,195.72752861080215,198.0275421142578,1653800.0,78.45057072162511,79.09613335049202,78.20227798569883,79.01667785644531,16260200.0,76.535281073519,77.15194236471993,76.0678204752067,76.43582153320312,24792700.0,171.62767310348005,173.26884730272718,169.94670421661917,170.62306213378906,6376900.0,400.78164369310247,413.486297918331,395.1339918596243,399.61212158203125,28549500.0,,,,,,,897859.4722079753,907839.3848339202,882889.603279121,887546.8958333334,3368088.3333333335,205.95288279362106,209.09017372200302,205.70546223048666,207.31863403320312,2287700.0,763.5463579388321,772.9484411321599,748.5748607243452,763.3068237304688,3450300.0,243.49000549316406,245.52000427246094,242.5399932861328,245.50999450683594,264600.0,257.30624150332676,258.7952821826409,252.78946659930781,256.4227294921875,4929700.0
2026-02-18,504.739990234375,505.2699890136719,497.67999267578125,499.07000732421875,3732500.0,303.5433654785156,305.51079587835017,301.58593178171805,302.0373377837931,15847700.0,328.83019085840954,337.17270635210474,326.54500653910026,332.8118591308594,13565300.0,362.8375757643795,368.3520662408341,359.6964330306747,361.2420959472656,7310500.0,263.35737977838915,266.57441720150126,262.20844437502524,264.106689453125,34203300.0,633.2578140286595,644.4482453696517,627.6126838179015,642.6697387695312,14649200.0,1030.585923449878,1035.7570754830406,1009.5721090672547,1018.8062133789062,3236900.0,24.672947509527596,24.965513229370117,24.63393986292732,24.965513229370117,4460950.0,188.52005804720127,190.13807962880853,186.53247684939709,187.75099182128906,164749100.0,396.3648852083561,400.77523739702553,394.5629123207548,397.828369140625,23223400.0,202.07000732421875,206.86000061035156,201.50999450683594,204.7899932861328,51003300.0,411.1099853515625,416.8999938964844,409.5799865722656,411.32000732421875,45921400.0,306.8894162356143,310.6899733588093,305.6557396172298,307.2077941894531,7209600.0,67.70983865835208,68.04591306978281,67.23537223713396,67.54180145263672,2584200.0,127.62401899026196,128.36108700029487,125.27333043232424,126.11997985839844,36485000.0,186197.93667021877,189424.59139319437,185349.69238427238,188143.90885416666,28283522.0,153.87259581349628,156.752536862897,150.84316769997875,155.62646484375,14801100.0,520.5124563614086,525.9242115787767,514.8055265069959,525.3338623046875,372173.0,6.453834924840642,6.478801252557529,6.358427293193793,6.371802286668257,285288187.27272725,156.8800048828125,157.5,155.57000732421875,155.77000427246094,4506600.0,77.31999969482422,78.31999969482422,76.27999877929688,77.98999786376953,29883100.0,521.5936467192967,529.8494788431035,518.5089818059424,527.07421875,3575900.0,318.83902681983574,321.61327441091976,316.0647792287517,319.6373596191406,7091900.0,1433.3392092163335,1473.2819937558563,1424.2690548195014,1465.5189208984375,1334400.0,1008.5365937949513,1014.5279002927431,992.0605009260238,994.6367797851562,1926800.0,147.1512117547303,149.96213457527915,146.61485893888485,149.66415405273438,19849700.0,232.0746750669173,232.0746750669173,224.20992945360547,226.83811950683594,5495100.0,135.88999938964844,140.96299743652344,134.8699951171875,135.3800048828125,59677100.0,240.5702180251247,242.3801338676713,240.15482973047114,242.30101013183594,8129700.0,52.41976456867928,53.03309155514433,52.221916058115774,52.78578186035156,30698900.0,6.2521827075080125,6.305661784591008,6.223012365051453,6.257044315338135,51051479.5,8.78454520485618,8.80363655090332,8.68090889670632,8.690909125588156,83387066.0909091,377.37750721462396,379.7142357565836,374.2125729925531,378.1366882324219,2982600.0,329.8694854133246,331.3073932552023,326.02507945376516,329.1005859375,3988900.0,198.41000366210938,203.1999969482422,195.0,200.1199951171875,35664100.0,87.32077310146762,88.89179316374123,87.15174131383698,88.05656433105469,8250900.0,157.79181864584456,157.79181864584456,154.60581787124107,155.6876678466797,14434300.0,285.97674560546875,287.89184970361094,284.08147631938635,287.76284771983296,6632000.0,181.56699639220273,182.25073635678643,180.32834141876847,182.20118713378906,10313400.0,198.37156519507528,202.2835558465933,197.74248629828205,201.6938018798828,1753100.0,78.95709264488532,79.29476713985075,78.38105165986912,78.94715881347656,16304900.0,76.13743929722334,78.17638633585688,76.07775750524631,77.75865173339844,20648800.0,172.56265187913957,176.36222499629986,172.5228571913135,175.6460723876953,6343300.0,399.3322490936073,427.6703509687872,394.434312715064,420.77325439453125,32306600.0,,,,,,,900520.7817905089,909502.7031482242,884552.9216060034,889875.5416666666,3326598.6666666665,210.4658360005256,210.51532313449323,205.3788697165252,206.51699829101562,2604100.0,763.6561226404459,771.2317269197716,748.9541320943854,750.5410766601562,2563700.0,243.57000732421875,244.8300018310547,242.64999389648438,243.1999969482422,241700.0,256.7503275212299,259.20225201503723,254.37777490364303,258.8846130371094,3949200.0
2026-02-19,497.8699951171875,500.5,495.67999267578125,496.94000244140625,2610400.0,303.163818359375,305.63059595669705,300.27760597580755,302.1251671400422,13448600.0,332.31290349221706,337.73152929658954,328.98985729134307,333.29083251953125,15180900.0,358.70921910560816,361.7805511817895,356.43562692583515,359.3773498535156,6346500.0,262.35827847824623,264.2365527856389,259.81060750150084,260.3401184082031,30845300.0,638.0237449576674,646.6363661317032,636.1752909436037,644.2284545898438,10035700.0,1009.0829543394955,1023.4681645324832,1005.2695115421718,1021.4616088867188,2145800.0,24.98501880910913,25.06303596496582,24.907001653252436,25.06303596496582,8432396.0,186.8321237354349,188.20044994409497,185.43383529156333,187.6710968017578,126554500.0,399.82403795970674,403.55594539020564,395.8127368785549,397.5988464355469,28234000.0,203.8000030517578,205.63999938964844,202.80999755859375,204.86000061035156,35669600.0,407.25,415.25,404.1099853515625,411.7099914550781,51019600.0,305.6060125002564,307.6057576457843,303.5664321569553,306.48150634765625,6737700.0,67.47261384056551,67.63076429754683,66.94872866839543,67.34410858154297,1373000.0,127.9925545127162,129.5862422047388,123.90874690025707,124.37689208984375,42993300.0,187611.67796052631,190505.68788651316,186713.53694901316,189607.546875,27049388.0,156.64290979185859,159.5228506701595,155.22785386191407,155.9951629638672,14976300.0,520.6108338391148,523.2675257146373,514.903903919471,522.9723510742188,352903.0,6.44402668245132,6.468101372415023,6.353077324739044,6.369127316908403,275875543.72727275,155.22500610351562,155.5,153.14999389648438,154.27000427246094,6582500.0,77.75,78.69999694824219,76.58999633789062,77.0,30139200.0,523.9096748681127,525.6267558554373,515.1646930851814,519.3674926757812,3009400.0,316.83314883690497,319.5375641615583,315.07681073429376,318.2701721191406,5967600.0,1435.9037011602354,1456.608477254225,1424.4685950062456,1455.7503662109375,1135200.0,990.8722174976581,1006.39967456691,982.6840864709835,986.3887329101562,1750000.0,151.17391296007145,152.34596565632472,149.82308104142925,149.95220947265625,20305000.0,227.08605630267382,227.48275908475674,221.18501540305448,222.5040740966797,5410800.0,132.30999755859375,136.16000366210938,131.00999450683594,134.88999938964844,42197200.0,241.93504723210512,244.24937487280008,241.58889788520008,244.19992065429688,7553900.0,51.351387186558114,52.24170363733354,51.27225004295954,52.20213317871094,47148600.0,6.237597562848932,6.317816178473427,6.193842049164092,6.244889974594116,76577219.25,8.775454261086203,8.796363830566406,8.679090759970926,8.689090988852762,80176599.9090909,378.3535966330926,378.3535966330926,372.09275293003105,373.2660217285156,2930900.0,327.562846282612,335.3914386749727,325.0964378900386,334.2530822753906,4456700.0,200.11000061035156,204.10000610351562,198.2899932861328,203.3699951171875,25842300.0,87.34065112054601,87.65883929479293,86.10770228943365,87.07218933105469,10427300.0,155.65788811225167,158.76450001144985,155.65788811225167,157.3749542236328,10724600.0,287.6933898925781,288.64600598150304,284.6768631241196,288.64600598150304,4931800.0,183.6082862875786,186.19459832082563,183.06329022840052,183.10292053222656,10773300.0,199.1480633020725,199.7279785465929,196.45487547443875,196.8382110595703,1856800.0,78.91736375043509,79.12592874323063,78.05330228545945,78.37112426757812,14924700.0,77.56967658511464,78.73337672443843,77.45032817266454,78.13660430908203,18443200.0,174.2237282503056,175.33773670462693,171.60778142214724,173.4379425048828,7259500.0,415.6353818204169,420.14349764725006,407.5687634245411,417.17474365234375,21651300.0,,,,,,,903182.0913730426,911166.021462528,886216.239932886,892204.1875,3285109.0,208.75,208.9499969482422,205.72000122070312,208.6199951171875,2036900.0,750.5710790332733,760.5520774246734,742.7360196636963,759.0848999023438,2908000.0,241.14999389648438,241.92999267578125,240.66000366210938,241.64999389648438,214300.0,254.129609207573,256.39294982779353,251.65779622748514,254.40756225585938,4948700.0
2026-02-20,496.6499938964844,498.3399963378906,491.80999755859375,498.20001220703125,4326700.0,314.4890441894531,316.3466327070812,304.0227402687717,304.4022187611668,33663100.0,331.6642423408814,339.39801894284784,328.89006304890444,331.9536437988281,17658900.0,358.7690647648194,371.15417960431387,358.09098277814786,369.49884033203125,9009200.0,258.73163460792017,264.5063132392292,257.9223826043077,264.3364562988281,42070500.0,639.1428111159805,662.7825455010891,638.2336163631846,655.09912109375,14183500.0,1022.1005406967669,1026.8823483519013,1000.7373519273956,1007.7852172851562,3249400.0,24.99477043024903,25.131300449371338,24.921629463568152,25.131300449371338,8545173.0,186.342734664171,190.09814888521723,185.71349722992974,189.58877563476562,178422300.0,395.2539159508346,399.2552593187824,394.3059873534157,396.37152099609375,34015200.0,204.75999450683594,211.1699981689453,203.75,210.11000061035156,65881600.0,408.29998779296875,414.70001220703125,405.5,411.82000732421875,57912200.0,306.829734990155,309.4165028225248,304.12358301143166,309.20758056640625,7792700.0,65.9009511871686,67.28480351584442,65.71314798968731,67.2650375366211,1998000.0,122.51428087573963,122.99238873015149,120.57198434058695,122.50431823730469,35151000.0,189607.55030247237,189906.93064505522,188210.44203708574,189707.34375,24213880.0,152.76645438659003,153.45405532849043,146.8770200297793,147.5646209716797,29621900.0,532.7135141559905,550.2279094672734,531.43432400347,545.8001098632812,929807.0,6.434218440061998,6.457401492272518,6.347727356284297,6.366452347148549,266462900.1818182,150.85000610351562,155.49000549316406,150.42999267578125,154.4499969482422,8758700.0,76.61000061035156,78.8499984741211,76.4000015258789,78.66999816894531,32411300.0,519.3574914944878,526.5950538459247,517.7003660965215,525.5068969726562,2838500.0,317.4518595119579,321.68310824371105,317.162481409299,320.2860107421875,6831100.0,1446.2611221889601,1483.7691629928868,1445.1634221278275,1466.3870849609375,1102500.0,981.705493363883,985.9393400415574,976.3931944929476,983.8424072265625,1662200.0,149.47544461771784,149.79327938752533,145.47261494560635,146.28707885742188,25908600.0,223.18838471570882,224.82481774591858,221.27427184389998,222.9602813720703,6830300.0,132.36500549316406,136.2100067138672,131.1699981689453,135.24000549316406,53726800.0,243.76475689710122,244.170260376332,237.6426956610537,239.8284454345703,13565800.0,51.96471074936633,52.51868581235043,51.27224663769419,52.489009857177734,33552000.0,6.223012418189852,6.329970572355845,6.164671733276733,6.232735633850098,102102959.0,8.766363317316229,8.789091110229492,8.67727262323553,8.687272852117365,76966133.72727273,372.1519090514545,379.4184547233535,370.67296390501485,376.884521484375,3984100.0,338.33713508948534,343.7991798177903,336.3001243502668,342.72076416015625,5035400.0,200.1199951171875,204.8699951171875,198.55999755859375,200.14999389648438,36317300.0,86.86338379534273,88.20570791120146,85.65031793540311,88.19576263427734,14255000.0,157.94070688728465,159.85627527883125,156.9779552139456,159.578369140625,11508100.0,287.7628479003906,288.5566643334604,283.3471645007809,286.6713275933028,6974100.0,182.9146488136793,183.2119290235714,180.66526232749803,182.26063537597656,9566200.0,197.6933576846626,201.8215905629301,196.94633397466427,199.12840270996094,1657200.0,78.78825753094516,79.29476928710938,78.35125986464499,79.29476928710938,17175100.0,77.70892219112213,78.90245944481099,77.70892219112213,78.77315521240234,29461600.0,172.52285173509014,174.49226375785463,170.64295499126357,174.47238159179688,4272600.0,415.00563825173424,430.3891898788619,414.97565207039486,427.9902038574219,29894900.0,,,,,,,890208.1867755533,953081.6349446786,879230.2831269758,947093.6875,5054333.0,206.60000610351562,207.69000244140625,204.0500030517578,204.1999969482422,1592700.0,753.5653424199725,770.5030666368694,750.6808194025572,758.2963256835938,2095100.0,234.42999267578125,239.61000061035156,234.1300048828125,239.60000610351562,288800.0,253.335456660837,257.1474123938344,251.94569138916975,255.28114318847656,4708600.0
2026-02-23,496.5,503.54998779296875,493.7300109863281,494.0899963378906,3556500.0,311.2832336425781,319.0380841366731,309.5854400242665,318.7235232646917,17641200.0,331.5545040034344,337.7914209335216,324.6390178202407,329.64849853515625,16472400.0,365.9787592646981,372.38070285599144,365.43028643422855,369.000244140625,9550200.0,263.24744081710827,269.1819753311392,263.13755670993424,265.9349670410156,37308200.0,651.9817939677475,657.1374142434245,635.455964272141,636.7048950195312,8605900.0,1045.2207588154968,1062.6207378375525,1032.2231136507573,1056.740966796875,4767600.0,25.02402529366874,25.33609390258789,24.965512894515307,25.33609390258789,8883504.0,191.16683922839312,193.71373598373438,189.3490641935772,191.31666564941406,171584800.0,394.14630950985264,394.50551684604494,382.27203437696886,383.6390686035156,43238300.0,208.10000610351562,208.42999267578125,203.11000061035156,205.27000427246094,53581500.0,407.2900085449219,407.70001220703125,394.0400085449219,399.8299865722656,69680000.0,307.22769310292153,309.4165036660153,293.5974666249826,296.1543884277344,12955400.0,67.71972405395286,68.21395644296443,67.10687317667893,67.19583892822266,1581000.0,123.0322212206814,126.29927501801508,122.47443506957713,125.31317901611328,25662800.0,193998.45194300517,197191.8420984456,190106.50769106217,192601.34375,26364684.0,145.18293679819485,145.29255455777212,138.10764185605854,140.81817626953125,31749800.0,545.6033358556823,560.4610401857577,543.1434470556115,549.0471801757812,510414.0,6.404793712894031,6.425301851845002,6.331677450920055,6.358427437868985,238224969.54545456,155.5,156.3300018310547,152.57000732421875,152.77999877929688,6751000.0,77.79000091552734,77.83000183105469,75.01000213623047,76.0199966430664,38363000.0,519.5770911578213,521.8232312252796,489.1593924686803,495.1790466308594,6312300.0,318.3799825277642,319.85690123125556,304.0796111997443,305.8858642578125,13048000.0,1468.1931751187046,1489.7560624920507,1458.813637629454,1482.7513427734375,1284200.0,980.3774523181329,989.8736829776,976.6428809764551,984.5913696289062,1489300.0,147.15121695350626,150.2501932791706,147.13136269897575,149.74362182617188,16073100.0,223.96198351522077,229.52581048394183,223.93221642955518,227.59185791015625,5463200.0,132.0399932861328,132.0399932861328,127.38999938964844,130.60000610351562,52512200.0,240.95592795431625,244.10101710886994,239.93723441623308,243.14166259765625,9622700.0,52.27137697207726,52.68685544583059,50.34236060793832,50.520423889160156,50602500.0,6.339693458023575,6.388310924745821,6.281352776147194,6.378587245941162,96488319.0,8.739090486006303,8.76727294921875,8.671818213029342,8.681818441911178,67334735.18181819,375.642218194377,378.7480272407957,364.39237122962066,371.6983642578125,5495700.0,341.65229425149084,342.78065540190806,336.50979166051496,338.49688720703125,5045100.0,198.08999633789062,199.3800048828125,194.14999389648438,196.60000610351562,28187900.0,87.66878364517419,88.09633955426678,83.30373981296177,84.66595458984375,20607000.0,159.12181881303948,164.12414454817443,159.1019640471176,163.93556213378906,14772400.0,280.16192626953125,289.5191726640262,279.4971118432662,286.3240116656432,7247500.0,182.99392329792755,184.93614088506752,182.37955528988812,183.23175048828125,7047200.0,195.7177019934283,195.81599932792693,192.70998953380817,193.34889221191406,2117900.0,78.97695084795251,80.29787003398283,78.9570907629016,80.00984954833984,17157700.0,78.42504035127362,79.05164985428186,76.52533814664268,77.3210220336914,24485900.0,173.03014846121823,174.68126382558387,165.71942991558146,165.90841674804688,7795500.0,422.13267710547626,431.5187490538549,415.1256107182112,420.7932434082031,25426600.0,,,,,,,978031.4984227129,978031.4984227129,939109.8367507886,949089.75,3523887.0,204.60000610351562,207.33999633789062,204.25999450683594,204.94000244140625,1815400.0,757.5078606846106,766.5206702635879,751.3496019329682,755.0325317382812,2289600.0,237.9499969482422,240.6199951171875,237.0,238.02999877929688,226400.0,252.51150409641878,253.32552024133855,219.1073655001113,221.71815490722656,19522900.0
2026-02-24,493.489990234375,495.2200012207031,488.260009765625,494.510009765625,3224300.0,310.5142517089844,311.962341120562,305.69053796389596,310.23461833809165,15040700.0,321.8648179358508,327.6227283165058,313.79175682897045,324.8086242675781,23614400.0,378.33391351146565,388.08643136026217,374.9933206284406,384.66607666015625,13269500.0,267.61343657617186,274.6369951599546,267.46358073991865,271.8895263671875,47014600.0,632.5384628258726,640.5615620292823,628.4419334902003,638.7531127929688,10135600.0,1041.157682974726,1057.0803466475645,1022.3201151970201,1040.359130859375,2803100.0,25.2190706417166,25.25807829017171,25.10204397619978,25.199565887451172,5590040.0,191.2567378902843,193.53395924081437,187.171708627792,192.61508178710938,175123600.0,383.30981969967445,388.5185091169527,380.88504821898124,388.1593017578125,33884700.0,205.47000122070312,210.36000061035156,203.25,208.55999755859375,41137200.0,399.5,410.82000732421875,397.6400146484375,409.3800048828125,58579500.0,295.3086878147805,298.22376183621185,289.89638425356503,295.7862243652344,13554100.0,65.88118604552197,66.43472396747427,65.76256754450851,66.19749450683594,2649600.0,125.40283167911777,127.53437276929525,124.41674324410326,126.24947357177734,20161200.0,192601.349453125,199586.890625,191603.41499999998,199586.890625,28060617.0,140.34980638633397,146.249200155314,138.24714957833874,145.63136291503906,21336600.0,545.7017021601125,557.2139936453863,543.2418133835959,552.7861938476562,377541.0,6.394985470504708,6.4146019717024965,6.326327482465308,6.355752468109131,228812326.0,152.10000610351562,153.72999572753906,150.89999389648438,153.11000061035156,6655200.0,75.7300033569336,78.12000274658203,75.20999908447266,78.04000091552734,33079100.0,492.8929588577325,498.39351597368477,490.4172328980602,497.1456604003906,5292900.0,304.86796881092005,308.6301583134982,302.45296200827346,306.58441162109375,9120200.0,1496.7507768836833,1504.0647575482915,1470.7176732570902,1494.53564453125,1538900.0,984.9508091994448,997.4326975731409,983.6127239492275,996.9833374023438,1671100.0,149.40590636909334,149.7038868797102,147.0320197225123,148.25372314453125,14185500.0,227.11581476882975,228.86132824659705,225.79675603737115,226.5604248046875,4880800.0,129.0050048828125,130.24000549316406,126.37000274658203,128.83999633789062,47121400.0,243.94705977412517,245.83618923451164,243.14167872556501,244.87173461914062,7246300.0,50.19397377883414,50.332466594376335,48.937640164971654,49.867523193359375,53062700.0,6.291076228187146,6.320246802048995,6.2521824388050415,6.271629333496094,123784098.0,8.729999542236328,8.760000228881836,8.670000076293945,8.680000305175781,64124269.0,383.64823761864784,388.8147067462792,376.8450955826656,379.083251953125,5675800.0,337.48837633047816,346.2955233657685,330.23892716692006,345.1372375488281,6171900.0,211.6300048828125,216.7100067138672,206.5,213.83999633789062,81367000.0,83.92021686875192,84.70572690381086,82.00118794412036,84.08924865722656,18817700.0,163.66757394503628,165.6228518855779,162.7147572180737,164.04473876953125,9709500.0,271.836669921875,280.2214656182002,269.70323151732475,280.0230266545793,9684500.0,183.6082876936762,184.2722200303141,182.18136994052537,183.6578369140625,7451800.0,191.56979210026748,195.27537936198925,189.92832872391355,193.1031494140625,2947300.0,79.98999112867887,80.5362306178216,79.30470073211256,80.16876220703125,16448500.0,77.32101872030408,78.28579212660306,77.0524772221484,77.71886444091797,19485100.0,164.58551071030897,169.40959196737347,163.23277974173604,167.88775634765625,7413800.0,429.03975664153035,436.08678389659474,411.1072878383078,417.83447265625,33389200.0,,,,,,,950087.711442786,1002981.25,944099.7636815921,1002981.25,4102382.0,208.99000549316406,209.35000610351562,206.49000549316406,206.61000061035156,1710800.0,753.5653615568204,772.4693745205891,750.2616536005371,766.7702026367188,2615300.0,236.0,238.9600067138672,235.72000122070312,238.63999938964844,261900.0,226.13564771128213,234.8614194343222,221.99611643710978,227.64454650878906,13379800.0
2026-02-25,495.6199951171875,497.2300109863281,490.8999938964844,493.989990234375,3475500.0,312.6214904785156,313.25067319659894,308.95626646698753,311.71267438325657,20209100.0,330.0476590225998,335.2068501676741,328.590723737574,331.6143798828125,20182300.0,389.11354545099755,389.11354545099755,383.74865777426606,386.6405334472656,10948400.0,271.5298429675081,274.6869380517792,270.8005039088116,273.97760009765625,33714300.0,641.9803720795121,653.3206382422114,641.5906910720822,653.1307983398438,11330700.0,1034.7986940966075,1051.819444072113,1025.2352002657751,1027.06201171875,2481900.0,25.06303550468136,25.219069813529163,25.02402599743157,25.10204315185547,7931845.0,194.2131137016724,197.38924768090467,193.5539140704845,195.32176208496094,250637100.0,389.68597856263057,400.60233728073825,389.31678308531696,399.7342224121094,43625500.0,210.4600067138672,211.58999633789062,208.92999267578125,210.63999938964844,41346400.0,412.1499938964844,420.3399963378906,412.1499938964844,417.3999938964844,54809700.0,297.1194302945208,302.113859047087,295.4977249020647,301.75567626953125,8095500.0,66.09864807128906,66.40506976542447,65.76256609651193,66.09864807128906,2935400.0,126.11002246896268,126.89690370051927,124.92471930254288,125.25341796875,17345700.0,202081.72182125307,205574.49232186732,200584.82017813268,203079.65625,26987996.0,148.64085873585188,152.74651438864691,146.82718586822284,147.37527465820312,27303900.0,558.8867125692246,559.0835156763751,540.4867330843795,544.1273803710938,420512.0,6.365560167553318,6.404793635687483,6.345943667333364,6.385177135467529,242251386.0,152.8000030517578,153.5500030517578,150.96099853515625,152.27999877929688,5813400.0,79.43000030517578,83.12000274658203,79.25,82.69999694824219,69319300.0,501.95740748055226,509.66416485306104,501.5580997832397,508.5161437988281,4139100.0,307.9116514148336,313.2905150583614,307.6122842445478,312.34246826171875,7624200.0,1519.0820774956774,1543.8479307323335,1513.1749358042075,1523.18310546875,1306900.0,996.2344165878087,1001.0474400220197,990.0034677101194,993.3186645507812,1554600.0,148.89935987129022,149.16752870809867,146.33675156146265,148.05508422851562,15225700.0,227.81998549119191,230.63661474365287,224.61655057527955,225.0529327392578,5410900.0,130.61000061035156,136.08999633789062,129.17999267578125,134.19000244140625,53078300.0,243.4598567160501,245.83618975331572,242.32637600311875,243.76808166503906,7698200.0,49.788389351540594,51.212891828868806,49.76860412320523,51.133750915527344,41375000.0,6.310523106963916,6.329970465256467,6.2424592075421526,6.281352996826172,143643677.0,8.699999809265137,8.710000038146973,8.630000114440918,8.649999618530273,95790331.0,375.7210774712385,376.08587911245115,366.1572205214336,370.29827880859375,5036900.0,345.10724949422536,347.97310029360074,338.16737748085575,342.3912353515625,5030300.0,214.82000732421875,216.6999969482422,210.3300018310547,210.86000061035156,44588100.0,84.70572516622696,86.42588643440466,84.48697458044161,86.26679992675781,16620700.0,163.31025282164364,163.76682153324356,160.88850163692203,162.16885375976562,7878500.0,282.0075988769531,282.5434113343664,274.7341279746084,275.15090127919626,11380600.0,184.15329604821048,184.29202479098134,180.85351760912607,182.54800415039062,9440700.0,194.07623043776965,195.43265560759212,191.7270682222183,194.86256408691406,2799100.0,79.85094952483807,80.13897002270433,79.01668194872664,79.92047119140625,18086900.0,78.02719343133114,78.99196686435452,77.83822258971888,78.69358825683594,22721800.0,169.78755848212134,173.1097016203056,168.74316798567165,172.80136108398438,7098500.0,426.32090453390197,436.7065562174714,422.82237425050533,428.8198547363281,27296300.0,,,,,,,1009967.1773084479,1035914.9506385069,1001983.2470530452,1015955.125,3462525.0,206.75,207.5500030517578,205.3000030517578,205.7899932861328,1434800.0,771.0320816140714,776.1223661347269,755.3020193022942,765.1532592773438,2606500.0,241.57000732421875,241.86000061035156,240.24000549316406,241.72999572753906,339600.0,231.51604462321396,237.7997980693716,229.5306570628724,235.80447387695312,8569700.0
2026-02-26,494.6499938964844,503.7200012207031,494.45001220703125,502.6700134277344,4577000.0,306.7491760253906,312.59154811608227,302.01537127964497,312.39679526824995,22380000.0,325.81652053898387,325.8963396711904,307.28538677861513,321.0265808105469,33025300.0,385.0948876070745,385.3840812735769,368.6612132926515,375.751220703125,14535700.0,274.6969199809464,275.8558253670768,270.55071567552415,272.6987609863281,32345100.0,649.9935020296807,660.4345752110744,646.9461232211356,656.447998046875,10637700.0,1022.3201295430953,1025.155336894915,1005.6488763421559,1020.2637329101562,2666400.0,25.063034415765134,25.063034415765134,24.341373443603516,24.341373443603516,16486578.0,194.03334246429932,194.0533071271398,184.09546670933034,184.66476440429688,360807900.0,403.8353349281015,406.6093255926281,397.8782360341113,400.851806640625,34405900.0,210.72999572753906,211.0500030517578,205.35000610351562,207.9199981689453,47756800.0,414.4200134277344,416.80999755859375,403.6600036621094,408.5799865722656,53602500.0,303.02916294815697,307.4366298839601,302.0939770599508,304.5712890625,7007800.0,65.05086894853176,65.06075570855715,64.2996410971438,64.84329223632812,3020000.0,125.48250990825551,126.8271772553826,123.45056493068441,123.92866516113281,18638300.0,206073.47211869265,218547.6532396789,205574.5048738532,217549.71875,30095763.0,148.27213601364468,151.9692302062104,144.64480548776962,149.78684997558594,20652200.0,540.781905941243,549.9327399187341,539.6012074139711,542.7498168945312,370208.0,6.375368657508819,6.404793641713564,6.277286156316765,6.296902656555176,288104553.0,148.35499572753906,149.05999755859375,145.60000610351562,148.0500030517578,10256400.0,83.19999694824219,86.5,82.80000305175781,84.58999633789062,85642500.0,510.07344797426657,519.0081059188532,508.1367737190057,513.8869018554688,4843600.0,313.82942179031494,318.7592044654264,313.29053040296367,316.0448303222656,8725500.0,1509.522801298568,1511.0295200439057,1423.4807564455737,1460.6097412109375,2177900.0,995.4755456195096,1004.0631216481693,982.1049927090436,985.310302734375,1804400.0,146.8134999377823,149.94227252800187,145.78051802335915,147.53857421875,15632100.0,225.71741114521754,225.90585026765513,219.31057178178764,222.84127807617188,5331300.0,133.84500122070312,137.50999450683594,132.6300048828125,135.94000244140625,45100000.0,243.70842620154187,244.0663682763732,240.6360989093031,242.0778045654297,7172600.0,51.32171174778806,52.10320755842148,51.18321891485674,51.73719024658203,52418500.0,6.300799981943943,6.3299705561511,6.232735617894274,6.242459297180176,166806893.0,8.670000076293945,8.6899995803833,8.600000381469727,8.619999885559082,86270568.0,373.08854869017824,376.1253328459018,369.67712371323,369.82501220703125,2889400.0,342.1116221372226,343.4796549217846,334.32298026864163,340.3442077636719,4722400.0,208.8000030517578,209.7899932861328,201.4600067138672,203.67999267578125,35020500.0,86.39606013971662,87.81793139341235,85.09350945896901,85.80941772460938,18768400.0,162.99265735907807,163.27056348960818,161.64282109161113,162.5261688232422,7028600.0,284.4486083984375,292.98227105493606,283.02964718498066,284.7661470745293,10210000.0,181.23998207030823,184.56948710419576,180.11032938668384,182.48855590820312,7133800.0,198.9023423514838,202.48014627802723,197.97840142023315,201.1826934814453,2266100.0,80.19855672232113,80.33760005348906,79.47353857212269,79.95026397705078,12843200.0,78.5145616109088,78.91239977227471,77.30113548922381,77.67908477783203,19608000.0,173.94522554948344,176.87945399301609,173.51751611971173,176.54127502441406,6901600.0,424.6616000236277,433.81775727083726,401.79120277798825,415.385498046875,35433500.0,,,,,,,1023828.7898089172,1098816.25,1022828.9570063695,1098816.25,4461976.0,204.97999572753906,205.16000366210938,202.63999938964844,203.97999572753906,2250400.0,769.1456645551114,769.1456645551114,727.0159114072754,751.499267578125,3350900.0,243.1699981689453,244.0,241.7899932861328,242.6199951171875,201300.0,237.9586376649671,245.68179422374374,237.2041806820508,240.2418212890625,7343100.0
2026-02-27,502.94000244140625,506.5199890136719,501.1600036621094,504.95001220703125,6364900.0,311.0235595703125,311.6727051893538,303.1948006205073,303.54334418120766,33389200.0,310.04962308831114,319.3301431933908,309.35107621859737,318.8810729980469,28004200.0,369.0999696366612,375.6215711814436,367.5842211614136,373.5274658203125,9186600.0,272.5588900215503,272.5588900215503,262.6480379442022,263.93682861328125,72366500.0,642.8995542116262,648.8844201349368,637.5740968396581,647.62548828125,15703000.0,1017.4185232803184,1051.1904029542225,1015.6116362309695,1050.18212890625,4325900.0,24.819231338548846,25.121547594337915,24.256856073072743,24.614434560139973,17984181.333333332,181.0292033274304,182.36756729714082,176.1651407824763,176.97415161132812,311636500.0,390.03523926255787,395.9624042352165,389.0374004516944,391.8912048339844,51367200.0,206.8300018310547,210.3300018310547,205.1999969482422,210.0,57422800.0,402.94000244140625,407.1199951171875,398.1099853515625,402.510009765625,56890100.0,298.4725052158334,301.4074969953331,292.9507760142178,298.7709655761719,18620800.0,65.33752612650538,65.42649188595674,64.942138671875,64.942138671875,2185900.0,125.02432075277177,128.09216731908256,124.65578673870745,127.4447250366211,29205500.0,209566.23845265587,222539.3865473441,209566.23845265587,216052.8125,51774768.0,143.37923739277232,145.57157735663532,141.60543381427286,144.89393615722656,36425200.0,539.2076288003389,541.0771683240057,530.2536575269186,535.3701782226562,623509.0,6.296902552618478,6.316519052533099,6.2576695527892365,6.277286052703857,212974270.0,145.4600067138672,146.39999389648438,143.3300018310547,144.11000061035156,9780300.0,94.30000305175781,96.75,90.58000183105469,96.23999786376953,200767000.0,508.59601107420326,517.8700827123206,505.8806759854798,516.32275390625,5121100.0,313.80941959658975,319.56750179898404,311.3046331295279,319.4776916503906,12412900.0,1427.2226569048432,1458.5342716347366,1421.3954188121709,1447.398681640625,1358300.0,989.0948454620902,1012.7205375550792,988.1462097324217,1009.325439453125,3935000.0,149.98200583536115,152.61413431248826,148.24380378097783,151.47189331054688,30275100.0,223.2479061584604,230.3589103120584,223.20822679977505,230.17047119140625,8018100.0,134.07000732421875,138.10000610351562,133.97999572753906,137.19000244140625,59412400.0,242.63459590951953,247.51652337921405,241.11334590987298,247.00942993164062,16428600.0,50.53031830183506,50.85676513440696,48.78925594929679,49.29376983642578,77728700.0,6.223012328593734,6.310523122878198,6.106330960447421,6.271629333496094,284474719.0,8.619999885559082,8.649999618530273,8.59000015258789,8.59000015258789,88645425.0,368.6122821451982,376.8253745597512,367.1136285285552,375.3760070800781,4819500.0,340.1245169721863,343.2998839157889,337.1788264326252,341.76214599609375,7055100.0,200.11000061035156,201.88999938964844,197.74000549316406,200.2100067138672,31312400.0,84.18867304292914,84.3378218523216,79.99266134228353,80.98697662353516,29145000.0,162.81399197597887,166.00000775715966,162.46661689113853,165.95037841796875,14878500.0,291.0075988769531,291.8609802744715,281.6602851018,282.5037339526243,9723300.0,184.31185988516037,185.84779507493005,182.1021036481782,185.06495666503906,12035500.0,197.12326649368148,199.38397009681694,195.31470961039983,198.08651733398438,2624700.0,80.38726009322967,81.44001888827108,80.26807684995791,81.00302124023438,28483500.0,77.23151086942461,79.10137597513807,76.65463492816069,79.03175354003906,27498000.0,173.06991853945223,173.19922850771712,163.52122730776435,165.6199493408203,12400400.0,401.64127502928784,417.7844874423968,401.0115346894632,412.19683837890625,28653900.0,,,,,,,1049824.4639491045,1095816.7737983034,1047824.7983034872,1060822.625,6453062.0,207.27000427246094,209.92999267578125,206.9499969482422,208.4499969482422,1996300.0,743.803930375333,750.0620358397822,729.6508820143395,741.4185180664062,3441900.0,243.58999633789062,244.24000549316406,241.42999267578125,242.3800048828125,179300.0,236.33062242647412,238.45498657226562,232.85619409428114,238.45498657226562,6642200.0
2026-03-01,497.8000081380208,499.3399963378906,485.6600036621094,488.4300130208333,9938500.0,307.64796956380206,309.04948896659647,301.5096691682503,302.89419214676843,25699333.333333332,309.1581404883707,319.3567582570579,307.4883237634933,318.3954366048177,23046200.0,365.92222464578566,373.2416064236373,364.94497753123926,369.8910319010417,11443266.666666666,265.631928156662,268.37606318040457,260.8563394039994,264.29648844401044,52007433.33333333,638.7097983151432,655.8784485064914,635.1628473948938,651.2091064453125,11778400.0,1034.3560876392692,1053.3200851976533,1012.7100200927771,1027.5411376953125,3504833.333333333,24.331625184116273,25.23857395148348,24.087821332011202,25.16055679321289,20979388.0,176.87427053111236,182.94687100805186,175.0065534137844,180.49652099609375,243275700.0,391.35236250046626,398.86942682305374,389.53630891982516,395.7561543782552,40772333.333333336,205.31000264485678,209.92999776204428,204.04000345865884,208.92666625976562,49808266.666666664,394.7133382161458,405.40000406901044,391.5366617838542,403.0500081380208,55688900.0,295.03011770690676,299.43757460258746,292.12830170023574,296.95360310872394,11879533.333333334,64.62582627752374,65.26174374698434,64.4940304593136,64.84329223632812,2455900.0,126.31255366645618,128.19177372785435,125.91745766683572,126.88030242919922,21129500.0,209316.75524231332,217300.2309987169,202131.62703882792,205374.9140625,53326889.0,141.87780973014318,148.28875326478803,140.99422784303414,147.45167541503906,27087600.0,514.2807639011156,527.2361786516038,508.67222533833365,519.8893025716146,723923.0,6.277286170120788,6.381907665312697,6.2249755011154635,6.329596996307373,353190322.6666666,141.2800038655599,144.13333129882812,140.47999572753906,143.07666524251303,9545633.333333334,94.94000244140625,97.62999979654948,93.65999857584636,96.8066635131836,120199266.66666667,508.60265383484864,522.7949090050639,506.2733132336158,518.8450520833334,4258366.666666667,314.50132586720014,321.14423145625614,313.0676424131991,319.7238464355469,8587566.666666668,1418.8476056731815,1445.875201228601,1412.5546694071836,1429.424560546875,1447700.0,1002.6617731810742,1017.1341207123147,996.7403726322916,1003.9865315755209,2636266.666666667,155.5111471678635,156.56068446329832,150.74681328510493,152.61082967122397,31087100.0,228.9076224456591,232.60032000958222,227.73071023138388,231.61184692382812,7631900.0,138.53999837239584,144.12666829427084,138.34000142415366,142.50999959309897,68260066.66666667,246.0549249940059,249.35263044277303,244.0100142552548,247.0956013997396,11504466.666666668,49.01348245617901,50.203865353664035,48.30123185260079,49.28057861328125,52973033.33333333,6.210047563006503,6.271629163044128,6.106330793971774,6.206806182861328,290946497.0,8.606666882832846,8.709999720255533,8.543333689371744,8.670000076293945,104218523.0,369.3616013265797,372.1715931494616,364.9181966712478,368.86205037434894,4631566.666666667,340.67707436586625,345.56328753806093,335.6210950545548,344.0787760416667,5005833.333333333,195.9366709391276,199.79000345865884,192.5800018310547,199.1499989827474,33184266.666666668,80.52959978659271,83.17779234638358,78.99172567460579,81.7360356648763,24271200.0,163.64110359489896,165.53683737826066,162.30781544007732,163.5087687174479,11023166.666666668,292.1057434082031,292.6415861493766,284.07485513676994,284.792612886433,8668700.0,187.1723207181784,188.41758321732473,184.38121931257675,186.94110616048178,14551233.333333334,194.04347077096986,196.2779577222109,192.5887582962762,194.46939086914062,3214500.0,80.59251677151876,81.04275448184636,79.82446462178645,80.1157938639323,21585966.666666668,77.96088963349709,79.09474251346036,77.06574116603319,79.00522867838542,21526266.666666668,165.5370630749448,170.19536853049627,162.0292418288024,165.9448699951172,10275200.0,401.4147085171874,417.551250657252,398.2260455495142,412.3967692057292,29584100.0,,,,,,,1035826.793209909,1067821.4433421763,993333.8991517436,999832.8125,6635694.5,206.18333435058594,207.50999959309897,204.54332987467447,205.30332946777344,1811300.0,735.9987806432172,752.8833021976498,725.6717819056847,747.7331339518229,2796033.3333333335,243.19000244140625,244.0800018310547,240.90999348958334,243.23333740234375,366233.3333333334,234.76215720653494,238.83220278805982,232.33336758253682,237.8990681966146,6360933.333333333
2026-03-02,495.2300109863281,495.75,477.9100036621094,480.1700134277344,11725300.0,305.9601745605469,307.7378808552178,300.6671034421218,302.5696161295488,21854400.0,308.71239918840047,319.37006578889145,306.55694753594133,318.1526184082031,20567200.0,364.3333521503479,372.0516240447341,363.6253557161521,368.07281494140625,12571600.0,262.16844722421786,266.2846497598317,259.960490133898,264.476318359375,41827900.0,636.6149203669017,659.3754626922687,633.9572226725116,653.0009155273438,9816100.0,1042.8248698187447,1054.3849263193688,1011.2592120236809,1016.2206420898438,3094300.0,25.39460935496118,25.70667797854261,25.258077937087513,25.570146560668945,28440895.0,174.79680413295333,183.2365228635074,174.42725972943845,182.25770568847656,209095300.0,392.01092411942045,400.32293811697235,389.78576315389057,397.6886291503906,35474900.0,204.5500030517578,209.72999572753906,203.4600067138672,208.38999938964844,46001000.0,390.6000061035156,404.5400085449219,388.25,403.32000732421875,55088300.0,293.3089239524434,298.45261340621465,291.7170645432447,296.044921875,8508900.0,64.26997635303292,65.17936967749813,64.26997635303292,64.79386901855469,2590900.0,126.9566701232984,128.24157693224024,126.54829313089985,126.59809112548828,17091500.0,209192.01363714205,214680.6532244033,198414.32133191396,200035.96484375,54102949.5,141.12709589882863,149.64734121886437,140.68862485741477,148.7305450439453,22418800.0,501.81733145150395,520.3156838154028,497.8815092440412,512.1488647460938,774130.0,6.267477978871942,6.4146019717024965,6.2086284752785765,6.355752468109131,423298349.0,139.19000244140625,143.0,139.05499267578125,142.55999755859375,9428300.0,95.26000213623047,98.06999969482422,95.19999694824219,97.08999633789062,79915400.0,508.6059752151713,525.2573221514356,506.4696318576838,520.106201171875,3827000.0,314.84727900250533,321.9325962848922,313.94914705503476,319.846923828125,6674900.0,1414.6600800573506,1439.5456660255334,1408.1342947046899,1420.4375,1492400.0,1009.4452370405662,1019.3409122909325,1001.0374540822265,1001.3170776367188,1986900.0,158.27571783411466,158.53395953870333,151.99831803716847,153.1802978515625,31493100.0,231.73748058925844,233.72102485834412,229.99195194718828,232.33253479003906,7438800.0,140.77499389648438,147.13999938964844,140.52000427246094,145.1699981689453,72683900.0,247.76508953624906,250.27068397455253,245.45834842794568,247.13868713378906,9042400.0,48.25506453335099,49.87741546329257,48.057219804252796,49.273983001708984,40595200.0,6.2035651802128875,6.252182183127093,6.1063307107339515,6.174394607543945,294182386.0,8.600000381469727,8.739999771118164,8.520000457763672,8.710000038146973,112005072.0,369.73626091727044,369.84470244431685,363.8204807425941,365.6050720214844,4537600.0,340.95335306270624,346.69498934919693,334.84222936551964,345.2370910644531,3981200.0,193.85000610351562,198.74000549316406,190.0,198.6199951171875,34120200.0,78.7000631584245,82.59777759341458,78.49125784076692,82.11056518554688,21834300.0,164.05465940435903,165.30525218881115,162.22841471454672,162.2879638671875,9095500.0,292.6548156738281,293.0318890868292,285.2821401542549,285.9370523533373,8141400.0,188.60255113468745,189.70247728852206,185.52077714477602,187.87918090820312,15809100.0,192.50357290961404,194.7249515349079,191.2257826392144,192.66082763671875,3509400.0,80.6951451106633,80.844122278634,79.60265850770072,79.67218017578125,18137200.0,78.32557901553334,79.09142578262151,77.27129428496944,78.9919662475586,18540400.0,161.7706353426911,168.69343854188585,161.28324908932146,166.10733032226562,9212600.0,401.30142526113724,417.4346322646796,396.83330097953973,412.4967346191406,30049200.0,,,,,,,1028827.9578403112,1053823.7781141126,966088.4495758718,969337.90625,6727010.75,205.63999938964844,206.3000030517578,203.33999633789062,203.72999572753906,1718800.0,732.0962057771593,754.2939353765836,723.6822318513574,750.8904418945312,2473100.0,242.99000549316406,244.0,240.64999389648438,243.66000366210938,459700.0,233.97792459656534,239.0208108959569,232.07195432666467,237.62110900878906,6220300.0
2026-03-03,477.0799865722656,483.4800109863281,472.5199890136719,481.3599853515625,6348700.0,303.163818359375,303.54332729400136,296.31178027781107,298.03054247338764,20361100.0,312.344806434985,315.21878268947023,306.75652265723,313.18304443359375,20826200.0,348.56779863159585,354.9797543115567,343.17302679495026,352.13775634765625,18580200.0,263.23749216234586,265.31556422164516,259.8905695547566,263.5072326660156,38568900.0,647.7354225434952,658.4762268569145,638.293554979916,654.5196533203125,12263800.0,1013.2557562247102,1018.2571564550171,993.3600125791421,1005.9982299804688,2846000.0,25.60915633063308,26.194285935871928,25.58965157644078,26.057754516601562,23469604.0,178.27256086028186,180.67961330625172,176.70446619030554,179.83065795898438,178099400.0,392.2903484387299,405.82103971635513,391.82136299902305,403.0570068359375,38199200.0,203.10000610351562,209.17999267578125,202.47999572753906,208.72999572753906,43184900.0,395.0899963378906,396.3399963378906,385.3900146484375,392.42999267578125,62617300.0,290.80175042735664,300.8503301542204,288.0259478174434,298.7311706542969,10278200.0,63.32105482758671,64.03275071440548,62.55994022392053,63.676902770996094,3908600.0,126.02037403309,127.86306693425331,125.17373217031401,127.40489196777344,16480400.0,209067.2720319708,212061.0754500897,194697.015625,194697.015625,54879010.0,144.2462108004705,150.40469457426053,142.55213053686913,148.4913787841797,20120800.0,502.8012523023391,505.35951253827824,488.3863104679478,494.1424560546875,811981.0,6.336135829868237,6.610766840697333,6.296902828321223,6.600958824157715,848419446.0,136.3800048828125,137.0800018310547,133.39999389648438,135.58999633789062,18476800.0,96.01000213623047,98.45999908447266,95.33000183105469,97.69999694824219,59149000.0,512.7288833808615,525.896258269307,512.1199444639687,523.4205322265625,4199700.0,315.1566560071252,321.37377846847016,313.6996849538386,320.166259765625,5474300.0,1354.6212144325052,1370.5065618603583,1326.1335100552103,1357.973876953125,2012500.0,1001.087351000773,1014.2782323552399,999.180145305591,1006.309814453125,1947100.0,154.38213258261683,154.99796304377034,149.2867277341108,150.80641174316406,25198900.0,231.43993548828763,233.77060595268688,228.3456114106521,231.93582153320312,6595700.0,142.10000610351562,147.5,138.1999969482422,147.22000122070312,67460200.0,245.0506999866165,246.46257832712044,242.96270213047706,245.3390350341797,6178700.0,48.235280643981085,49.966448487145044,47.97808022482972,49.4322624206543,51242900.0,6.174394860040833,6.329970481219792,6.164671644520578,6.271629333496094,278776065.0,8.699999809265137,8.949999809265137,8.649999618530273,8.899999618530273,206203235.0,358.6244886120164,363.6035918893053,355.06514498941806,361.76971435546875,3964700.0,340.1844570095297,340.6338146518562,328.60132368069003,333.65399169921875,5891500.0,191.4600067138672,193.63999938964844,188.22000122070312,190.9499969482422,37785700.0,80.53954315336479,83.01538624473334,79.39607898645171,82.06084442138672,19018600.0,160.97783189673535,160.97783189673535,157.43450598109627,158.5262908935547,10161000.0,286.97894287109375,291.4739959442926,282.16635110169267,286.7606388027243,7051100.0,188.79083381887224,189.82138806646853,185.71896354802476,187.0567169189453,14004200.0,184.7287302279896,193.5454638350917,184.7287302279896,192.97537231445312,6817400.0,79.3146327643425,79.53313158596052,78.02350749694136,78.79817962646484,20549300.0,77.95757078641407,79.01186311063279,77.1519386835354,78.5344467163086,17521100.0,161.5916073557842,166.42562974850742,159.09501437447022,165.0629425048828,7495500.0,386.3876793226664,389.9262014534376,374.39271800254,379.52056884765625,39010900.0,,,,,,,1021829.1224707135,1039826.112886049,938843.0,938843.0,6818327.0,200.0,201.99000549316406,197.10000610351562,201.75999450683594,2733100.0,726.8861941225689,730.2796970464432,705.2573266044255,720.8077392578125,3332700.0,226.72000122070312,232.8000030517578,225.5,232.1699981689453,570200.0,234.6231820712445,244.29200983988454,232.57822015103955,243.48793029785156,6960400.0
2026-03-04,481.0,489.17999267578125,479.8800048828125,487.4800109863281,4369100.0,303.05401611328125,305.06137237929244,300.40744992717754,302.28999979339955,20015600.0,315.0191620282564,321.96461419625706,311.08740741510985,316.86529541015625,34895800.0,356.4256567883636,360.0753762742671,353.5537443776967,356.4356384277344,12131100.0,264.4063951364299,265.9050144519466,261.179387723623,262.2783508300781,39803100.0,657.397151925757,672.1944798634893,657.1073609851721,667.1587524414062,10810100.0,1009.8915446082733,1013.9145874726661,991.9523939096591,1001.8453979492188,1965500.0,26.096763172005105,26.15527557259377,25.453121185302734,25.453121185302734,23925560.0,180.22019302825058,184.47499807110998,179.84065106191534,182.8170166015625,177731200.0,400.4027502952161,410.14166638677375,399.44483360720756,404.32427978515625,35808000.0,210.47000122070312,217.5399932861328,210.14999389648438,216.82000732421875,54731100.0,397.8500061035156,408.3299865722656,394.5799865722656,405.94000244140625,68305500.0,298.4625518350298,299.4674190034017,294.31380094003714,297.8656311035156,8055700.0,64.55663949683843,64.63571849790333,64.0031015721614,64.37871551513672,3705700.0,126.60804989570529,127.66386157962746,125.74148274426365,127.30528259277344,16434100.0,183819.52591463414,195495.35899390242,171544.93216463414,171844.3125,89427954.0,149.48788920455578,153.07536559442755,148.58106798867487,151.8396759033203,17585400.0,501.42371674465375,501.81729292959915,490.84619537407883,499.2590026855469,543674.0,6.5911500760874,6.600958559928666,6.4047935600458645,6.55191707611084,588819034.0,134.98500061035156,135.11700439453125,132.72000122070312,133.27000427246094,14293900.0,97.11000061035156,99.75,96.98999786376953,98.66000366210938,52604300.0,523.2607511542637,525.2573200567502,519.3874635394517,522.0228881835938,3154700.0,320.7750012998144,325.09602991416637,319.13837954462343,319.8070068359375,5257900.0,1388.0981585343718,1402.4867752533096,1369.7182594660856,1396.3201904296875,1486700.0,1003.5438418961846,1012.5308016743594,995.5554332044736,1005.2813110351562,1806600.0,149.70389345621814,150.14092953686614,146.8631740879252,148.80996704101562,16764800.0,231.63829281941736,235.15908685524792,230.17047432613631,234.2466583251953,5380800.0,148.42999267578125,154.52000427246094,148.05999755859375,153.19000244140625,60062200.0,244.34476266176227,245.1600810545075,241.78945104558642,243.8973388671875,5768000.0,49.35312499614973,49.86752964445667,48.68044228479809,49.75871276855469,34208500.0,6.271629106149321,6.281352784967635,6.067436487469992,6.164671421051025,310420363.0,8.880000114440918,8.90999984741211,8.729999542236328,8.899999618530273,154756093.0,361.05982791326113,364.38251992997345,356.4356569193793,363.928955078125,4324400.0,336.0604366439158,339.7550667523193,332.9350151908864,339.3157043457031,3920400.0,192.1199951171875,202.44000244140625,189.86000061035156,202.07000732421875,40912600.0,82.21993956615302,83.56226378527838,81.56368778709998,83.45288848876953,18061200.0,158.24839219296612,158.4171198428621,156.13430637443312,157.11691284179688,8752700.0,289.70770263671875,292.06934726969536,285.46072137240793,286.78047821184975,7796000.0,185.74869346211233,186.74953633969648,182.4786413668101,184.34158325195312,11054400.0,190.1740657177507,193.7322221491234,189.77108265346354,192.23818969726562,3527600.0,78.74852625669348,78.92729733242406,77.21904207039694,77.566650390625,21011800.0,78.77315293103712,80.52366963278443,78.1067656802859,80.43415832519531,20388100.0,166.68423461914062,168.29557035875573,165.6299030770603,166.68423461914062,5307800.0,393.4747044571419,407.70871456901386,387.4472074874173,400.6016845703125,32644900.0,,,,,,,893850.539310954,953840.5083922261,845858.5640459363,848858.0625,9253420.0,203.22000122070312,203.2899932861328,200.5500030517578,201.52999877929688,2911100.0,735.689428725424,744.592462130189,729.4513048029638,730.5791015625,2823700.0,231.91000366210938,233.22999572753906,230.60000610351562,232.80999755859375,301600.0,243.95449398374365,249.01723826979514,243.1702725702377,248.23300170898438,6085000.0
2026-03-05,493.75,500.8599853515625,492.510009765625,500.3999938964844,8963400.0,300.5173034667969,302.97408452968756,297.68101344342887,302.80432345436964,22643900.0,329.4888201299173,335.4163882424698,322.35379346219895,332.0733947753906,57076600.0,353.9027784163684,358.45994470895477,342.83396165662896,352.8656921386719,16249800.0,260.54995479568396,261.3192350446657,257.01320478174756,260.0504150390625,49658600.0,661.363765843265,670.1262833419206,649.7537106790966,660.0049438476562,13341400.0,988.2987203014923,991.8526001312242,963.9406264593275,981.5703125,3769900.0,25.843205471938724,26.116266425797733,25.10204162010047,25.238571166992188,25112908.0,180.94929874286032,183.83577756501342,177.6633132926684,183.1166534423828,198779700.0,403.54596943015656,410.72040218284053,403.525993165685,409.79241943359375,39001300.0,215.97999572753906,220.47000122070312,215.58999633789062,218.94000244140625,60943400.0,401.57000732421875,408.6199951171875,399.4200134277344,405.54998779296875,51925900.0,296.46279534996694,299.7061758621692,290.9410358965662,292.0553283691406,12732500.0,63.29140058899298,63.686788021341265,62.83670768127825,63.370479583740234,3406100.0,124.88487680384983,125.18369515590186,121.16961067594359,122.82305145263672,28604900.0,194597.22729645096,199287.5194415449,187711.47925365347,191204.25,53959129.0,152.0589112977936,157.3902968608138,149.59750684443316,154.25125122070312,24094800.0,491.97776235072,502.112492243969,489.8622639781998,497.6846923828125,628564.0,6.43421837944891,6.6205753719683695,6.424410362839609,6.610766887664795,439542813.0,129.6999969482422,131.63499450683594,128.60000610351562,130.35000610351562,18612900.0,98.5,100.19000244140625,98.0999984741211,99.16999816894531,53403000.0,520.2059975246761,524.4187895470322,511.8703468194442,523.7598876953125,3879300.0,318.669337844787,322.1321601221174,314.11877427833633,319.13836669921875,8267200.0,1378.1098852515224,1404.3126621085316,1336.530659925031,1365.377685546875,1804500.0,995.0561718234956,997.8021873503542,977.3918004146707,981.1463623046875,2766000.0,149.9820092838136,151.30304469422904,148.46232523665645,149.74362182617188,22969300.0,231.49945126069107,232.86810165746186,226.12404807421413,230.43826293945312,9423100.0,152.94000244140625,156.3800048828125,149.61000061035156,152.6699981689453,50714500.0,241.24261118820294,241.61049061943945,234.58091062648668,238.259765625,9375400.0,49.283873728705366,49.887309963935266,48.79914885930996,49.273983001708984,39073900.0,6.223012058568472,6.291075955208495,6.164671377026799,6.184118270874023,223727023.0,8.84000015258789,8.970000267028809,8.8100004196167,8.9399995803833,97708509.0,360.98092093961554,361.82886512350444,354.15807095297373,356.6032409667969,4752200.0,336.0903897758773,341.31279307093996,320.3233802046678,326.51434326171875,4825400.0,197.77000427246094,203.7899932861328,194.8800048828125,199.4499969482422,36000700.0,83.17448080708297,83.32362962725828,80.72846594868979,81.64323425292969,20939200.0,155.76707607012526,155.92588390891444,152.62076959476622,152.83912658691406,10060300.0,286.5423278808594,289.1421418264066,284.52798914087526,287.81245235313276,5397900.0,184.90641568788223,188.24582457117629,184.79741344823438,188.17645263671875,13567200.0,191.40271010648235,196.99548939931134,191.40271010648235,196.07154846191406,3389300.0,77.14952231057237,77.18925005919229,75.97758024681086,76.50395965576172,23165700.0,79.5588922977578,80.73253299907007,78.62396358158685,79.57878875732422,26844800.0,164.4959964015316,167.07214838906802,159.6520177727384,161.68112182617188,7274900.0,398.43263773621084,404.36014046423224,380.1403034300277,396.8832702636719,29960100.0,,,,,,,975836.8363443146,991834.1615302869,926845.0279622742,940842.6875,6442459.0,199.39999389648438,199.52000427246094,195.25999450683594,197.52000427246094,2648600.0,718.6318748073958,726.6865477144968,692.2620944586389,704.7383422851562,3713200.0,223.5500030517578,224.0500030517578,219.50999450683594,221.47999572753906,526700.0,247.49842608300114,258.4776171138843,247.18075679552925,254.6755828857422,9894600.0
2026-03-06,499.25,500.70001220703125,491.8800048828125,498.9800109863281,5564400.0,297.91070556640625,299.9380551922433,294.864698015099,295.6856162816382,17598000.0,327.5928011473892,342.7909307290547,326.7146384032199,329.7882080078125,39152200.0,342.534806507991,347.7401401560406,335.7439442196277,337.9377746582031,13803000.0,258.39192833924307,258.53178361058343,254.13584003818684,257.2229919433594,41120000.0,647.3457881163396,648.9143914185428,635.5658346648192,644.308349609375,13159400.0,973.3245007709129,989.5165980910544,964.4298390654943,988.628173828125,2627800.0,25.97323405307673,26.233291838631366,25.39460608472558,25.583147684733074,27978426.333333332,179.6209064601764,182.5373473445644,176.60459654479845,177.60337829589844,189021900.0,408.31564337314285,412.1572983375802,407.6271321747383,408.0761413574219,31123900.0,214.99000549316406,217.32000732421875,212.52999877929688,213.2100067138672,51152700.0,398.0899963378906,402.3500061035156,394.2099914550781,396.7300109863281,64054600.0,284.88204628210366,288.51345559776433,282.2654325280704,288.0060729980469,13496500.0,64.25021556769502,65.20902768355815,64.15137059048394,64.68514251708984,3031000.0,122.01624971636278,123.69957836870472,121.139727556177,123.31111907958984,21553000.0,185715.60325617692,189308.16731701646,180626.13750332093,187811.265625,29522650.0,152.38777352357633,158.63595559593048,151.0922950184539,152.42764282226562,38000600.0,501.71889526439804,503.98201089426357,488.8290724189657,494.1424560546875,539491.0,6.591150180260477,6.699041165748359,6.551917179663839,6.571533679962158,312048125.0,129.3000030517578,132.42999267578125,128.8000030517578,130.7899932861328,10957000.0,99.33000183105469,99.87999725341797,97.4000015258789,99.0199966430664,41196300.0,518.7485285819695,521.6535094232927,511.32129008930474,521.4439086914062,2872900.0,315.39614274359616,317.032764525398,311.65390075349916,316.70343017578125,6439700.0,1291.0400482919986,1335.0838608285183,1283.8657771920082,1289.982421875,1900100.0,965.6088896459527,1001.0474577245462,959.0683922611365,996.65380859375,2708900.0,152.11750594783567,152.7631329506698,148.94902463171314,150.1905975341797,21136400.0,228.4646178256333,229.69442065749126,224.93391162868357,228.2166748046875,6139600.0,150.44000244140625,161.4499969482422,150.2899932861328,157.16000366210938,74980900.0,236.75838349957985,239.41311415382512,234.08376296078876,239.0253448486328,7179800.0,48.299049186089405,48.44827536920504,47.37385595872319,48.38858413696289,47016000.0,6.184118628247773,6.2521825288211375,6.174394948936978,6.232735633850098,158562902.0,8.9399995803833,9.020000457763672,8.930000305175781,8.970000267028809,84773065.0,352.521386197404,354.4045800289114,348.26201680119505,352.89605712890625,4167400.0,323.19919758076975,324.06792718842297,317.14798452339153,322.6399841308594,4677000.0,195.27000427246094,200.24000549316406,191.25,192.42999267578125,33913800.0,79.80375071077027,80.11198603631851,77.49693944280449,79.96283721923828,16798900.0,152.5115860991408,153.27582040185652,150.7548104089041,152.4818115234375,8187900.0,284.27001953125,289.08258097242623,280.866456550322,285.12337070169843,6816900.0,189.14756589052155,190.6636783041667,186.41260614802502,188.21609497070312,13073100.0,194.77410807120253,198.79421997070312,193.9681119456731,198.79421997070312,2427900.0,76.27553421413596,76.66287028974227,75.82860272723335,76.5138931274414,15516000.0,78.09681526958565,79.09142579694718,77.92773330112045,78.21617126464844,20621200.0,158.65736752537205,159.49288901750194,154.51961546132446,159.41331481933594,8046000.0,379.98039581121793,391.0157382085629,367.2957218365765,370.1445007324219,34458800.0,,,,,,,911847.5064935065,937843.1590909091,884852.0211038961,923845.5,3744322.0,194.00999450683594,194.8300018310547,192.75999450683594,194.22000122070312,1473800.0,681.1731643019936,695.0068742964228,673.7872620837095,679.606201171875,3564400.0,220.0,220.0,217.0800018310547,219.13999938964844,378700.0,254.56640552887535,257.504770752482,250.3673149130961,256.95880126953125,6234400.0
2026-03-08,496.34999593098956,499.44667561848956,490.76666259765625,497.79334513346356,5743866.666666667,303.1875406901042,304.18978758330127,294.1237038444864,294.5339391207419,18954466.666666668,326.90758103245025,346.10397674866635,324.1932634219991,339.9468994140625,40121266.666666664,337.28294743022235,348.19219984159054,332.5728917203922,344.4594014485677,17389533.333333332,256.4337308922081,260.11699289606145,253.67626179739528,258.83484903971356,39185666.666666664,638.6065853409871,647.7687031593856,629.3511634484363,645.9935709635416,13379600.0,981.2375747927363,1001.3030097899914,974.0732513840622,1000.6475016276041,2744066.6666666665,26.233291215352747,26.46734266429863,25.97973501397581,26.272300720214844,33709463.0,177.61669419700613,182.63723795278904,175.76561945377802,180.81945292154947,181149700.0,405.46847488538964,410.2680566740149,404.2943415120137,408.37549845377606,30462566.666666668,211.9633331298828,214.9866739908854,208.91666666666666,213.39667256673178,53479500.0,392.72999064127606,401.8433329264323,385.6699930826823,398.0299987792969,66030800.0,284.32490829841413,289.24970669563214,280.1031869685276,288.2979227701823,12659566.666666666,64.8367023829072,66.03274642719708,64.44790612191534,65.71314239501953,3375466.6666666665,122.80645434699962,123.91207160183029,121.7240781736841,123.66969553629558,20101600.0,177332.9510853923,179861.05168972595,171511.66682387356,178031.50520833334,38551563.333333336,150.91292037169592,153.85930003698718,147.6443323669472,151.49754842122397,33449200.0,490.04263434197424,496.0447688454353,482.95815283132174,491.1905924479167,554265.0,6.56499502689016,6.692502672354474,6.525762025213519,6.545378526051839,378243955.0,129.92667134602866,132.75,128.63333638509116,132.02333068847656,10367266.666666666,98.24333190917969,99.25333404541016,96.85333506266277,98.55333201090495,46124766.666666664,516.5057251451319,520.5487648944903,509.2648118760933,518.3691609700521,3322033.3333333335,313.6730460489892,316.17453337086937,310.22353221622865,315.7786865234375,7734233.333333334,1285.0066531343273,1349.0534086798143,1276.8411385542238,1332.9685872395833,1839300.0,987.324040720191,1004.3160271953082,977.3951088296085,1001.4468587239584,2468433.3333333335,151.3692561056304,152.82272388874645,148.62455453417817,149.68072001139322,24067266.666666668,228.20676427851052,229.0861317133436,222.57349581871503,226.45793660481772,7323733.333333333,153.94000244140625,159.4433339436849,152.07666524251303,156.67332967122397,56709766.66666667,238.58123043527834,241.60053307403032,237.1395197756345,240.47699483235678,7622600.0,47.89448236702399,48.08350269722908,46.810117623432674,47.89780044555664,57507200.0,6.1581892569012755,6.193841819842969,6.109571789620499,6.174394925435384,225003012.0,8.953333218892416,9.100000381469727,8.930000305175781,9.030000368754068,130134575.66666666,351.2461972874247,352.45892310397863,343.279615909479,350.03017171223956,4205466.666666667,320.9930756258816,322.68930906280764,312.4626582525888,322.1666564941406,5385733.333333333,191.3300018310547,202.06000264485678,189.76333618164062,199.2633260091146,37222733.333333336,79.2535631790252,79.59494437872539,76.78103264046376,78.90886688232422,22239300.0,152.1741185112513,154.4668516645793,151.4231055776408,153.53388468424478,11059233.333333334,284.87001546223956,286.4942017954962,279.39548795818024,283.04112356723283,9171500.0,189.2268324317473,190.16159956270303,186.40599953202948,187.88578287760416,15016033.333333334,195.96669881494475,198.2962085524347,194.04674632296386,197.3853759765625,2848700.0,76.15635486175033,77.24553017186345,75.94778481231162,77.01710255940755,17541400.0,77.20830115447316,77.79180418680991,75.83905232001024,76.60490417480469,28777666.666666668,157.6030364907242,160.48754427285513,153.67084476848467,159.5326690673828,7669200.0,369.198237222672,390.22940059784963,360.77845473157396,382.8191833496094,35184400.0,,,,,,,871187.6638471178,888518.0992822966,833527.2941159718,865188.6666666666,6083854.666666666,191.5566660563151,195.4699961344401,190.4866689046224,194.7066650390625,1741266.6666666667,669.6950041031962,703.1912719097562,665.6560422519374,695.5225423177084,3577733.3333333335,217.44666544596353,220.46666463216147,214.92667134602866,219.3999989827474,333700.0,253.8648924726564,256.6311841879642,249.94375507928444,253.30567423502603,6162533.333333333
2026-03-09,494.8999938964844,498.82000732421875,490.2099914550781,497.20001220703125,5833600.0,305.8259582519531,306.3156537788302,293.7532067591801,293.95810054029374,19632700.0,326.5649709749808,347.7604997584722,322.9325759313887,345.0262451171875,40605800.0,334.65701789133806,348.41822968436554,330.9873654707745,347.72021484375,19182800.0,255.45463216869055,260.9095975388004,253.44647267699952,259.6407775878906,38218500.0,634.2369839533108,647.195859029807,626.2438278402449,646.836181640625,13489700.0,985.194111803648,1007.1962156394599,978.8949575433462,1006.6571655273438,2802200.0,26.623378848366798,26.720900757350424,26.291805473867885,26.44784164428711,31205582.0,176.61458806542097,182.68718325690133,175.34613090826778,182.427490234375,177213600.0,404.044890641513,409.3234358422322,402.62794618065146,408.5251770019531,30131900.0,210.4499969482422,213.82000732421875,207.11000061035156,213.49000549316406,54642900.0,390.04998779296875,401.5899963378906,381.3999938964844,398.67999267578125,67018900.0,284.04633930656934,289.61783224456605,279.02206418875625,288.44384765625,12241100.0,65.1299457905133,66.44460579901656,64.59617388763104,66.22714233398438,3547700.0,123.20155666231803,124.01831821839308,122.01625348243766,123.84898376464844,19375900.0,173141.625,175137.4938760807,166954.43148414986,173141.625,43066020.0,150.1754937957557,151.4709722575155,145.92035104119384,151.03250122070312,31173500.0,484.20450388076233,492.0761478210212,480.0226930374998,489.71466064453125,561652.0,6.551917450205002,6.68923342565753,6.5126844479883585,6.53230094909668,411341870.0,130.24000549316406,132.91000366210938,128.5500030517578,132.63999938964844,10072400.0,97.69999694824219,98.94000244140625,96.58000183105469,98.31999969482422,48589000.0,515.3843234267132,519.9963926300892,508.23657276948757,516.831787109375,3546600.0,312.8114977016857,315.74541779360504,309.5083479475934,315.3163146972656,8381500.0,1281.9899555554916,1356.0381826054622,1273.3288192353316,1354.461669921875,1808900.0,998.1816162573101,1005.9503119306892,986.5584671138445,1003.8433837890625,2348200.0,150.99513118452776,152.8525193577848,148.4623194854107,149.42578125,25532700.0,228.07783750494914,228.78198724126977,221.39328791373077,225.5785675048828,7915800.0,155.69000244140625,158.44000244140625,152.97000122070312,156.42999267578125,47574200.0,239.49265390312758,242.6942425341329,238.66739818305737,241.20281982421875,7844000.0,47.692198957491286,47.9011163612411,46.52824845578742,47.652408599853516,62752800.0,6.145224571228027,6.164671465353885,6.077160209962259,6.145224571228027,258223067.0,8.960000038146973,9.140000343322754,8.930000305175781,9.0600004196167,152815331.0,350.60860283243505,351.48609464151224,340.788415463621,348.59722900390625,4224500.0,319.8900146484375,322.0,310.1199951171875,321.92999267578125,5740100.0,189.36000061035156,202.97000122070312,189.02000427246094,202.67999267578125,38877200.0,78.97846941315268,79.33642354992882,76.4230792392934,78.38188171386719,24959500.0,152.00538471730655,155.0623672959407,151.75725316200914,154.05992126464844,12494900.0,285.1700134277344,285.20001220703125,278.6600036621094,282.0,10348800.0,189.2664657023602,189.9105601919712,186.4026962240317,187.7206268310547,15987500.0,196.56299418681584,198.0472028433005,194.08606351160924,196.6809539794922,3059100.0,76.09676518555752,77.53686011292403,76.00737585485076,77.26870727539062,18554100.0,76.76404409691692,77.14199338174127,74.79471182945512,75.79927062988281,32855900.0,157.0758709734003,160.98487190053174,153.2464594220648,159.59234619140625,7480800.0,363.807157928399,389.83623179249304,357.51982117907266,389.1565246582031,35547200.0,,,,,,,850857.7425239235,863855.5693779904,807864.9306220096,835860.25,7253621.0,190.3300018310547,195.7899932861328,189.35000610351562,194.9499969482422,1875000.0,663.9559240037976,707.2834707164229,661.5904323360513,703.480712890625,3584400.0,216.1699981689453,220.6999969482422,213.85000610351562,219.52999877929688,311200.0,253.51413594454695,256.1943909057053,249.7319751623786,251.47911071777344,6126600.0
2026-03-10,495.1300048828125,498.6700134277344,492.30999755859375,494.1400146484375,3598700.0,306.7453918457031,308.9640578626859,305.12637106289316,305.6910336876566,14386400.0,348.0000043944519,352.4007764686792,340.08658134740205,341.86285400390625,29531700.0,347.4908428127615,352.50670790600384,343.34252825602294,346.1147155761719,12985600.0,257.4128391437035,262.2384104290217,256.71350175461305,260.58990478515625,30590800.0,653.0009245574777,659.7351492208539,648.444827744844,653.510498046875,9859300.0,1004.2712450318838,1010.2609343660699,992.2918663635114,999.6292114257812,1663700.0,26.03825157200751,26.233293533325195,25.84320775061409,26.233293533325195,23608606.0,182.17779858894656,186.21288569214076,181.7882742872215,184.544921875,179118500.0,409.1438479339772,409.31349393117443,402.05918625996463,404.8830871582031,31706400.0,214.19000244140625,215.64999389648438,212.42999267578125,214.3300018310547,35678800.0,402.2200012207031,406.5899963378906,398.19000244140625,399.239990234375,59258700.0,287.81703392074905,291.25940817695187,285.7177615952499,287.2598876953125,8344900.0,69.66700394385,73.61097647040408,69.66700394385,73.10685729980469,10685600.0,123.7194978109023,125.60203365402064,122.86289331517725,124.62590789794922,18793600.0,187212.51027807346,191104.4547881187,183919.3264618813,187511.890625,33530170.0,153.085334013108,153.6035284556817,147.93332957555808,148.88002014160156,51544600.0,501.8173033276682,504.27719206947046,492.17455147097866,496.4055480957031,497768.0,6.473451033550574,6.493067533409741,6.404793517890611,6.453834533691406,326239443.0,135.7100067138672,139.22000122070312,134.55999755859375,136.85000610351562,15264300.0,97.80999755859375,98.48999786376953,96.29000091552734,96.94000244140625,41027200.0,516.0631909935425,518.4391130080535,510.12338595726493,513.8369750976562,2759800.0,314.7774111170955,316.47390623113745,310.8056646841637,313.77947998046875,5271300.0,1371.5941520214087,1404.4724130966604,1366.9244199342036,1380.385009765625,1650900.0,999.0503208666239,1008.6363865232382,994.5568411625761,995.9148559570312,1613400.0,148.2438074071617,149.3860484370434,146.70425394729372,147.13136291503906,19617600.0,225.78684234836834,229.36714027323663,224.29918418235505,225.14218139648438,6466800.0,155.99000549316406,156.65699768066406,150.13999938964844,151.13999938964844,47501400.0,240.91449571542952,243.59905368087047,239.44296282285708,242.31643676757812,7214100.0,48.030442827825,48.89594859079692,47.35395739687146,48.308998107910156,50271100.0,6.154947875776867,6.2132885590009925,6.077160298144701,6.106330871582031,399953706.0,9.010000228881836,9.039999961853027,8.930000305175781,8.9399995803833,83402353.0,348.08454547591873,356.56383717991116,346.09288004602695,352.1368408203125,3986000.0,322.260009765625,331.8800048828125,320.54998779296875,326.5199890136719,4146700.0,202.50999450683594,206.58999633789062,202.1999969482422,203.22999572753906,29139200.0,78.50119546742282,79.34636960117645,77.00972241165653,77.85489654541016,18481700.0,154.32790667166816,155.97548867908492,152.45203273050996,154.84400939941406,7756800.0,282.3399963378906,287.5799865722656,278.8999938964844,287.3800048828125,6075600.0,186.91798613888145,187.4629822052631,183.95511813877917,184.59921264648438,11999600.0,196.48436664933755,196.6416363800581,190.3215109321554,192.48391723632812,2648700.0,76.95088983578943,77.87453913793452,76.57348001896666,77.34815216064453,17243900.0,76.72425527557445,78.58417968871929,76.68446994398955,77.28123474121094,24836000.0,160.97491707820822,162.60615022039013,159.0055049720045,159.8907470703125,4314600.0,393.8445501809074,415.1355933099149,393.4747104385503,402.9407043457031,33745400.0,,,,,,,914847.0325826226,949841.1813699361,898849.7074227079,937843.1875,5304897.0,196.72000122070312,198.08999633789062,194.80999755859375,194.99000549316406,1658200.0,711.4256234981032,729.4013501993434,708.9303739321189,715.3181762695312,3089100.0,222.4199981689453,224.97999572753906,220.80999755859375,221.00999450683594,229400.0,251.40961927894278,251.58831203452638,244.74865255037952,248.37197875976562,4938000.0
2026-03-11,493.0899963378906,493.79998779296875,489.25,493.57000732421875,3845700.0,308.2344970703125,310.8818905063814,305.6560318751311,306.11574664278464,13376700.0,341.8728342845959,345.08609490367104,337.51198711307126,340.85498046875,20104100.0,352.9354860687554,356.34588961312187,349.375510095212,353.563720703125,10683300.0,260.8496568052655,261.888707997661,259.3110658747261,260.5699157714844,26218900.0,654.1999146227295,658.5561703533895,647.8053649208291,654.2998046875,8977200.0,998.311502098723,1001.2064819613405,988.5981814336653,998.121826171875,1446900.0,26.233292616259448,26.740405046094068,26.116267815574947,26.486848831176758,27961435.0,185.6935753620157,187.40157611978597,184.23526832414757,185.8134307861328,145280400.0,404.6934855668013,408.1260534422115,400.7220762180728,404.0049743652344,25512100.0,215.7100067138672,217.0,211.35000610351562,212.64999389648438,34199300.0,402.2799987792969,416.3800048828125,402.1499938964844,407.82000732421875,62559900.0,287.339470512306,289.00098077209634,283.40957048917664,286.0560302734375,10205000.0,70.07227499214832,70.34904395292253,69.29138682917052,70.33916473388672,4953800.0,124.81515483391257,124.99444432715642,122.56408492895451,123.0023422241211,18176500.0,192601.35024671053,194397.63226973685,187312.29762335526,189607.546875,24311356.0,165.80092476166314,171.162189509188,160.02110842929054,162.55226135253906,83247500.0,491.9777440659077,497.2910976962318,489.66544266321023,492.2729187011719,513248.0,6.434218295590907,6.512684298219753,6.414601794933695,6.502876281738281,250213317.0,135.57000732421875,136.74000549316406,134.82000732421875,136.2899932861328,6685100.0,97.41000366210938,98.0,94.69000244140625,94.88999938964844,33962900.0,512.1998160804754,514.4259709645329,501.8575730657072,503.1353759765625,2873200.0,312.6019339587185,314.42813457039836,307.75200316890374,308.32080078125,6376700.0,1380.9436724800764,1401.7183642869154,1369.0097778256663,1383.6578369140625,1164700.0,994.8763980094773,995.9448549557765,986.4586198991574,990.7922973632812,1260500.0,146.9922966622343,150.78653536813772,146.66451961480584,150.55809020996094,15297400.0,224.1900928623697,227.4034248761339,223.44626376537,225.80667114257812,5299200.0,151.3800048828125,153.16900634765625,149.3300018310547,151.60000610351562,33955900.0,241.4812160284302,242.2965343871637,239.97985597145382,241.6005401611328,6933200.0,48.11003036922546,48.39853228562406,47.533026536428274,48.269203186035156,42185800.0,6.106330993313588,6.14522478290503,6.0285429504801575,6.047989845275879,302080514.0,8.9399995803833,9.050000190734863,8.890000343322754,9.050000190734863,86050618.0,350.47055149395015,351.31849568794354,344.2096777118432,345.9154052734375,3197100.0,324.2300109863281,326.20001220703125,321.19000244140625,325.1499938964844,3116000.0,205.11000061035156,209.2100067138672,203.6300048828125,204.8300018310547,23076400.0,77.60631739068198,77.78529446009513,76.06512553817848,76.44296264648438,17497300.0,154.06984694547987,154.21873497118054,150.29824413229485,152.17413330078125,8855100.0,285.25,286.2200012207031,280.6000061035156,282.3800048828125,6878800.0,184.89649953852626,190.1186730829567,184.79741621391776,190.04930114746094,11371700.0,191.15697445499413,192.44458847877803,185.52488544337706,187.9526824951172,3219100.0,77.1793166426866,77.1793166426866,76.07689623875925,77.09986114501953,11546800.0,77.22156482164002,78.07693052747447,76.70437065889841,77.67908477783203,14719900.0,159.14475667736806,160.8953435370175,157.00625508040662,160.02999877929688,5463200.0,410.5975029322861,422.572483402254,405.6196136029557,418.5141906738281,30191400.0,,,,,,,953840.4797120418,984835.2961387434,940842.6534685864,954840.3125,3916098.0,194.22000122070312,194.8300018310547,192.30999755859375,193.30999755859375,1416800.0,712.1442265716278,719.0510603171668,702.2929861525735,706.2454833984375,1947500.0,220.1199951171875,222.3699951171875,218.86000061035156,220.77000427246094,157900.0,248.1833670833811,251.86626768087837,245.39389997842179,247.05169677734375,4008500.0
2026-03-12,492.3500061035156,493.3999938964844,489.0199890136719,491.8900146484375,4170900.0,303.0276184082031,308.4543755816348,300.6590487824004,306.02581398501115,15610200.0,337.03300757281824,339.1186289737268,331.50462624270904,335.2667236328125,21982700.0,344.9579798603255,345.91530431128575,335.43482613991114,335.7638854980469,17549400.0,258.4219063383753,258.71164792954545,253.94601921584928,255.52456665039062,40794000.0,648.1950599902964,652.9409968457168,636.355220859953,637.6340942382812,11617500.0,991.7427905232294,992.7909739355993,971.487619440222,975.5706176757812,2340100.0,26.486850223602687,26.79891885526784,26.05775492502522,26.194286346435547,25717253.0,183.83574790315467,184.72471123223085,181.53842231669145,182.9268035888672,155762700.0,403.7555185610488,405.2422886286942,400.84181586601125,400.9914855957031,27263900.0,210.38999938964844,211.7100067138672,208.14999389648438,209.52999877929688,44349500.0,405.17999267578125,406.5,394.6499938964844,395.010009765625,60973800.0,281.38992356011664,282.4345955757058,277.6789347371047,281.44964599609375,13760500.0,69.1925360540466,69.1925360540466,68.31280298467047,68.37210845947266,3491500.0,121.81704946755148,124.89484364052527,121.79712419046949,124.8350830078125,21751600.0,186214.57578831827,189607.5530534859,185516.0216454896,187511.890625,20440753.0,164.08692166549116,167.24588698590296,158.0579750193652,158.60606384277344,37133700.0,487.3531580438668,489.4194706456905,482.3350089039315,487.0579833984375,557471.0,6.502876328693069,6.532300846044216,6.453834842848797,6.512684345245361,210855333.0,135.3800048828125,136.0,133.4499969482422,134.1999969482422,7591800.0,94.86000061035156,95.4000015258789,93.87000274658203,94.30999755859375,34206900.0,499.14223581040915,504.75258966648227,495.4386089509588,496.45684814453125,2702500.0,307.5025275101912,310.3067116813087,305.3868878331418,305.86590576171875,7514900.0,1369.5486792433019,1369.5486792433019,1330.6635191977668,1348.63427734375,1780200.0,987.1775637172665,1004.7520992068786,982.5742578883157,1001.8662719726562,1669200.0,151.24344930814027,153.95504029024,150.607764586727,152.4949493408203,26054000.0,223.26772775420474,225.93559709399125,221.73049312339043,223.5156707763672,7607000.0,153.00999450683594,155.8800048828125,150.97999572753906,153.5,54409800.0,240.07928999023173,243.00246573676242,238.92591946160707,240.6559600830078,7710200.0,47.453444107990826,47.53302862239856,46.54814796109849,46.886390686035156,58354500.0,5.999372648671756,6.16467148098597,5.989648969758905,6.135500907897949,235355064.0,9.039999961853027,9.140000343322754,9.0,9.100000381469727,92179992.0,343.4638217479043,346.07424686049404,336.1784699632124,336.40673828125,3893600.0,318.6400146484375,318.6400146484375,301.1300048828125,306.70001220703125,8007200.0,202.8300018310547,203.6199951171875,196.6699981689453,197.74000549316406,28886900.0,75.05092333840203,75.11057982979376,74.22563980603854,74.82222747802734,24794100.0,151.0724248897603,151.9061432924026,149.20647072168128,149.3751983642578,8489300.0,277.04998779296875,287.55999755859375,276.2900085449219,284.7799987792969,10512300.0,190.8321411033115,197.07496517587037,190.02949510203823,195.1822967529297,27151800.0,189.10268535785832,191.41253756531185,187.07788640055,187.24497985839844,2345000.0,76.89129691652921,77.62624891136876,76.37485133110869,77.08000183105469,16842200.0,76.53527878858394,77.70891954113637,76.53527878858394,77.3210220336914,19969500.0,153.5448455810547,155.41480132733776,151.98324554947547,153.5448455810547,11195700.0,409.8278201806601,413.5562647459693,396.50343154663796,405.1797790527344,31720900.0,,,,,,,937843.1623655914,962838.9822580644,927844.8344086021,929844.5,3711742.0,193.91000366210938,193.9199981689453,190.9600067138672,192.5,2154800.0,691.6831913122745,702.4327461172825,678.4683591358591,699.3585815429688,3231800.0,217.1199951171875,217.97999572753906,215.69000244140625,216.58999633789062,266400.0,245.2946427743001,248.22308643974137,243.84530316895786,245.87039184570312,5547700.0
2026-03-13,493.32000732421875,494.45001220703125,489.7699890136719,490.0299987792969,3565700.0,301.2786865234375,307.075216570357,299.59970423366394,306.4705694514694,16857500.0,336.97312724591364,337.6118021518748,320.7571433661591,321.4856262207031,34725000.0,342.95362719772163,343.5519169028672,335.27525137553937,337.359375,17299900.0,255.24483747003174,256.0940459350445,249.29033192864068,249.8897705078125,36930000.0,623.3562813254467,628.6317326131165,609.0285222575777,613.1849975585938,18957600.0,978.4457011691946,1001.4959880540754,976.3193565917665,983.38720703125,1984400.0,26.389328692342524,26.67539160256788,26.03825055345999,26.272303263346355,21217201.333333332,184.70472270189353,185.87335881208497,179.73052445930352,180.0401611328125,160988400.0,400.13336309353434,403.9251383935716,393.3979511212616,394.69512939453125,26848000.0,209.61000061035156,210.55999755859375,206.22000122070312,207.6699981689453,35662100.0,399.1700134277344,400.20001220703125,389.95001220703125,391.20001220703125,58504100.0,283.2205743771862,285.72773249785536,281.50933079451545,281.996826171875,9091200.0,69.7658489999511,70.10192341982136,68.96518736537598,69.13323211669922,2645000.0,124.89483557746023,126.18970493059696,124.47649597694509,126.02037048339844,15194100.0,179628.19822888283,185815.39172343325,179528.40478542235,183120.96875,19566331.0,158.4964340279975,160.21044883324424,153.6134792155877,154.5701446533203,26350400.0,481.35104166534444,485.23764786594415,463.00024760405176,466.0997314453125,845874.0,6.512684241881561,6.56172572694749,6.453834740419006,6.493067741394043,284611417.0,136.07000732421875,137.1999969482422,134.6999969482422,135.2100067138672,6438400.0,94.63999938964844,95.68000030517578,94.23999786376953,95.30999755859375,29876700.0,495.7081416498272,500.9990372365369,494.55012799089695,497.13568115234375,2809300.0,306.95365892861656,309.7079588288859,305.78609646094156,306.5046081542969,4814100.0,1364.5595565814929,1383.7676022063956,1339.574090983475,1342.757080078125,1179000.0,1004.4425694956371,1011.3625212611244,1000.5481958516575,1006.9688720703125,1469700.0,153.25975221702967,155.83228746743393,151.94864404183042,155.06747436523438,22414100.0,225.02318138296397,226.7389429565767,217.63448192905884,217.87249755859375,5676100.0,153.3000030517578,154.55999755859375,148.5800018310547,150.9499969482422,42460600.0,242.81356702435843,244.1856656028509,240.11905664901153,240.13894653320312,6415300.0,47.27437207875365,47.572820635561804,46.418816766252114,46.47850799560547,45473100.0,6.096607075615835,6.164671436563729,6.047989608702977,6.154947757720947,173084157.0,9.100000381469727,9.1899995803833,9.039999961853027,9.149999618530273,94155509.0,339.14618185881324,340.8633132246558,335.513426265367,336.5059814453125,2531900.0,307.3699951171875,309.510009765625,299.04998779296875,299.69000244140625,5770600.0,198.11000061035156,199.67999267578125,192.27000427246094,193.38999938964844,27561900.0,75.2199561372357,75.77677029380874,73.60916257369009,73.67876434326172,15496900.0,150.2386985039696,151.40988739234177,149.05758980488423,149.52407836914062,7298900.0,282.0899963378906,282.8800048828125,277.80999755859375,278.05999755859375,4737600.0,194.22109598446244,195.8363068762985,192.92298801728361,195.03366088867188,13017000.0,188.59158039308605,189.9480056207035,185.90823113668716,186.69456481933594,1731700.0,77.47000122070312,78.05000305175781,77.19000244140625,77.33999633789062,11974500.0,77.64924368124717,78.8328326387883,77.51994704428031,77.90784454345703,19080400.0,154.06207263746535,156.39951735594283,153.03757946567998,154.04217529296875,6001900.0,413.5762735876892,429.16972952058876,412.82658849961484,425.9510803222656,39261000.0,,,,,,,890851.0512362638,928844.6987637363,883852.2214285715,909847.875,3645102.0,192.63999938964844,193.64999389648438,189.42999267578125,189.89999389648438,1429000.0,703.0016340433469,705.5866783889378,685.8742075041827,692.6712646484375,2042200.0,212.99000549316406,214.19000244140625,210.6300048828125,210.83999633789062,323600.0,245.86046507723168,247.89549034246835,242.92209999001707,244.48062133789062,4338400.0
2026-03-15,492.9533284505208,495.90334065755206,490.64332071940106,491.4833272298177,3689900.0,303.25083414713544,305.9492122875274,300.95220940269866,304.43511905757913,15500500.0,329.2160698848273,331.54453921796534,319.8457315350864,323.32178751627606,32483733.333333332,341.17863595687714,343.625070920209,337.6685276043023,338.63580322265625,13182300.0,253.00024072614048,254.46888378378472,249.53011014829374,251.68812052408853,33692800.0,629.1187604418155,632.7105775377055,618.409491143151,622.6950073242188,16409133.333333334,986.3320988015261,998.1351045225019,974.6622055188143,986.0758870442709,2188066.6666666665,26.194285629822193,26.42833709716797,25.999241810329526,26.42833709716797,12217098.0,183.40624416295378,187.73120539715075,180.70939037719288,182.01786295572916,198534400.0,398.1842480612921,401.15114972210364,393.75717074985965,397.62213134765625,27438466.666666668,208.77000427246094,212.0,207.03999837239584,210.38333638509116,40026900.0,397.2033386230469,402.5533447265625,392.9300130208333,394.10666910807294,58213566.666666664,284.32822387589357,287.1073260033063,282.61034111655493,283.80092366536456,8463066.666666666,70.29961860888162,70.93882666773649,69.87457843272396,70.40505727132161,3072066.6666666665,125.80456742745758,126.38227884323814,124.38353500568644,125.66843668619792,18706833.333333332,182688.53477661224,187678.20705169026,181989.98064919485,186580.47916666666,19687377.666666668,156.5100364430919,158.8618282352941,153.85264594908716,155.14148457845053,23188600.0,472.92182797217407,477.0216326196028,461.3603306931008,469.5763753255208,656429.3333333333,6.4865290135095455,6.5486481666872765,6.453834845710315,6.512684504191081,255954642.33333334,137.89000447591147,138.26666768391928,135.8999989827474,136.2100067138672,8794333.333333334,95.26666768391927,95.95999908447266,94.31999969482422,95.23666381835938,33246766.666666668,497.07911358443255,505.4713486671911,496.6931090314558,504.1303304036458,3236633.3333333335,307.12662672065466,310.2268686566138,306.4247533256463,308.48047892252606,5872166.666666667,1372.5288283962288,1386.0093939875626,1356.6700750888988,1362.6271158854167,1266600.0,1007.5047432195759,1011.2426665570996,996.1745043059365,1002.5152994791666,1318833.3333333333,154.38544720858104,156.42162466567257,153.12731398526756,155.802490234375,22695100.0,221.18832121050113,223.92891593147704,218.21631897577848,219.04278564453125,4553233.333333333,152.73333231608072,154.09333292643228,150.3066660563151,152.12999979654947,36086133.333333336,242.62133178422363,243.83435173838865,240.23173896323595,241.24591064453125,7186100.0,47.00908457641437,47.47997195375713,46.57799262988571,46.7040049235026,40528100.0,6.135500962569481,6.261905853571737,6.106330543929409,6.252182483673096,219053849.0,9.133333206176758,9.196666399637857,9.080000241597494,9.170000076293945,79307109.0,339.6424599803407,342.0675986984314,337.24708661080746,338.8550211588542,2973566.6666666665,304.96999104817706,306.9700113932292,299.7833251953125,302.56333414713544,6141666.666666667,196.02333068847656,200.00666300455728,193.95667012532553,195.51666768391928,29377433.333333332,74.6763993942178,75.56465202347046,73.83454543285164,74.77251434326172,17056500.0,150.5629274215594,151.46943657691182,149.36858221144618,150.49675496419272,7062300.0,284.3566589355469,285.89333089192706,279.9633382161458,282.0066731770833,4815200.0,194.61746847864435,195.97502945704775,193.51093471408996,195.04686482747397,12794933.333333334,187.75282288559325,189.0568248297768,186.25552083657487,187.8019765218099,1785766.6666666667,77.82333374023438,78.30333455403645,77.55666605631511,77.65999857584636,11832300.0,78.21285862353358,78.77315670803719,77.68571875609068,78.28579966227214,16170200.0,155.10314695700626,157.62624959130213,153.65425807454443,154.5925496419271,5666033.333333333,435.17386218869285,446.16923315145226,429.3196523492676,436.3933410644531,41798733.333333336,,,,,,,913513.8963566464,959506.204772717,910514.3979026107,952507.375,3768031.3333333335,191.4199981689453,192.8899943033854,190.16999308268228,191.3066609700521,1695533.3333333333,703.6869855016054,707.6294716263649,690.8114736581875,696.5239664713541,2111066.6666666665,211.95667012532553,213.80999755859375,211.17000325520834,212.4333292643229,239333.3333333333,245.99282322413563,249.53674223472254,243.841996805865,246.44615681966147,5228933.333333333
2026-03-16,492.7699890136719,496.6300048828125,491.0799865722656,492.2099914550781,3752000.0,304.2369079589844,305.3862101461126,301.62846198721604,303.41739386063404,14822000.0,325.3375412042841,328.5109077510106,319.39002561955,324.2398681640625,31363100.0,340.2911403364549,343.6616479288799,338.8651657186838,339.2740173339844,11123500.0,251.87794235419486,253.6563027081548,249.6499992581203,252.58729553222656,32074200.0,632.0,634.75,623.0999755859375,627.4500122070312,15134900.0,990.2752976176918,996.4546627567153,973.8336299823382,987.4202270507812,2289900.0,26.40883084844148,26.486847999807566,26.2527965457093,26.389326095581055,23446279.0,182.7570048934839,188.66012868968363,181.19882333613754,183.0067138671875,217307400.0,397.209690545171,399.7641553863696,393.9367805641587,399.08563232421875,27733700.0,208.35000610351562,212.72000122070312,207.4499969482422,211.74000549316406,42209300.0,396.2200012207031,403.7300109863281,394.4200134277344,395.55999755859375,58068300.0,284.88204862524725,287.7971227560318,283.16084627757465,284.7029724121094,8149000.0,70.56650341334687,71.35727829169406,70.32927396639796,71.04096984863281,3285600.0,126.25943335245626,126.47856579955872,124.33705452005711,125.49246978759766,20463200.0,184218.70305047696,188609.61471581878,183220.7685810811,188310.234375,19747901.0,155.5168376506391,158.18751793631904,153.9722293158369,155.42715454101562,21607700.0,468.7072211255889,472.91362499643213,460.5403722376253,471.314697265625,561707.0,6.473451399323538,6.542109386557169,6.453834898355969,6.5224928855896,241626255.0,138.8000030517578,138.8000030517578,136.5,136.7100067138672,9972300.0,95.58000183105469,96.0999984741211,94.36000061035156,95.19999694824219,34931800.0,497.7645995517352,507.7075043825182,497.7645995517352,507.6276550292969,3450300.0,307.2131106166737,310.48632357047774,306.74408175799863,309.4684143066406,6401200.0,1376.513464303597,1387.130289878146,1365.2180671416106,1372.5621337890625,1310400.0,1009.0358300815452,1011.1827392050872,993.987658533076,1000.2885131835938,1243400.0,154.94829470435673,156.7162932647919,153.71664895698615,156.1699981689453,22835600.0,219.27089112426972,222.5239024189272,218.50723749913828,219.6279296875,3991800.0,152.4499969482422,153.86000061035156,151.1699981689453,152.72000122070312,32898900.0,242.52521416415624,243.65869480615754,240.28808012034816,241.7993927001953,7571500.0,46.87644082524472,47.43354761285479,46.65758056170251,46.81675338745117,38055600.0,6.154947906046305,6.310523062075741,6.135501011542625,6.30079984664917,242038695.0,9.149999618530273,9.199999809265137,9.100000381469727,9.180000305175781,71882909.0,339.8905990411044,342.6697414353192,338.11391678352766,340.029541015625,3194400.0,303.7699890136719,305.70001220703125,300.1499938964844,304.0,6327200.0,194.97999572753906,200.1699981689453,194.8000030517578,196.5800018310547,30285200.0,74.40462102270885,75.45859288830131,73.94723686243242,75.31938934326172,17836300.0,150.7250418803543,151.49921116919685,149.52407841472717,150.98309326171875,6944000.0,285.489990234375,287.3999938964844,281.0400085449219,283.9800109863281,4854000.0,194.81565472573533,196.0443907474224,193.80490806249313,195.053466796875,12683900.0,187.33344413184685,188.61123443431345,186.42916568651873,188.35568237304688,1812800.0,78.0,78.43000030517578,77.73999786376953,77.81999969482422,11761200.0,78.49466609467677,78.74331874266164,77.76860461199585,78.47477722167969,14715100.0,155.6236841167767,158.23961570898177,153.96259737897665,154.86773681640625,5498100.0,445.9726564891947,454.668984966884,437.566184274094,441.6144714355469,43067600.0,,,,,,,924845.3189168378,974836.9577772074,923845.4861396303,973837.125,3829496.0,190.80999755859375,192.50999450683594,190.5399932861328,192.00999450683594,1828800.0,704.0296612307346,708.6508682450784,693.28010673519,698.4503173828125,2145500.0,211.44000244140625,213.6199951171875,211.44000244140625,213.22999572753906,197200.0,246.0590022975876,250.35736818084962,244.30194521378894,247.42892456054688,5674200.0
2026-03-17,494.8399963378906,496.9599914550781,491.4100036621094,492.5799865722656,4424900.0,309.2239074707031,309.86350667991195,304.1669532729026,304.4867681271186,14423600.0,325.0780870057256,326.75456290471493,316.5858914873138,320.63739013671875,38026500.0,340.6000061035156,346.760009765625,338.3999938964844,345.9800109863281,11434600.0,252.72716690012706,254.89516767044782,251.94787083452104,253.99598693847656,32361600.0,627.989990234375,636.5499877929688,621.7000122070312,622.6599731445312,10348800.0,977.2377631609971,979.4838966606686,923.6600091426449,928.751220703125,5637500.0,26.416182397954792,26.486916458552574,26.23767942131987,26.38183283805847,23258753.5,184.8445618023411,185.1841623368753,181.4684917186082,181.71820068359375,182497800.0,399.4049101655112,403.5259891234105,396.8903674487218,398.5467834472656,26228300.0,212.82000732421875,215.6999969482422,212.42999267578125,215.1999969482422,44969900.0,395.69000244140625,400.1199951171875,393.0,399.2699890136719,46890500.0,287.5285022187445,290.2744588762506,284.4940440114858,285.42926025390625,8961200.0,69.67688446466742,70.62580980616426,68.33257167886653,68.40176391601562,3448000.0,126.14986704476209,126.68773552385488,124.36693475275074,124.58606719970703,19895000.0,197591.01550412583,197591.01550412583,192701.13683760958,193499.484375,20300082.0,154.89900098919819,158.36688475898694,152.96575063297982,154.151611328125,23929500.0,473.3317698121481,473.4793871559278,463.3446277343624,464.6729736328125,474737.0,6.512684024819558,6.649999991349831,6.502876008749823,6.630383491516113,415376330.0,137.875,138.22000122070312,135.97000122070312,136.57000732421875,10005700.0,95.30000305175781,96.33999633789062,94.01000213623047,94.36000061035156,26434500.0,509.6741280965782,516.073165722109,505.63108814645256,505.7109375,2834300.0,310.67593734480056,312.04309816703056,306.7440861215353,307.82183837890625,6872200.0,1382.0314183949383,1388.0283297180936,1366.3257324902731,1386.1324462890625,1135600.0,1005.0316634571379,1006.6393160634452,993.3086835679123,994.7166137695312,1210400.0,157.1831271380657,159.36829238305089,155.74290562359263,157.73934936523438,21592200.0,220.2130671466026,221.44286998025882,217.9518280029297,217.9518280029297,4405700.0,152.40499877929688,156.75,152.1199951171875,155.0800018310547,37118500.0,242.1871663459089,242.7439617349266,235.86353339492615,236.74844360351562,7281800.0,47.4136509008572,47.83148194353141,46.95602949767365,47.035614013671875,33427800.0,6.261905925649337,6.359140396118164,6.25218224677719,6.359140396118164,153107817.0,9.180000305175781,9.3100004196167,9.149999618530273,9.260000228881836,90909972.0,342.3223854396477,344.1982990603374,338.40178019218934,338.88812255859375,3075900.0,305.4100036621094,306.0,299.0199890136719,302.0899963378906,4787100.0,196.67999267578125,199.2100067138672,195.25999450683594,196.30999755859375,22779700.0,76.06512317973694,76.73131263399868,75.38898844803165,75.79666137695312,18173400.0,151.86643380137835,152.3130827230334,150.06996373876063,150.34786987304688,6147700.0,287.57000732421875,288.989990234375,284.8399963378906,287.79998779296875,5752000.0,195.69757850583017,198.7595299165207,194.67692803559999,196.1732177734375,14018600.0,187.17617594861738,189.64329797557278,185.9966829666248,186.87147521972656,1793700.0,78.0,78.30000305175781,77.44999694824219,77.58000183105469,14900100.0,78.75326213210074,79.61857602567424,78.39520173395145,78.8427734375,16210500.0,156.45919284721882,159.78133601950526,156.45919284721882,156.98635864257812,6528600.0,452.3499727417273,462.53569608015493,444.95308633575695,461.4961242675781,43017900.0,,,,,,,1008831.2915592784,1009831.1243556702,968837.9797036083,969837.8125,3326240.0,193.9600067138672,193.9600067138672,190.9499969482422,191.2899932861328,1455600.0,706.0158770978132,707.6527754302717,693.5895221014149,700.6660766601562,1824900.0,214.82000732421875,215.69000244140625,212.27000427246094,213.07000732421875,480500.0,248.6797088124107,254.5167681261647,248.17344044692865,254.23878479003906,5840100.0
2026-03-18,491.1400146484375,491.3800048828125,483.79998779296875,484.4700012207031,4356400.0,306.1157531738281,310.56308876859424,305.36123291378533,307.7197987713232,13848400.0,319.7592262452072,324.7587483959258,314.88943683389,315.2686462402344,25460600.0,345.7799987792969,347.95001220703125,339.3399963378906,339.57000732421875,12632600.0,252.3974721128864,254.70534343896443,248.7708084606242,249.70994567871094,35757900.0,616.3400268554688,622.6500244140625,614.6099853515625,615.6799926757812,11726300.0,923.4104199289278,927.4035460691609,903.5545855733535,916.4723510742188,3443800.0,26.42353394746811,26.486984917297583,26.22256229693044,26.37433958053589,23071228.0,182.26756764801692,183.16652908726184,180.12007659614625,180.1899871826172,156683100.0,396.271723303423,397.13983817793417,390.1549666521916,390.9432678222656,25908500.0,213.92999267578125,215.13999938964844,208.8300018310547,209.8699951171875,37846600.0,399.0,403.07000732421875,392.30999755859375,392.7799987792969,50853100.0,285.36953215418885,287.93641255144826,283.6682474755719,286.27490234375,10057000.0,66.26668229405274,67.69995326338915,64.79387182703552,65.23867797851562,8406900.0,123.83902464214266,124.1179177107379,121.34889710216198,121.49830627441406,19734900.0,200085.85270533574,208568.29533872902,199287.50516336932,208069.328125,25148481.0,152.86608812862858,154.43063107214766,151.5108209745941,152.36782836914062,18051100.0,466.19811513239836,470.4783276662145,457.34251541882264,461.0323486328125,772066.0,6.640191872881246,6.748082861749201,6.571533885839043,6.610766887664795,536104118.0,138.44500732421875,139.16000366210938,134.3699951171875,134.42999267578125,17158600.0,94.44999694824219,95.33999633789062,93.61000061035156,94.69999694824219,27878300.0,502.8858046124045,502.8858046124045,487.08297476744696,487.63201904296875,3458700.0,306.7740243134503,307.3029266148368,297.88245394322496,298.4013671875,7191700.0,1370.3768384811872,1378.2796212862559,1351.0690347120487,1352.216552734375,1391400.0,988.9349926705112,992.539747312503,976.7227329041068,978.5001220703125,1434400.0,158.5836245978209,159.10010800410745,156.46797955848893,156.52757263183594,18947100.0,216.70220151650423,217.19808756116444,205.89189179620848,206.62579345703125,8597000.0,154.94500732421875,156.69000244140625,152.61000061035156,152.77000427246094,32476700.0,236.50980988406457,237.74272479331552,234.07382247775118,235.92318725585938,6811500.0,46.97592372105749,47.632512066810165,46.44866068031629,46.58794021606445,40251800.0,6.359140336578449,6.417481018313509,6.349417121447867,6.38831090927124,170792399.0,9.25,9.289999961853027,9.170000076293945,9.229999542236328,76703178.0,336.07918962592805,337.27023766635267,327.68218129393256,328.4662780761719,3592200.0,302.82000732421875,304.9700012207031,300.17999267578125,300.9599914550781,3942400.0,196.0,202.86000061035156,195.75,199.4600067138672,28569100.0,75.37904465321508,76.45290705752005,75.37904465321508,75.75688934326172,12951200.0,148.19408442244597,148.50176512112768,145.36539384075292,145.613525390625,10059300.0,284.3299865722656,288.3999938964844,283.07000732421875,285.20001220703125,4544100.0,197.41186777031933,198.90815747060483,196.70830512271795,196.80740356445312,13305000.0,186.4291630302772,187.7167770481927,180.55134572035817,180.60049438476562,2312100.0,77.08000183105469,77.12999725341797,75.8499984741211,75.97000122070312,13134600.0,79.31024394587399,79.59868191892603,77.1121555184184,77.18177795410156,18827600.0,156.1806807075947,159.78132576030706,155.6833533720388,158.08045959472656,9140900.0,464.56485931012566,471.14208297820466,458.10754986910723,461.5361328125,58973700.0,,,,,,,999832.8598484847,1059822.8314393938,998833.0269886364,1055823.5,4347884.0,190.6699981689453,190.72999572753906,187.55999755859375,188.4199981689453,1174400.0,699.9773921129927,710.4874126057266,691.3837671632582,692.302001953125,1796200.0,210.9499969482422,212.52999877929688,208.89999389648438,209.11000061035156,424400.0,252.3030582143908,256.3929517968472,248.33228304002762,249.7617645263672,5177000.0
2026-03-19,483.8999938964844,484.25,478.80999755859375,481.4800109863281,4045600.0,305.5461120605469,306.495522328792,300.8189462117848,303.0276083402022,15399700.0,311.81590377906156,322.59328381974194,307.8642018246381,319.17047119140625,23524800.0,329.2200012207031,339.8999938964844,325.19000244140625,338.7900085449219,15411600.0,249.17043241392184,251.5982036354298,247.0723745163624,248.73085021972656,34864100.0,612.1500244140625,613.0,602.260009765625,606.7000122070312,13247700.0,912.429354351158,922.9412885225436,909.2947356002531,915.92333984375,2379000.0,26.43088549698142,26.487053376042592,26.20744517254101,26.366846323013306,22883702.5,177.80276430906588,179.77047215436778,175.5853475010711,178.3521270751953,170968500.0,389.2569126674818,391.6417315076428,386.2234742615233,388.1792297363281,25138800.0,207.05999755859375,209.1199951171875,206.0500030517578,208.75999450683594,36440600.0,387.2699890136719,387.2699890136719,378.7300109863281,380.29998779296875,67078300.0,285.4193072233837,288.0359209952396,283.1708046765218,286.5037536621094,9846700.0,63.37048033016391,65.16948600422,62.82682543230195,64.0821762084961,5459400.0,121.91664843204333,122.26526477509258,118.79900382312763,120.61181640625,17927700.0,199487.0986985661,204576.56444825436,199187.71836034913,200085.859375,19884483.0,149.93634260912145,156.37385057695357,148.3717995707142,154.97872924804688,22046100.0,454.2430406976785,457.6376991100804,451.4879773687278,452.8655090332031,772011.0,6.59115037785483,6.708849850867483,6.581342361258768,6.699041366577148,484644350.0,123.0199966430664,126.91999816894531,121.16000366210938,124.9000015258789,33440500.0,94.30999755859375,95.75,90.77999877929688,91.73999786376953,40169300.0,489.6784928647076,496.22723662568575,486.47400820957273,490.2974548339844,3284500.0,297.4234073430545,301.8442350116896,296.41548713996315,299.0899353027344,6826400.0,1312.3734436316327,1369.4687042332964,1307.5140625986141,1363.4119873046875,1619100.0,984.4115868414918,987.3572636603498,969.0038906181163,973.3676147460938,1340200.0,157.19305147663275,158.48429028446628,153.79610994446438,157.09373474121094,27082700.0,206.65554905186113,208.69859717055627,202.61904444645927,204.5331573486328,7006800.0,153.10000610351562,156.14999389648438,150.5,155.67999267578125,33915900.0,236.97712235314108,237.8918597954365,234.9587314976836,236.24136352539062,7511500.0,46.180055449993276,46.94607581273932,45.88160689443775,46.767005920410156,38601400.0,6.32024652046559,6.466098455975669,6.2813527328163055,6.39803409576416,189956894.0,9.220000267028809,9.380000114440918,9.210000038146973,9.34000015258789,125644697.0,326.51095694292064,327.77152145914164,322.213206164758,325.76654052734375,3845400.0,296.1000061035156,296.239990234375,286.1300048828125,291.6099853515625,7128700.0,195.02999877929688,205.8800048828125,192.8300018310547,205.27000427246094,32245300.0,75.24978651859608,76.36342244936623,74.25547116163051,75.95574951171875,18744400.0,145.12718307624942,146.27851711013417,143.7078627261721,143.7574920654297,10340300.0,280.44000244140625,287.54998779296875,280.07000732421875,284.0,5542100.0,197.97669124789388,200.6026488131774,197.19386797269294,199.61172485351562,16918400.0,181.27869388296506,183.618032351355,180.05989098190824,181.84878540039062,3329400.0,76.0,76.44999694824219,75.52999877929688,75.55000305175781,13023300.0,77.1320507041083,78.45487696022275,76.505441205041,78.08687591552734,17519600.0,156.15085565694983,158.76678734553138,155.69330779106718,157.7025146484375,6418300.0,424.79155154713123,457.0280094101424,420.9331565419807,444.08343505859375,74591900.0,,,,,,,1007831.4610069102,1042825.6089585391,1002832.2970138204,1012830.625,3347483.0,186.72999572753906,189.7899932861328,186.3300018310547,188.92999267578125,1469900.0,675.2045033516707,692.1721994339167,667.7287458248552,687.3414306640625,2240200.0,206.38999938964844,210.0500030517578,205.64999389648438,208.92999267578125,221700.0,247.60760637457724,250.34745094701873,246.43623496548807,248.54074096679688,4249500.0
2026-03-20,481.6300048828125,485.1199951171875,479.6600036621094,480.94000244140625,7786400.0,298.61029052734375,304.1869208156099,296.5715090190732,303.8871134611093,34763500.0,319.4498845364502,320.83698945248267,309.27125457684116,309.8600158691406,43325900.0,336.67999267578125,337.6000061035156,325.8999938964844,329.239990234375,17424200.0,247.7517334570195,248.97061168291066,245.77356028907465,247.76173400878906,88331100.0,603.530029296875,603.9600219726562,587.25,593.6599731445312,21214900.0,908.985266389583,923.7897990519223,897.7446062242202,905.1419067382812,4818800.0,26.438237046494734,26.4871218347876,26.19232804815158,26.359353065490723,22696177.0,177.79278016290237,178.05247199547227,171.52009228430225,172.4989471435547,241323500.0,385.95408868282834,386.16362631018524,379.29849030352204,381.0447082519531,50853200.0,207.39999389648438,207.5399932861328,204.32000732421875,205.3699951171875,63694600.0,379.8500061035156,379.8900146484375,364.4599914550781,367.9599914550781,78628600.0,286.61317132501995,289.2297850267638,283.81748141518966,285.1009216308594,22436500.0,63.78563466436398,63.78563466436398,62.658785354566035,62.76751708984375,3688200.0,120.40022309052897,121.0689526721321,117.79519396918542,118.79328918457031,57545600.0,201582.75451354063,202081.72172768306,198588.95122868606,198988.125,35279762.0,152.51732365860767,152.71662453203183,147.4350677550405,149.15904235839844,37551400.0,457.53932199332723,461.1307536765041,446.37142070897744,450.6024475097656,1359678.0,6.6696164911835485,6.728465990684702,6.610766523988147,6.630383491516113,368929128.0,125.71499633789062,126.4800033569336,122.08999633789062,122.41000366210938,15479300.0,91.30999755859375,91.87999725341797,90.69000244140625,91.81999969482422,61678000.0,491.62513522245337,498.36355513539417,490.16764848265757,495.4685363769531,5762900.0,299.22967494551517,302.2933310235784,298.3914163961535,300.9960021972656,14398100.0,1354.3019612791145,1367.0141856406576,1288.2861180337834,1314.379150390625,2645100.0,973.6672191255122,979.3389820335317,969.1337581466905,970.9212036132812,2621600.0,158.27571685943028,161.3448813824297,158.02740228334451,158.5935516357422,53942100.0,204.57284449407982,206.07041498438647,201.38924925144096,203.38272094726562,27982400.0,155.1999969482422,156.64999389648438,149.08999633789062,150.67999267578125,48700200.0,235.47576703036307,236.92741000247076,233.1590885516746,234.02410888671875,17156600.0,46.886389345067215,47.21468162445147,46.44866124591573,46.91623306274414,78060900.0,6.4369283175605805,6.466098892090253,6.378587632151788,6.417481422424316,303266690.0,9.329999923706055,9.399999618530273,9.270000457763672,9.380000114440918,95039548.0,325.30997769719255,327.7715255801863,317.87574869308355,318.3620910644531,9672200.0,290.0,293.42999267578125,282.2900085449219,286.7900085449219,10192400.0,204.88999938964844,206.3000030517578,198.25999450683594,201.3300018310547,37265100.0,75.96569153942144,77.47704747949989,75.7767692021527,77.15886688232422,40461100.0,143.90639099733644,144.7301896282972,143.17191609696502,143.20169067382812,60620900.0,275.5899963378906,283.1000061035156,275.0,278.989990234375,38893000.0,199.57207166074284,203.218679552934,199.17570814042384,199.89907836914062,35849500.0,174.01496070685607,174.98805025456116,171.51836757172347,172.79615783691406,5687000.0,75.56999969482422,76.05000305175781,74.38999938964844,74.75,33298700.0,78.02719789758793,78.6140220927003,76.29657759243611,77.23151397705078,90380800.0,157.51352620853407,162.26797468098707,156.40945883321058,160.60690307617188,14621300.0,443.73360503223694,448.9114225546253,415.18556972243744,422.722412109375,64224900.0,,,,,,,1022828.9497269116,1025828.4481132075,1001832.4610228401,1006831.625,3426646.0,188.13999938964844,188.39999389648438,182.6199951171875,183.60000610351562,2068000.0,685.3252553634701,692.7411294028627,669.166017522727,679.586181640625,5131100.0,209.44000244140625,209.44000244140625,204.00999450683594,205.02000427246094,441600.0,247.1807577944818,248.45140465489388,240.0035858154297,240.0035858154297,11314100.0
2026-03-23,483.5,485.9800109863281,479.0,479.9800109863281,4958000.0,298.84014892578125,303.18753879791194,297.8507541028747,300.3492505237287,22204100.0,318.0,326.4800109863281,314.92999267578125,322.510009765625,27369200.0,331.1000061035156,343.4100036621094,331.1000061035156,338.45001220703125,15857200.0,253.73622734962268,254.3656523266213,250.0496214753341,251.25851440429688,40546100.0,605.7899780273438,608.6400146484375,599.010009765625,604.0599975585938,13638000.0,911.9201796099584,925.1873800592911,905.6709275208751,908.9852294921875,2817500.0,26.46029169503468,26.487327211022627,26.14697667498329,26.336873292922974,22133600.5,177.0536408486584,178.16234927411983,174.55655117338722,175.43553161621094,182836300.0,383.07032058481127,386.3731646745857,380.85511716508233,382.1722717285156,29680100.0,209.7899932861328,212.8000030517578,209.50999450683594,210.13999938964844,44277400.0,373.0899963378906,385.3299865722656,372.7300109863281,380.8500061035156,74606000.0,292.8114588483544,294.24412922690453,286.5037438804951,288.4338684082031,11470800.0,64.33917370955706,64.66536892122186,63.34082963708723,63.81528854370117,4494000.0,120.25051817287543,120.89927398864255,118.82324167143548,120.49005889892578,22181500.0,190106.5121779388,190805.0662909286,185915.1875,185915.1875,30268173.0,150.89299062422435,155.2378165334504,150.18547024864722,153.80282592773438,19927900.0,443.76393548298904,473.8237643343529,443.66553392629635,459.1136474609375,762197.0,6.610766925449487,6.620575409809123,6.296902909049539,6.345943927764893,548757558.0,123.23999786376953,127.2699966430664,123.0999984741211,126.05999755859375,15583900.0,92.04000091552734,93.9800033569336,91.86000061035156,93.37999725341797,34315900.0,505.1818316756192,506.1701539934396,499.5215759277344,499.5215759277344,2985900.0,304.5686181307204,307.2131297520358,302.2234736912733,303.8101806640625,7824500.0,1356.7665496717045,1397.3379683179937,1345.1718794733513,1366.635009765625,1983200.0,984.2417989022865,985.2104251155546,963.1324759708775,964.3306884765625,1779100.0,155.0674825949629,160.3317546721225,153.9749075468967,160.04371643066406,25021300.0,205.65386479830477,206.9034922056771,201.54792887894828,203.2438507080078,7419900.0,153.24000549316406,161.0800018310547,153.24000549316406,160.83999633789062,57507100.0,236.04249575836326,236.94729584714173,232.9105141237134,234.07382202148438,7313700.0,48.090133260810326,48.1398740544717,47.23457794790926,47.27437210083008,42333200.0,6.320246498615376,6.329970177319341,6.116053882337298,6.193841457366943,326218725.0,9.319999694824219,9.369999885559082,9.109999656677246,9.15999984741211,152465295.0,329.5184050161633,332.2280917306825,325.7665474139578,328.4365234375,5806300.0,296.79998779296875,299.8299865722656,290.1700134277344,291.5400085449219,6473800.0,206.39999389648438,209.11000061035156,201.7100067138672,202.67999267578125,31857800.0,79.03811966572962,79.34636256173783,77.67591258403733,77.83499908447266,15320800.0,145.05770938492896,145.05770938492896,142.4076660416259,142.9138641357422,10315600.0,269.5400085449219,280.75,269.0899963378906,279.1400146484375,10424200.0,196.82722247376194,203.49613620154093,195.57864866134068,203.34750366210938,15735700.0,177.72055908536552,178.36928549105255,174.06412025085166,175.1158447265625,2420100.0,75.33999633789062,75.44999694824219,74.55000305175781,75.11000061035156,15054900.0,78.21617243558246,79.08148633912056,77.99735690216298,78.39520263671875,20072200.0,165.37128299564415,167.24123866616472,163.28251725676847,163.44166564941406,10128400.0,425.9710395632608,444.08342550130794,401.3513776258061,404.1802062988281,54807300.0,,,,,,,951840.8231511255,962838.9839228296,926845.0032154341,932844.0,3911813.0,183.86000061035156,186.77999877929688,183.75999450683594,184.07000732421875,2009400.0,697.6717565538422,710.647053886031,693.2401910282354,700.3666381835938,2981000.0,209.36000061035156,212.22999572753906,208.52000427246094,210.63999938964844,232600.0,244.69901903749496,249.51358997403102,242.92210381964344,246.62484741210938,4972000.0
2026-03-24,478.0,483.5,477.54998779296875,479.3299865722656,3434400.0,289.02606201171875,296.9213041605432,288.6812683049409,296.03182484480067,27411200.0,320.0,324.3999938964844,314.8399963378906,318.2900085449219,19799000.0,335.57000732421875,344.8800048828125,334.0199890136719,343.25,9725000.0,250.1195650925759,254.5954370944537,249.32029842391177,251.4083709716797,45152300.0,599.0999755859375,601.0,591.0,592.9199829101562,10739700.0,905.4413416487102,907.1084547321748,894.0709004748627,901.4682006835938,2572700.0,26.467643244547993,26.487395669767636,26.13185955059386,26.32938003540039,21946075.0,174.6264683383626,176.01484951930743,173.777451794472,174.99603271484375,147667800.0,381.53362193174286,381.6434000325674,371.04635704379217,371.9344177246094,42733600.0,207.9499969482422,209.35000610351562,206.63999938964844,207.24000549316406,35351400.0,376.55999755859375,387.4800109863281,376.30999755859375,383.0299987792969,60004900.0,284.71293429347423,293.9755285514211,283.9169894005904,290.91119384765625,11092300.0,64.1118296748574,64.53686985472393,63.85482670667602,64.33917236328125,4315900.0,120.40022673495365,123.87360154016888,120.26049400975914,121.8175277709961,17269600.0,195096.19189015552,195595.15913284133,185116.8470364391,189308.171875,25458914.0,152.46749843615302,153.36435999173983,146.33890899305118,146.57806396484375,26122100.0,462.65587411503947,465.85372939329886,449.34785235777895,453.35748291015625,586208.0,6.345943611206482,6.424410079086556,6.306710611113571,6.375368595123291,273559266.0,124.36000061035156,125.75,123.91999816894531,125.4800033569336,8516200.0,92.79000091552734,93.73999786376953,90.81999969482422,90.91999816894531,28938000.0,494.78973217193385,501.86756544900123,492.39382505801285,498.0740661621094,2278900.0,301.37522313516865,305.4068737202475,299.99807320309833,303.131591796875,5375900.0,1346.1796933897608,1410.1998957827925,1345.7407108014672,1396.3701171875,1801000.0,960.6660264130286,979.8582093999555,959.6075647316304,972.4089965820312,1259300.0,160.61980432865266,166.35089373485314,160.16289884783137,164.2650604248047,26131800.0,201.36941097689024,204.31497547743083,200.13962319433597,203.5116424560547,6990500.0,160.07000732421875,162.39999389648438,151.63999938964844,154.77999877929688,56155700.0,232.8011393317389,234.65050408093313,230.9120099861425,233.9246826171875,9046200.0,46.80680067832249,48.20951232305082,46.77695696087486,47.89116668701172,39804100.0,6.223012209227793,6.34941725412028,6.193841635925476,6.329970359802246,255297497.0,9.15999984741211,9.369999885559082,9.149999618530273,9.319999694824219,110897176.0,323.47373045416623,330.0444409673587,320.615166659699,328.4464416503906,4566400.0,287.7099914550781,292.5199890136719,285.29998779296875,290.6300048828125,5028200.0,201.38999938964844,206.42999267578125,200.1300048828125,205.3699951171875,27258800.0,77.18869258986763,80.01255193471808,77.13898137739518,79.15744018554688,19134300.0,142.25878501317578,144.14457877437948,141.1670001126379,142.09005737304688,8567600.0,272.2799987792969,273.3800048828125,267.5899963378906,268.8699951171875,5911700.0,204.17988816660042,207.88593415781088,203.94206096918322,204.9131622314453,16695500.0,169.27732617707312,169.69997168814066,166.36789627091778,168.0781707763672,3590400.0,74.86000061035156,75.69000244140625,74.62999725341797,74.66999816894531,15653700.0,77.94763145257174,80.50378025982845,77.7089194572661,80.42420959472656,23528000.0,161.57170963180744,166.22668627749584,161.36282546975553,164.98336791992188,6016200.0,401.11150778698163,404.80996641862856,388.74670663101466,395.3639221191406,44975100.0,,,,,,,992833.9544878296,993833.7872718052,937843.1513691683,985835.125,4352152.0,182.6300048828125,186.22000122070312,182.38999938964844,185.77999877929688,1596200.0,692.4816144993522,719.7796800070197,691.7131190945474,715.2682495117188,2098300.0,206.8699951171875,210.7100067138672,206.8699951171875,209.77999877929688,295000.0,244.64938540442864,245.30456695159515,236.261125775069,238.8321990966797,4151500.0
2026-03-25,482.6300048828125,483.2300109863281,475.7300109863281,476.19000244140625,4402000.0,289.4158020019531,294.48275961254154,287.1971361576211,291.97425966938914,22343000.0,322.5899963378906,324.29998779296875,316.7200012207031,318.80999755859375,19900000.0,346.0,350.45001220703125,343.5,347.75,12166900.0,253.86611511385965,254.76528059453105,251.3684162845015,252.38746643066406,28476700.0,598.739990234375,603.6699829101562,593.4000244140625,594.8900146484375,12585000.0,910.9219087844001,920.5653425404496,907.5277881210985,914.7353515625,2177700.0,26.30962832915352,26.586156638700462,26.27012536132967,26.526901245117188,15027814.0,176.89383761026875,181.00903649280792,176.64412864426953,178.47198486328125,162602100.0,376.10542586510894,376.2451074667104,368.831172255135,370.2381286621094,31181200.0,211.55999755859375,213.07000732421875,209.89999389648438,211.7100067138672,36388800.0,389.989990234375,396.2300109863281,385.010009765625,385.95001220703125,55157300.0,292.6522795072885,296.1245302289603,290.950994762599,293.91583251953125,12188200.0,64.25021254667907,64.33917075956977,63.439671705438016,63.61759567260742,3605000.0,122.57606824271039,123.25477327869513,121.54803141207071,122.82559204101562,16597300.0,193299.90124834655,195994.324239418,188609.609375,188609.609375,22995904.0,148.71061441825918,149.3184919774499,144.0967390483517,145.5117950439453,20683800.0,457.53929975574715,460.68796931362874,450.2580351845767,454.93182373046875,482280.0,6.375368857190988,6.424410343170166,6.277286352926904,6.424410343170166,338161973.0,129.47999572753906,130.64999389648438,128.33999633789062,129.8699951171875,12843000.0,91.70999908447266,92.5199966430664,91.23999786376953,92.27999877929688,29545600.0,500.43001211945887,505.3814943785646,493.71154691559775,501.8974914550781,2422000.0,304.84803341435196,307.851785612155,301.5448835843987,304.2792053222656,6280900.0,1391.0515661623317,1402.7659692515529,1363.7112597197413,1390.85205078125,1610000.0,976.5829748437683,979.3889009941519,966.6473792191523,973.447509765625,1067100.0,162.76523571437266,163.8876224635627,161.83157047054226,162.1593475341797,17192300.0,205.1579825858466,207.95477211182856,204.1662104598652,205.475341796875,6000100.0,157.4199981689453,160.27000427246094,154.85499572753906,154.9600067138672,38543300.0,235.44593740287846,240.07929431329362,234.38204857588565,238.5580291748047,6456400.0,48.26920565872286,48.85615616233494,47.93096293130269,48.498016357421875,29988300.0,6.359140336578449,6.407757803182927,6.281352760931701,6.38831090927124,203251147.0,9.319999694824219,9.40999984741211,9.15999984741211,9.390000343322754,100644243.0,332.50599870334025,334.6796970583926,324.5556216981383,330.0345458984375,4397800.0,295.1000061035156,297.8699951171875,293.0899963378906,296.55999755859375,4456600.0,211.50999450683594,221.3300018310547,211.50999450683594,220.27000427246094,48518300.0,79.05801260029263,80.33073498619608,78.87903554064846,79.80374908447266,17213400.0,142.6657281554216,143.0230382100302,141.16700383023758,142.84437561035156,8418100.0,270.54998779296875,276.0799865722656,267.1099853515625,275.0,8121200.0,204.13033155791385,205.35908268632753,202.76285168276794,203.2880401611328,8865000.0,170.00469390415284,170.88930989020878,165.26704451723313,166.06320190429688,2449900.0,74.58999633789062,75.6500015258789,74.06999969482422,75.25,14787900.0,80.56345608674258,82.2344021461468,80.45404831709352,81.38898468017578,23146000.0,165.9084036139988,167.90765405644981,163.12336747531648,164.76454162597656,6444600.0,382.8391870019348,388.75671475053633,371.22407085668544,381.9295654296875,55328700.0,,,,,,,1015830.1135678391,1041825.766080402,987834.7954773869,994833.625,4463869.0,187.6699981689453,188.72000122070312,186.44000244140625,187.13999938964844,1484000.0,725.8680661572424,727.9640513308992,715.6375433960025,717.6736450195312,1591500.0,211.58999633789062,212.75,210.61000061035156,210.92999267578125,218800.0,241.8202180156964,244.3912913465502,236.2611266244346,239.62635803222656,4207900.0
2026-03-26,476.44000244140625,478.3800048828125,474.5,475.2699890136719,3774600.0,280.5711364746094,286.34268744484854,278.8821505013807,286.01787071952646,29281200.0,314.0199890136719,316.9200134277344,309.1700134277344,309.4200134277344,20343700.0,339.82000732421875,340.9100036621094,325.3699951171875,326.1099853515625,14560200.0,251.88793104116345,256.76344411909713,250.53918279672283,252.6572265625,41796700.0,582.489990234375,583.0,543.3499755859375,547.5399780273438,35780100.0,910.8121323585593,914.7752808955319,894.7497552881431,895.4585571289062,2163200.0,26.507147409877994,26.665163040161133,26.42813959473642,26.665163040161133,15719872.0,175.86504388946904,176.30451888215924,170.9407749866337,171.04066467285156,186152200.0,370.01860155518807,373.9101668945663,364.4007640805619,365.1790771484375,36836600.0,210.61000061035156,212.88999938964844,207.1199951171875,207.5399932861328,46746000.0,381.6000061035156,384.44000244140625,371.8699951171875,372.1099853515625,55522900.0,291.0902559049482,293.48798854194115,289.24969984697105,290.1749572753906,8669200.0,62.54017009463198,62.718094065255215,61.858130721038975,62.01628494262695,4749700.0,123.37454971153619,123.56419023849065,121.55801673107064,121.94727325439453,16442500.0,185116.84619655748,185516.01998889507,178530.47862298723,179728.0,32074131.0,143.38920072701563,145.960223049612,142.04389322141546,142.31295776367188,16961900.0,448.83130947519476,458.67086478552653,448.83130947519476,450.9468078613281,648041.0,6.404793635687483,6.463643136347345,6.385177135467529,6.385177135467529,224826856.0,126.72000122070312,127.05000305175781,124.58999633789062,125.41000366210938,9240000.0,91.5199966430664,95.86000061035156,91.01000213623047,93.31999969482422,59522000.0,499.6513516605644,503.93396994618104,498.1938344524002,499.89093017578125,3995400.0,303.53075782816387,307.2330740575747,302.37315398017523,304.8979187011719,7652700.0,1353.8529545917866,1356.457251602465,1323.9581681822713,1326.6024169921875,1721100.0,974.2763065989756,985.7596440297709,971.3105781962925,978.2305908203125,1498300.0,162.9837500460696,164.5630270982508,160.96743691898868,164.31471252441406,18625200.0,205.48526225222298,209.71020591801482,204.06702029076038,209.38291931152344,4576300.0,153.05499267578125,153.1199951171875,147.25,147.55999755859375,43038400.0,238.62764275887116,240.26820173422362,237.5637539025668,237.8719940185547,5171400.0,48.45822202867737,48.61739485307026,47.78173657626272,47.99065399169922,32502600.0,6.32997024286944,6.4369279278175435,6.32997024286944,6.378587245941162,216003794.0,9.359999656677246,9.489999771118164,9.34000015258789,9.4399995803833,89586757.0,328.9724946138041,331.63253525345,324.15859588397956,325.9848937988281,3448400.0,291.5799865722656,294.0199890136719,282.67999267578125,285.239990234375,5890800.0,217.97999572753906,221.0,203.42999267578125,203.77000427246094,49213000.0,79.43585021015946,79.84352313214922,78.27250310783688,78.57079315185547,15430500.0,142.61610343501624,143.48953140674783,141.1769433595942,141.3555908203125,6443200.0,268.04998779296875,274.6400146484375,267.17999267578125,269.989990234375,6218800.0,204.16006252348856,207.31120858276964,203.2979635157106,205.90408325195312,11085600.0,164.8542226139318,168.0290284262039,163.45848750451782,164.22515869140625,3719600.0,75.19000244140625,75.75,74.6500015258789,74.69000244140625,11202100.0,81.62768996423691,82.66208587761403,81.36908908882349,81.71720886230469,26649600.0,163.76989076705416,165.44091856013955,161.6114918829564,162.35748291015625,6175700.0,369.8646136394447,374.0928483986513,349.85303123454366,355.31072998046875,54515900.0,,,,,,,964838.649517685,972837.3118971061,930844.3344051447,932844.0,4660620.0,185.0800018310547,186.80999755859375,182.7899932861328,183.39999389648438,1850300.0,708.720752494015,716.6057045872205,695.1066562134266,701.8538208007812,2428700.0,211.0399932861328,212.97999572753906,209.55999755859375,209.92999267578125,204900.0,238.80240620600992,244.86776562769327,238.04796440863018,239.904296875,3606800.0
2026-03-27,474.19000244140625,474.79998779296875,467.2099914550781,468.489990234375,5382300.0,273.5953369140625,278.92211737858287,273.3155065603785,277.2331315119547,25703300.0,307.05999755859375,307.5,298.8699951171875,300.67999267578125,23593900.0,324.8299865722656,329.55999755859375,322.30999755859375,326.739990234375,14484500.0,253.666280215245,255.2548282141602,247.8416601166152,248.57098388671875,47900000.0,540.0999755859375,543.5999755859375,520.260009765625,525.719970703125,30133000.0,894.4602639056106,899.2819808262025,875.6027109060323,876.7307739257812,2740800.0,26.566403402259567,26.71783489083855,26.493979100847024,26.658578872680664,13577746.666666666,169.80209026823204,170.77096223786808,166.81556566439232,167.32498168945312,196212700.0,361.11784971721505,361.6666793192034,355.73951450811694,355.9989318847656,37883400.0,206.4600067138672,206.60000610351562,199.13999938964844,199.33999633789062,56009800.0,369.69000244140625,369.8599853515625,359.4700012207031,361.8299865722656,62065700.0,287.66781259849654,288.63284454259417,280.31542537678433,281.3998718261719,9873300.0,61.947087494472974,61.95697425410763,60.92896995235501,61.46274185180664,3383900.0,121.797559430932,124.03329060905865,121.58796034687597,122.65592193603516,16543300.0,171744.5241532482,181324.69516935037,171644.73070516382,179728.0,29138966.0,140.43948851881788,141.1968530849201,137.8186525236201,139.17391967773438,17929600.0,450.9467881060871,452.32434981153665,446.0762264576081,448.4377136230469,507326.0,6.365560484860885,6.385177453752954,6.326327482465308,6.355752468109131,206181879.0,123.97000122070312,124.44000244140625,122.2300033569336,122.69000244140625,8105000.0,94.56999969482422,95.58000183105469,92.73999786376953,93.43000030517578,44590700.0,498.5932002540091,499.1921465752735,479.6756969999703,483.4092712402344,3963300.0,303.690412167838,303.95984261233536,293.71110075686363,294.9085998535156,9974400.0,1315.5566470141703,1330.873168627696,1295.6900050685902,1299.63134765625,1759700.0,980.5971483901997,985.6797392432705,976.6927795479637,982.4344482421875,1540900.0,164.46370369951495,170.07560677850861,163.68896347300407,169.8372344970703,30338300.0,209.6804621896633,211.7334377654711,207.39938326095745,207.6770782470703,5654000.0,145.8800048828125,145.9600067138672,141.55999755859375,143.05999755859375,35790800.0,239.8108319839459,241.2923021698431,237.7626138844777,239.07505798339844,7617600.0,47.82153133507924,48.00060123915528,46.59788952054599,46.72721862792969,36781900.0,6.398034482248582,6.466098846571638,6.349417476575442,6.4369282722473145,249064917.0,9.420000076293945,9.489999771118164,9.34000015258789,9.420000076293945,79316605.0,325.06182501857006,325.1015357075125,318.35214223518864,319.25537109375,3977400.0,282.989990234375,284.9700012207031,280.9700012207031,282.80999755859375,4161700.0,201.77000427246094,203.27000427246094,197.69000244140625,201.99000549316406,29206600.0,78.17307671958719,78.18301441129879,76.42307955327237,76.75120544433594,13674900.0,141.65335242791525,143.0031887796008,140.9486521027654,141.6434326171875,11558300.0,259.0199890136719,267.6700134277344,255.97000122070312,267.5,10735300.0,206.260809756214,210.531704590903,204.378060339389,209.23358154296875,13907800.0,164.35294901122356,164.53968995066327,160.97172466369747,161.2174530029297,2239000.0,74.81999969482422,76.05000305175781,74.69999694824219,75.70999908447266,17461000.0,81.53817595752437,81.67742082700065,78.97207892584524,79.48927307128906,20557400.0,160.1394149869459,160.3681813301608,156.48903387031194,157.54336547851562,6368400.0,359.7088829463018,368.54519794334004,353.911330523037,357.07000732421875,45806700.0,,,,,,,889851.1897106109,933843.8327974277,879852.8617363344,932844.0,4520942.0,190.8800048828125,192.97000122070312,187.9499969482422,188.4199981689453,2762900.0,693.1503268744318,707.0139474772166,691.014439637954,694.07861328125,2059800.0,210.0,210.16000366210938,206.30999755859375,206.72999572753906,185400.0,237.10492188249458,237.69060759332467,232.04217740741072,234.61325073242188,4853700.0
2026-03-29,471.84999593098956,476.72666422526044,469.5033264160156,472.60333251953125,4854700.0,273.18227132161456,277.03661057053176,272.0196307533098,275.92727251989675,23735966.666666668,302.93332926432294,305.67999267578125,292.92999267578125,295.8333333333333,26567633.333333332,326.4100036621094,329.586669921875,316.63665771484375,319.913330078125,15321500.0,251.11530712197703,252.17765739682872,246.13655683930799,247.12565104166666,42264133.333333336,537.6199951171875,540.8999837239584,525.7799886067709,532.82666015625,25241133.333333332,889.4555418291659,897.0192022337914,879.5958460946856,882.3145141601562,2960400.0,26.684915387022713,26.823178592193383,26.625658113068233,26.645410537719727,9293496.0,168.98971031708152,169.75881311866806,164.99103919688463,165.76014200846353,189155566.66666666,361.11785162904346,363.6024706246636,355.5865071350385,357.4557800292969,42492466.666666664,203.13999938964844,204.73333740234375,199.6999969482422,200.413330078125,49585800.0,367.13665771484375,368.14666748046875,354.5833435058594,357.4633280436198,65991500.0,284.74940193327035,286.7358990469921,280.70011766594394,282.01671346028644,11114033.333333334,61.29470349539196,61.31776757427767,60.45450738915224,60.7049191792806,3118966.6666666665,122.9154226929257,124.69203347327381,122.46628036463967,123.06181081136067,19133700.0,171248.1747177494,178208.2317231168,170948.24356838793,177442.66666666666,24559086.666666668,139.84822926283212,140.87132838362038,136.92178929866884,138.60258992513022,19393666.666666668,449.0772965822297,455.0138201632298,446.92898774747704,453.61988321940106,413570.0,6.3394048649764345,6.385177166148134,6.306710853536903,6.362290859222412,200425467.66666666,123.50999959309895,124.0,121.77666982014973,122.21666971842448,7519466.666666667,93.3566665649414,94.85333251953125,92.3933334350586,93.12333424886067,36446966.666666664,490.99291166264754,496.1906445020261,484.0015893894817,489.90477498372394,3740766.6666666665,299.97146857069356,301.3585770902608,294.7556174746588,297.5830790201823,9545000.0,1315.7827895328633,1323.6489499054871,1262.1565515370025,1267.36181640625,2016233.3333333333,984.3450451816428,997.9485970738585,981.2861292574669,990.9021809895834,1933033.3333333333,169.0525527564943,173.50566465917598,167.82754029772616,170.1550750732422,29988433.333333332,210.2358511995476,212.0309664171461,208.4969458853158,210.1366729736328,6878800.0,144.14000447591147,144.73333231608072,138.05333455403647,139.38666788736978,39456800.0,241.33540443021752,242.3064839178061,238.6773511928352,240.4272918701172,7366733.333333333,47.47665444231528,47.741943739558764,46.65757770902079,46.89965311686198,41177900.0,6.352658373927934,6.537404101544461,6.33645270537022,6.514715671539307,311293923.0,9.359999974568685,9.543333053588867,9.320000330607096,9.480000178019205,105530763.0,323.8840000530097,325.3992965796979,319.56968050444976,320.4795328776042,4036466.6666666665,283.7100016276042,284.7966613769531,274.18333943684894,276.43666585286456,7119633.333333334,203.88999938964844,206.70999654134116,194.4766642252604,198.02333068847656,37104400.0,77.68254113640955,77.91123446629119,76.17781030146962,76.49268086751302,14099300.0,141.86508099272652,143.98909663999623,141.31919862105642,142.9734090169271,11596966.666666666,260.8666687011719,264.10999552408856,256.4366760253906,262.6199951171875,8761566.666666666,209.63656067834782,212.01809350576318,207.04694731193706,208.94292195638022,11575266.666666666,164.08427850565448,166.505511432331,162.48540453403086,164.01546732584634,2528400.0,75.56000010172527,76.68333435058594,75.37999979654948,76.08333079020183,18155533.333333332,80.13245553200812,80.53029872322352,77.10883612685207,77.57962036132812,23056666.666666668,159.5757731687904,160.37481875852626,156.41609204018454,157.53010050455728,6297200.0,361.6762967568402,364.72173102017587,330.2371061053353,333.55666097005206,64491033.333333336,,,,,,,874520.4402414523,900516.0933685201,867854.8881427338,892850.7083333334,4505982.0,192.84666951497397,194.08333333333334,191.0566660563151,192.06000264485678,2330233.3333333335,698.3005646243522,703.4407622700472,672.5429414476845,675.4673665364584,2426600.0,207.00666300455728,207.62666829427084,203.86333211263022,204.20333353678384,223333.33333333334,236.4100314116278,238.20019042729453,233.61725204605725,235.21548461914062,4206300.0
2026-03-30,470.67999267578125,477.69000244140625,470.6499938964844,474.6600036621094,4590900.0,272.9757385253906,276.0938571665062,271.37169284977546,275.2743430238678,22752300.0,300.8699951171875,304.7699890136719,289.9599914550781,293.4100036621094,28054500.0,327.20001220703125,329.6000061035156,313.79998779296875,316.5,15740000.0,249.83982057534305,250.63907198816298,245.28400520065438,246.40298461914062,39446200.0,536.3800048828125,539.5499877929688,528.5399780273438,536.3800048828125,22795200.0,886.9531807909435,895.8878129375857,881.5924136890123,885.1063842773438,3070200.0,26.684915387022713,26.823178592193383,26.625658113068233,26.645410537719727,9293496.0,168.58352034150624,169.25273855906806,164.07877596313077,164.97772216796875,185627000.0,361.1178525849577,364.5703662773937,355.51000344849933,358.1842041015625,44797000.0,201.47999572753906,203.8000030517578,199.97999572753906,200.9499969482422,46373800.0,365.8599853515625,367.2900085449219,352.1400146484375,355.2799987792969,67954400.0,283.2901966006573,285.787426299191,280.89246381052374,282.32513427734375,11734400.0,60.968511495851445,60.99816423436269,60.21727610755085,60.32600784301758,2986500.0,123.47435432392255,125.02140490538139,122.90544037352153,123.26475524902344,20428900.0,171000.0,176650.0,170600.0,176300.0,22269147.0,139.55259963483925,140.7085660329705,136.47335768619322,138.31692504882812,20125700.0,448.142550820301,456.35855533907636,447.3553683924115,456.2109680175781,366692.0,6.326327055034209,6.385177022345724,6.2969025390727005,6.365560054779053,197547262.0,123.27999877929688,123.77999877929688,121.55000305175781,121.9800033569336,7226700.0,92.75,94.48999786376953,92.22000122070312,92.97000122070312,32375100.0,487.19276736696673,494.6898934654024,486.1645355842374,493.15252685546875,3629500.0,298.1119967721213,300.05794432922346,295.2778758335563,298.9203186035156,9330300.0,1315.8958607922098,1320.0368405443826,1245.3898247712086,1251.22705078125,2144500.0,986.2189935773645,1004.0830259891525,983.5828041122185,995.1360473632812,2129100.0,171.34697728498398,175.22069359950967,169.8968287100872,170.31399536132812,29813500.0,210.51354570448973,212.17973074298357,209.04572719749495,211.36647033691406,7491200.0,143.27000427246094,144.1199951171875,136.3000030517578,137.5500030517578,41289800.0,242.09769065335334,242.8135747917876,239.13471984701397,241.10340881347656,7241300.0,47.3042159959333,47.61261498976051,46.68742180325819,46.985870361328125,43375900.0,6.32997031976761,6.573056729030872,6.32997031976761,6.553609371185303,342408426.0,9.329999923706055,9.569999694824219,9.3100004196167,9.510000228881836,118637842.0,323.2950875702295,325.5481770157906,320.1784496390803,321.09161376953125,4066000.0,284.07000732421875,284.7099914550781,270.7900085449219,273.25,8598600.0,204.9499969482422,208.42999267578125,192.8699951171875,196.0399932861328,41053300.0,77.43727334482074,77.7753444937874,76.05517567556824,76.36341857910156,14311500.0,141.97094527513215,144.48205057019396,141.50447188020192,143.63839721679688,11616300.0,261.7900085449219,262.3299865722656,256.6700134277344,260.17999267578125,7774700.0,211.32443613941473,212.76128796319327,208.38139079821107,208.79759216308594,10409000.0,163.94994325286993,167.48842217316485,163.24224446919757,165.4144744873047,2673100.0,75.93000030517578,77.0,75.72000122070312,76.2699966430664,18502800.0,79.42959531925,79.95673767133496,76.17721472735549,76.62479400634766,24306300.0,159.29395225971263,160.378137472709,156.37962112512085,157.52346801757812,6261600.0,362.6600036621094,362.80999755859375,318.3999938964844,321.79998779296875,73833200.0,,,,,,,866855.065506873,883852.2236540664,861855.9013459336,872854.0625,4498502.0,193.8300018310547,194.63999938964844,192.61000061035156,193.8800048828125,2113900.0,700.8756834993125,701.6541696664626,663.3071923525498,666.1617431640625,2610000.0,205.50999450683594,206.36000061035156,202.63999938964844,202.94000244140625,242300.0,236.06258617619443,238.45498184427947,234.4047893653805,235.5166015625,3882600.0
2026-03-31,477.7799987792969,479.80999755859375,474.7699890136719,479.20001220703125,4725300.0,286.68743896484375,286.8773271197116,276.59353851793674,277.37306812768094,31625100.0,299.3900146484375,310.30999755859375,296.3399963378906,309.510009765625,29289500.0,322.30999755859375,338.4100036621094,321.1400146484375,337.95001220703125,18488000.0,247.6818040942864,255.24482803058763,246.87255213324852,253.55638122558594,49598100.0,549.97998046875,573.6900024414062,546.77001953125,572.1300048828125,32898300.0,891.954584390635,922.5519386829161,890.606928652067,918.189453125,3464200.0,26.941692765090544,27.060203552246094,26.862684945755174,27.060203552246094,16108428.0,166.77563225072552,174.41672082635512,166.7656493784466,174.1969757080078,226181300.0,363.7621155862403,372.09407550142714,362.28533367877645,369.3699951171875,45244400.0,204.85000610351562,210.27999877929688,204.13999938964844,208.27000427246094,58470100.0,361.510009765625,373.3299865722656,361.0,371.75,75534900.0,287.0012007453536,293.56760164880984,283.4991344325332,292.6622314453125,12956900.0,61.225511780265855,62.550054837205,60.99816531602855,62.49074935913086,4471900.0,123.19489450352893,124.76190370952608,122.60601435829157,124.04327392578125,21330400.0,170000.0,174700.0,167000.0,167200.0,38659593.0,139.8116962252777,146.88697592301912,139.36326546789041,146.59799194335938,24492000.0,452.96392216930093,459.556406027843,451.979966665524,455.6697998046875,536097.0,6.3851771609752594,6.620575164555085,6.3851771609752594,6.571533679962158,583642537.0,121.98999786376953,125.77999877929688,121.37999725341797,125.45999908447266,9486100.0,93.02999877929688,96.26000213623047,93.02999877929688,96.1500015258789,54270000.0,499.1422389944236,500.5498237642148,489.73838580706985,498.8028259277344,4417600.0,300.97605544568177,302.71244598499914,295.9764103976488,301.6147155761719,10246900.0,1281.530843297226,1319.5279283938517,1273.2290297844718,1317.9512939453125,1731500.0,995.5553874614261,1007.1385551535035,984.4215189802362,994.9862060546875,2447900.0,171.50590682570027,173.20438516733364,164.8510793251324,168.51620483398438,32006700.0,213.29050171645886,217.36668558230306,213.08223805367527,215.7005157470703,8311700.0,140.02000427246094,147.86000061035156,138.97000122070312,146.27999877929688,45558600.0,241.6204206888047,243.92716180378,241.2624786251546,243.04225158691406,7554200.0,47.433547378918874,48.51791343491477,47.12514837024829,48.498016357421875,49060600.0,6.553609591062106,6.670291423797607,6.543886375463632,6.670291423797607,319361070.0,9.539999961853027,9.680000305175781,9.510000228881836,9.649999618530273,101959537.0,326.0444514861297,328.97250147399274,321.00228434329074,326.4414978027344,5749100.0,277.92999267578125,286.489990234375,275.79998779296875,283.7699890136719,7828800.0,198.0500030517578,204.0,196.41000366210938,203.42999267578125,42318700.0,77.38756019782812,79.28669844120351,77.00971553571497,79.15744018554688,19097600.0,143.73765369955214,143.83689723418516,141.21662863285317,143.36048889160156,10407500.0,270.5899963378906,271.8800048828125,262.6099853515625,263.0,9170800.0,208.98585149511342,211.1658962447199,200.12700423202776,205.02215576171875,17403900.0,166.51534474588712,169.95554127508981,165.06062227207343,168.2845916748047,2324300.0,76.52999877929688,77.0199966430664,75.51000213623047,76.05000305175781,18301800.0,77.47021542507044,77.76860162650806,75.89872892894806,77.17182922363281,25105700.0,160.6367407925261,164.40647558577643,158.79662344939896,163.69033813476562,8081700.0,321.6700134277344,337.8399963378906,311.489990234375,337.8399963378906,73551800.0,,,,,,,816863.3904120198,851857.5381040892,805865.229708798,806865.0625,7194351.0,194.85000610351562,197.27000427246094,193.5500030517578,197.22000122070312,2759600.0,678.7078873502261,707.5430061848704,670.7230886755175,707.1138305664062,3002200.0,201.05999755859375,206.16000366210938,201.05999755859375,206.08999633789062,348200.0,238.51454306781002,241.07569488412378,234.65296479978818,240.61904907226562,4750300.0
2026-04-01,478.9800109863281,481.1000061035156,477.25,478.5,3600800.0,294.7226257324219,297.80576171350253,289.2958989360971,289.8056019553753,24403600.0,313.3699951171875,315.7900085449219,310.4800109863281,313.489990234375,19171000.0,343.8999938964844,348.67999267578125,339.75,341.489990234375,15011600.0,253.8461228128272,255.94418062939917,253.096813183035,255.3946990966797,40059400.0,580.1300048828125,592.5499877929688,573.8200073242188,579.22998046875,23608100.0,925.2871837626982,975.0015914677158,924.3986985831475,952.8796997070312,6267900.0,27.158962459073493,27.395985905400202,27.060202218846975,27.218217849731445,22553304.0,175.79511913229018,177.16351944386196,174.54657425208924,175.54541015625,168132000.0,372.682807332766,373.1817267376728,367.4042619540212,368.57171630859375,29417200.0,210.44000244140625,213.5800018310547,208.19000244140625,210.57000732421875,45955400.0,378.6300048828125,383.1400146484375,374.0799865722656,381.260009765625,58683800.0,293.8859963972044,297.19902789200404,291.41861272257177,293.87603759765625,11267200.0,62.777400079098946,64.03275087337911,62.74774734063924,62.76751708984375,4704600.0,123.5641913010441,124.99146777045921,122.89546171624545,124.50239562988281,17039700.0,179000.0,190800.0,178000.0,189650.0,32390251.0,148.57109923446666,149.1291477614807,144.16648455404064,144.7245330810547,20495900.0,469.543577437241,470.2323282716894,458.08047181972296,463.54144287109375,447850.0,6.561725616455078,6.650000101009596,6.532300632372154,6.561725616455078,331688263.0,125.4800033569336,126.38999938964844,123.12000274658203,123.7300033569336,10297400.0,96.47000122070312,97.19999694824219,94.26000213623047,95.55000305175781,30439300.0,501.3684157283346,502.13708379569033,484.81684230730707,490.8065490722656,4607100.0,304.41890425868155,304.41890425868155,293.2820187246287,297.8924560546875,7707600.0,1342.7072872047179,1382.699891823817,1341.6296848380339,1356.7965087890625,1745000.0,993.5882764241476,1001.6765155169883,989.1547073426264,995.1160278320312,1769800.0,164.65244003535972,166.86740190025927,158.4545025086476,159.69607543945312,37927600.0,216.57327326743052,218.63616109555005,211.99129091004718,213.21116638183594,5702800.0,147.0,148.3000030517578,144.47000122070312,146.49000549316406,34171000.0,244.1956233482748,245.78646517225613,242.34625853888824,242.7240753173828,6314600.0,49.443105118876595,49.791294476658656,48.52785855773902,49.01532745361328,32947000.0,6.7383552785868535,6.767525852487036,6.660567699720422,6.6897382736206055,277117681.0,9.579999923706055,9.670000076293945,9.430000305175781,9.449999809265137,122939013.0,326.917887926607,330.6101943303035,325.36950430154525,327.1064758300781,3386200.0,290.2099914550781,295.5,289.989990234375,292.67999267578125,5242500.0,207.58999633789062,213.8300018310547,205.83999633789062,210.2100067138672,40835800.0,80.72846247632657,81.23555782267725,79.72420188876796,80.11198425292969,14979400.0,142.8443796504602,143.8865352679399,142.13969447641853,143.0131072998047,8061700.0,273.9800109863281,275.29998779296875,270.760009765625,274.2099914550781,5473400.0,200.1567349154408,202.92140609421972,193.1409915065561,195.61830139160156,23051900.0,170.02433682628353,170.26024141535612,166.34825071781827,168.43202209472656,2311800.0,76.1500015258789,76.36000061035156,75.26000213623047,76.08000183105469,15834300.0,77.57962457270055,78.69359114449834,77.39064613587756,77.51000213623047,21309000.0,168.00712812613716,168.38508658961348,162.32764314135892,165.28176879882812,7117000.0,348.9100036621094,377.8900146484375,343.0,367.8500061035156,74429800.0,,,,,,,883852.1739130435,904848.6622073578,857856.5217391304,896850.0,6255058.0,198.88999938964844,201.74000549316406,198.72000122070312,200.72999572753906,2158600.0,720.6280533561188,738.6038404452144,718.3723380680742,728.9322509765625,2435800.0,210.66000366210938,211.0800018310547,208.8300018310547,209.6699981689453,330700.0,240.35101924454102,244.46077099177765,238.38548975168146,241.3635711669922,4228700.0
2026-04-02,477.82000732421875,479.7699890136719,475.67999267578125,477.3500061035156,2972800.0,294.2828674316406,295.7220036805807,287.3970277745505,288.8161565344196,13433400.0,304.489990234375,314.69000244140625,301.75,314.54998779296875,14021100.0,326.8399963378906,342.07000732421875,326.79998779296875,339.0400085449219,8994600.0,253.96601496217014,255.89424639361263,250.4192795609811,255.68443298339844,31289400.0,566.0399780273438,578.5,559.7000122070312,574.4600219726562,13518500.0,943.3760237355892,956.0442184915349,928.4217862644292,933.9722290039062,2727100.0,27.21821800482059,27.336730670506682,27.139210188928168,27.257722854614258,15774190.0,171.97954556798163,177.28337661769746,171.170490985778,177.18348693847656,143143200.0,366.41637016886637,372.83249667260446,363.3629859357669,372.6528625488281,24099100.0,206.5399932861328,212.2100067138672,204.89999389648438,209.77000427246094,31453000.0,364.20001220703125,370.2799987792969,359.0299987792969,360.5899963378906,83031200.0,290.4237002119346,294.1148016905453,287.2499401451481,293.1000061035156,6669300.0,61.49239516046147,62.06570656238862,61.03770225108794,61.55170440673828,3181200.0,124.91161944284859,125.66019086466167,123.91352421376449,125.55039978027344,11898400.0,192600.0,193600.0,175000.0,178400.0,38615231.0,142.28306777853768,145.93033317689762,139.8117034193226,145.87054443359375,14381900.0,459.6056118784902,467.08367955103154,456.30935500654795,463.4922180175781,310354.0,6.591150369189169,6.797123862072668,6.571533868328563,6.787315845489502,562631309.0,120.2699966430664,122.8479995727539,120.13999938964844,122.05000305175781,8830200.0,95.2699966430664,98.70999908447266,95.16999816894531,98.66000366210938,37068000.0,487.2925874151948,499.0224295573576,486.91323445445937,492.5934753417969,2926000.0,297.18387993371056,301.84423173587874,295.23793249238884,300.17767333984375,4376000.0,1302.6946672088832,1353.2441680832828,1295.350722648515,1314.359130859375,1883400.0,1006.5395033587195,1014.5279121155347,997.7622611779888,1013.4894409179688,1828600.0,163.38105866010596,165.77479957775347,158.51408403248303,159.60667419433594,25377700.0,212.22932441306983,212.7946266601919,206.00099662190271,207.12168884277344,5151100.0,143.48500061035156,148.50999450683594,137.99000549316406,148.4600067138672,30437000.0,243.70842400047428,245.7964219467219,240.48694535608743,241.65025329589844,6878700.0,48.49801503259526,49.31377621262211,47.91106454501699,49.124759674072266,27548200.0,6.68973809611024,6.767525672912598,6.65084430770906,6.767525672912598,135548225.0,9.449999809265137,9.619999885559082,9.420000076293945,9.579999923706055,86416345.0,321.19086962876275,323.870750501632,316.28764450454594,319.23553466796875,3732300.0,284.8900146484375,289.1099853515625,279.30999755859375,281.1600036621094,5322900.0,204.0500030517578,217.77999877929688,200.6199951171875,217.5,38463500.0,78.95858508503238,80.38044874394973,78.24267682379978,80.14181518554688,10001800.0,143.0131056912039,143.1322191412683,141.51439648523746,142.05035400390625,5941700.0,277.260009765625,279.0400085449219,271.5299987792969,272.2900085449219,6407000.0,200.67200291072,203.61504824069092,196.24257166138196,197.1641387939453,11528000.0,165.39482541792498,169.56236821689387,164.06788646187334,168.83502197265625,2852100.0,76.58000183105469,76.95999908447266,76.12000274658203,76.72000122070312,14573400.0,76.7300033569336,79.0999984741211,76.54000091552734,79.0199966430664,12634900.0,161.12411779355833,166.10733229871852,159.71170996294413,164.92369079589844,5107500.0,341.3399963378906,366.94000244140625,340.20001220703125,366.239990234375,51498700.0,,,,,,,911847.5421686748,913847.2078313254,817863.2560240964,829861.25,6127534.0,199.77999877929688,204.33999633789062,199.22999572753906,203.49000549316406,2049300.0,704.2292904607782,734.0125546852682,704.109523357077,715.8571166992188,1764300.0,204.13999938964844,208.57000732421875,203.10000610351562,207.00999450683594,237700.0,241.22458974481006,246.3965310292558,239.7256275825532,246.34689331054688,3350900.0
2026-04-03,477.2800064086914,479.7024917602539,475.59749603271484,477.10750579833984,3145475.0,295.08238983154297,296.3528730138151,288.95109327339634,290.2428039138616,12605475.0,307.1324920654297,315.1175003051758,303.8824996948242,314.5199890136719,13543650.0,330.06749725341797,342.6025085449219,329.75498962402344,339.72000885009766,8217150.0,254.5429841401033,257.4003559795041,251.8704395220691,256.41875076293945,30799525.0,568.9524841308594,579.5724945068359,562.7750091552734,574.1000213623047,12517800.0,940.1415878897108,950.6310381392311,925.866189741358,931.8458862304688,2500600.0,27.237970359855073,27.323562317329188,27.13262597783825,27.23797098795573,13048665.0,173.22309919809547,177.3582865383334,172.26671343323258,177.24591445922852,134248475.0,367.98297618491927,372.85494656598314,364.6975962684215,372.5081787109375,22110975.0,207.35499572753906,212.39500427246094,206.07249450683594,210.5250015258789,29936125.0,363.7975082397461,369.63999938964844,355.93250274658203,358.64749908447266,81697800.0,291.3327745485994,294.79359791097534,288.73745816061887,293.68750762939453,6787625.0,61.51216501166543,62.08794716182104,61.139019959024964,61.58382987976074,3165225.0,125.07630352626715,125.92967638801117,124.21794292601776,125.79992294311523,11636400.0,184200.0,187200.0,182700.0,186200.0,20194447.0,143.44401171300288,146.45599508637895,140.6961130681379,145.66127014160156,13925600.0,461.1602595527623,468.5104142021826,456.48646502247584,462.6656982421875,337578.4,6.797123927800584,6.797123927800584,6.6500004037704965,6.708849906921387,365328653.0,120.71499824523926,123.04850006103516,120.52999877929688,122.1150016784668,7619550.0,96.69249725341797,99.70499992370605,95.86999893188477,98.72750282287598,37058325.0,488.6951765614039,499.5290593468132,487.76926225796166,494.60501861572266,2811000.0,297.91736382352485,302.3307301537187,296.1385655671741,300.8088684082031,4657250.0,1305.0819384952995,1344.2139034122274,1290.9054141561564,1311.0613403320312,1737350.0,1008.2769759147432,1015.6987019828262,998.9605077380565,1014.3856201171875,1733600.0,162.40766634575797,164.99261054841944,158.49918610023684,160.27215576171875,23119350.0,210.50611607016359,211.4160627541698,205.40345178016094,206.5886116027832,5095600.0,144.70375061035156,149.03499603271484,140.15025329589844,148.3275032043457,29113300.0,243.09693623417425,244.87919356473077,240.14640230001964,241.13571166992188,6269625.0,48.667136770021784,49.450565679659576,48.182156428569144,49.2938814163208,27787950.0,6.707564417546088,6.777249160575757,6.644362048933862,6.749699354171753,169468547.33333334,9.529999732971191,9.550000190734863,9.329999923706055,9.399999618530273,86898360.0,320.22312707241656,323.9650416491914,316.35216027435035,320.48118591308594,3411300.0,283.8050079345703,289.02999114990234,279.125,283.0425033569336,5257875.0,207.85750198364258,219.9124984741211,204.8974952697754,218.1699981689453,36544225.0,79.34387996196219,80.63648534389336,78.7572337603719,80.4525375366211,9268650.0,142.7451215213622,142.99822434359743,141.35062713111435,141.96350860595703,6162050.0,278.2850036621094,280.1050033569336,272.95999908447266,273.68750762939453,6579500.0,199.67860138086016,202.200504779234,195.82390785248444,197.1368865966797,10707425.0,166.2868171633524,169.56728430912497,164.71169394202627,168.67529678344727,2495125.0,76.59500122070312,77.03999900817871,76.1450023651123,76.84500122070312,12995025.0,77.3275032043457,79.44499969482422,77.15999984741211,79.37499809265137,13573325.0,162.09142020296173,166.26399251555702,160.9227017052897,165.10770416259766,4749325.0,349.45499420166016,371.4749984741211,347.80250549316406,369.1199951171875,48977750.0,,,,,,,866855.066994863,885851.8908390411,859856.2371575342,875853.5625,2927164.0,201.02249908447266,204.44249725341797,200.10499572753906,203.32500457763672,1925650.0,707.0164822533147,730.8086651785374,703.8150880365897,716.8602142333984,1634850.0,204.35499954223633,207.92750549316406,203.32500457763672,206.36249542236328,254550.0,242.50020139980532,246.567767819921,240.53219157161695,245.99448776245117,3357175.0
2026-04-05,476.2000045776367,479.56749725341797,475.43250274658203,476.6225051879883,3490825.0,296.68143463134766,297.61461168028393,292.05922427108794,293.0960986727457,10949625.0,312.41749572753906,315.97249603271484,308.14749908447266,314.4599914550781,12588750.0,336.52249908447266,343.6675109863281,335.6649932861328,341.0800094604492,6662250.0,255.6969224959696,260.4125751512872,254.7727594442451,257.8873863220215,29819775.0,574.7774963378906,581.7174835205078,568.9250030517578,573.3800201416016,10516400.0,933.6727161979536,939.8046774346237,920.7549966952156,927.5932006835938,2047600.0,27.277475069924037,27.2972256109742,27.119457555658407,27.198467254638672,7597615.0,175.71020645832317,177.50810637960532,174.45915832814177,177.37076950073242,116459025.0,371.1161882170251,372.8998463527404,367.3668169337306,372.21881103515625,18134725.0,208.98500061035156,212.76499938964844,208.41749572753906,212.03499603271484,26902375.0,362.9925003051758,368.36000061035156,349.73751068115234,354.7625045776367,79031000.0,293.15092322192896,296.15119035183557,291.7124941915605,294.86251068115234,7024275.0,61.55170471407336,62.13242836068588,61.34165537489899,61.648080825805664,3133275.0,125.40567169310428,126.46864743471016,124.82678035052429,126.29896926879883,11112400.0,188666.66666666666,192133.33333333334,187633.33333333334,190800.0,20488787.666666668,145.76589958193324,147.50731890534155,142.46493236576842,145.2427215576172,13013000.0,464.26955490130644,471.3638835044847,456.8406850543316,461.0126586914063,392027.2,6.748082522678023,6.757890772756622,6.591150518071325,6.635287761688232,334719569.5,121.60500144958496,123.44950103759766,121.30999755859375,122.24499893188477,5198250.0,99.5374984741211,101.69500160217285,97.27000045776367,98.86250114440918,37038975.0,491.50035485382205,500.5423189257244,489.4813178649662,498.6281051635742,2581000.0,299.3843316031533,303.30372698939857,297.93983171674466,302.0712585449219,5219750.0,1309.8564810681319,1326.1533740701166,1282.0147971714393,1304.4657592773438,1445250.0,1011.7519210267905,1018.0402817174089,1001.3570008581919,1016.177978515625,1543600.0,160.460881717062,163.4282324897514,158.4693902357445,161.60311889648438,18602650.0,207.0596993843511,208.65893494212557,204.20836209667732,205.52245712280273,4984600.0,147.14125061035156,150.08499908447266,144.4707489013672,148.06249618530273,26465900.0,241.87396070157416,243.0447368007485,239.46531618788404,240.10662841796875,5051475.0,49.00538024487482,49.724144613734516,48.724340195673456,49.63212490081787,28267450.0,6.743217060417784,6.796696135902078,6.631397531383467,6.7140467166900635,237309192.0,9.460000038146973,9.474999904632568,9.255000114440918,9.304999828338623,83593041.0,318.2876419597241,324.1536239443102,316.4811918139593,322.9724884033203,2769300.0,281.63499450683594,288.87000274658203,278.7550048828125,286.80750274658203,5127825.0,215.4724998474121,224.17749786376953,213.45249557495117,219.50999450683594,32705675.0,80.11446971582183,81.14855854378062,79.78634763351613,81.07398223876953,7802350.0,142.2091531816788,142.7302347482557,141.02308842286817,141.7898178100586,6602750.0,280.3349914550781,282.23499298095703,275.8199996948242,276.48250579833984,6924500.0,197.69179832114045,199.37141785632014,194.9865802346894,197.08238220214844,9066275.0,168.0708006542073,169.57711649358714,165.99930890233216,168.3558464050293,1781175.0,76.625,77.19999885559082,76.19500160217285,77.09500122070312,9838275.0,78.52250289916992,80.13500213623047,78.39999771118164,80.08500099182129,15450175.0,164.0260250217686,166.57731294923403,163.3446851899809,165.4757308959961,4032975.0,365.6849899291992,380.5449905395508,363.0074920654297,374.8800048828125,43935850.0,,,,,,,873520.6087687919,896183.4860452936,865855.2238042045,882519.1041666666,3043047.3333333335,203.50749969482422,204.64749908447266,201.85499572753906,202.99500274658203,1678350.0,712.590865838388,724.4008861650756,703.2262173956151,718.8664093017578,1375950.0,204.7849998474121,206.6425018310547,203.7750015258789,205.06749725341797,288250.0,245.05142470979587,246.91024140125134,242.14531954974444,245.28967666625977,3369725.0
2026-04-06,475.6600036621094,479.5,475.3500061035156,476.3800048828125,3663500.0,297.48095703125,298.2454810135183,293.6132897699338,294.52274605218776,10121700.0,315.05999755859375,316.3999938964844,310.2799987792969,314.42999267578125,12111300.0,339.75,344.20001220703125,338.6199951171875,341.760009765625,5884800.0,256.27389167390277,261.9186847371787,256.2239194053331,258.6217041015625,29329900.0,577.6900024414062,582.7899780273438,572.0,573.02001953125,9515700.0,930.4382803520751,934.3914970823199,918.1994001721444,925.4668579101562,1821100.0,27.17871467438791,27.19846709901996,27.020699044721283,27.15896224975586,11403993.0,176.953760088437,177.58301630024127,175.55538077559635,177.43319702148438,107564300.0,372.682794233078,372.92229624611906,368.70142726638517,372.0741271972656,16146600.0,209.8000030517578,212.9499969482422,209.58999633789062,212.7899932861328,25385500.0,362.5899963378906,367.7200012207031,346.6400146484375,352.82000732421875,77697600.0,294.05999755859375,296.8299865722656,293.20001220703125,295.45001220703125,7142600.0,61.57147456527732,62.1546689601183,61.44297308283601,61.680206298828125,3117300.0,125.57035577652285,126.73813295805967,125.13119906277755,126.54849243164062,10850400.0,190900.0,194600.0,190100.0,193100.0,20635958.0,146.92684351639843,148.03298081482288,143.3493420145837,145.033447265625,12556700.0,465.8242025755785,472.79061815563574,457.0177950702594,460.18613891601564,419251.6,6.723561820116743,6.738274195234641,6.56172557522174,6.598506689071655,319415027.75,122.05000305175781,123.6500015258789,121.69999694824219,122.30999755859375,3987600.0,100.95999908447266,102.69000244140625,97.97000122070312,98.93000030517578,37029300.0,492.90294400003114,501.04894871517996,490.33734566846846,500.6396484375,2466000.0,300.1178154929676,303.79022540723855,298.84046479152994,302.70245361328125,5501000.0,1312.2437523545482,1317.1231093990611,1277.5694886790807,1301.16796875,1299200.0,1013.4893935828142,1019.2110715847003,1002.5552474182597,1017.0741577148438,1448600.0,159.487489402714,162.64604346041736,158.4544923034983,162.2686004638672,16344300.0,205.33649104144484,207.28037103610345,203.61081725493554,204.9893798828125,4929100.0,148.36000061035156,150.61000061035156,146.63099670410156,147.92999267578125,25142200.0,241.26247293527413,242.12750841875737,239.12477313181626,239.5920867919922,4442400.0,49.174501982301344,49.86093408077198,48.99543207922561,49.801246643066406,28507200.0,6.761043381853631,6.806419623565238,6.62491527260827,6.696220397949219,271229514.3333334,9.425000190734863,9.437499761581421,9.21750020980835,9.257499933242798,81940381.5,317.3198994033779,324.2479150918696,316.5457075837637,324.2181396484375,2448300.0,280.54998779296875,288.7900085449219,278.57000732421875,288.69000244140625,5062800.0,219.27999877929688,226.30999755859375,217.72999572753906,220.17999267578125,30786400.0,80.49976459275163,81.40459514372425,80.30090457008825,81.38470458984375,7069200.0,141.9411690118371,142.59623995058482,140.85931906874507,141.70297241210938,6823100.0,281.3599853515625,283.29998779296875,277.25,277.8800048828125,7097000.0,196.6983967912806,197.9568743948632,194.56791642579188,197.0551300048828,8245700.0,168.9627923996347,169.58203258581824,166.6431163824851,168.1961212158203,1424200.0,76.63999938964844,77.27999877929688,76.22000122070312,77.22000122070312,8259900.0,79.12000274658203,80.4800033569336,79.0199966430664,80.44000244140625,16388600.0,164.993327431172,166.73397316607253,164.5556769323265,165.6597442626953,3674800.0,373.79998779296875,385.0799865722656,370.6099853515625,377.760009765625,41414900.0,,,,,,,876853.3796557563,901349.2836484199,868854.7171275396,885851.875,3100989.0,204.75,204.75,202.72999572753906,202.8300018310547,1554700.0,715.3780576309246,721.1969966583447,702.9317820751278,719.8695068359375,1246500.0,205.0,206.0,204.0,204.4199981689453,305100.0,246.32703636479113,247.08147819191652,242.9518835388082,244.93727111816406,3376000.0
2026-04-07,475.7099914550781,479.75,474.32000732421875,478.0799865722656,3206500.0,303.7471923828125,303.9171035550764,295.2473028799287,299.9594938576911,17317700.0,326.7300109863281,334.1499938964844,321.79998779296875,333.9700012207031,33310900.0,339.44000244140625,345.5299987792969,335.6499938964844,345.32000732421875,6823500.0,255.92421782448065,255.96418954301222,245.47383916108728,253.26666259765625,62148000.0,572.47998046875,575.22998046875,564.760009765625,575.0499877929688,9580800.0,922.9112880456931,931.0572386408663,896.9060659931422,929.489990234375,2726900.0,27.139209902820063,27.41573819737577,27.119457478131466,27.178714752197266,22499841.0,175.52541836668527,178.0225079733855,173.4578360976707,177.89266967773438,132534900.0,369.5396147715723,371.64507045865594,365.7677853538718,371.48541259765625,21443300.0,211.24000549316406,213.97000122070312,209.0800018310547,213.77000427246094,28154600.0,346.44000244140625,348.0199890136719,337.239990234375,346.6499938964844,74515400.0,293.1400146484375,298.17999267578125,292.70001220703125,297.3999938964844,7849100.0,61.74939999568462,61.92732396921515,60.948742114797234,61.779052734375,2417200.0,125.94964029245568,126.11931465504222,121.55801973021642,122.25668334960938,16076000.0,202000.0,202500.0,192400.0,196500.0,30848053.0,143.27958470837012,144.06684369566656,139.4529531515068,142.6717071533203,17250400.0,467.3788502498506,474.2173528067868,457.1949050861873,459.359619140625,446476.0,6.6990411175554625,6.71865761771266,6.532300632372154,6.561725616455078,304110486.0,121.1500015258789,121.9800033569336,117.93000030517578,119.72000122070312,10879200.0,98.55000305175781,99.87999725341797,98.25,98.81999969482422,25016700.0,497.4351634917362,501.73776700262874,494.8196631262533,497.4251708984375,3593200.0,301.81431445179874,304.3490682260976,300.4970379592236,301.924072265625,4413900.0,1287.6275437419702,1306.1471523591167,1269.4372938742695,1303.6026611328125,1368900.0,1018.7817161563623,1019.3808224148089,1003.3940101624592,1011.741943359375,1428500.0,163.11288507606477,165.11927115752792,160.67940518515758,162.8049774169922,25227500.0,204.53316483439713,204.7910352768782,200.00077400971168,204.67201232910156,8801600.0,146.8820037841797,150.27000427246094,144.4499969482422,150.07000732421875,28671100.0,239.4031807823271,239.4031807823271,234.66045214638598,237.04673767089844,6241100.0,49.54258878927959,50.21907425136846,49.36351888490433,50.02010726928711,28473200.0,6.778869703289479,6.816143111228398,6.618433013833072,6.678394079208374,305149836.6666667,9.390000343322754,9.399999618530273,9.180000305175781,9.210000038146973,80287722.0,320.5953395998547,321.9650706650396,312.9625874505471,316.3968200683594,4661600.0,285.5,290.1000061035156,283.1199951171875,288.6000061035156,5280500.0,218.25999450683594,222.10000610351562,215.3800048828125,221.52999877929688,26483000.0,80.94721474901799,81.62334189160701,80.44011180605227,81.2852783203125,8820900.0,141.454840716097,141.70297227039742,139.68814526105808,140.24395751953125,7207500.0,307.7300109863281,312.42999267578125,300.75,308.8500061035156,22099800.0,198.15505747915498,202.76284765873612,197.4316872512857,199.71080017089844,11672600.0,167.3114981827051,167.51790157068965,163.77300440802156,166.58413696289062,2195900.0,77.19999694824219,77.5999984741211,75.62999725341797,75.91000366210938,12769200.0,80.0199966430664,80.88999938964844,79.41999816894531,80.68000030517578,13428100.0,164.80434928004303,167.99718255395,164.40647827050998,167.52969360351562,6036400.0,374.1300048828125,379.25,364.1000061035156,377.5799865722656,40224100.0,,,,,,,916846.7078329694,932844.0331604803,887851.5556768558,915846.875,3619929.0,198.7100067138672,202.0,196.9499969482422,200.80999755859375,2450800.0,718.2226559053267,724.3509423277178,707.582878011192,723.0634155273438,1549100.0,203.4499969482422,204.07000732421875,201.47000122070312,203.66000366210938,269400.0,243.52765343367577,243.96442598758347,239.3384843317571,243.27947998046875,2356100.0
2026-04-08,483.75,483.75,477.67999267578125,479.75,4655100.0,314.5506896972656,319.1979173516329,312.5169099892079,317.63882755519,20887500.0,351.75,354.1400146484375,342.5299987792969,350.6300048828125,31573100.0,370.2900085449219,374.29998779296875,359.239990234375,365.8999938964844,16356900.0,258.2121146377317,259.51090582044134,256.29386854025813,258.66168212890625,41032800.0,606.0,629.9500122070312,591.8300170898438,612.4199829101562,32036600.0,939.9020790414424,959.4883584820097,931.5264820836841,951.6618041992188,2568000.0,26.70466781167421,26.80342616754189,26.289876312467303,26.645410537719727,25739181.0,184.28522303450282,185.0443328296099,180.09011531444295,181.8680419921875,147732700.0,384.148004001906,384.167949815935,370.6073237610428,373.52099609375,33064800.0,223.7899932861328,226.10000610351562,219.6199951171875,221.25,51092700.0,363.7900085449219,364.5,339.6700134277344,343.25,78838600.0,307.9700012207031,311.260009765625,305.3299865722656,307.9700012207031,10590200.0,64.56652312733544,64.64560212456684,63.696676781954864,64.01298522949219,3404300.0,122.04708342071828,127.05752573613917,121.09889599882592,127.0176010131836,20194300.0,214000.0,214500.0,207500.0,210500.0,35890973.0,149.7768929333519,150.9328592725024,142.4026390647506,143.16000366210938,23527000.0,490.25584260050755,497.38952018977733,484.844087187958,490.8462219238281,948639.0,6.493067797562542,6.522492782395493,6.404793778452223,6.502876281738281,370881041.0,128.11000061035156,129.33999633789062,124.86000061035156,125.31999969482422,17638100.0,100.31999969482422,100.4000015258789,97.44000244140625,99.38999938964844,30957600.0,507.12849518104855,510.9419490509534,504.99215185756924,506.25,3874900.0,307.09336495279763,310.4364099548042,307.0634282363584,308.32080078125,6879300.0,1417.9030631783103,1426.1750348747119,1381.2131804714238,1417.9530029296875,2427300.0,1002.9846306949294,1028.9668878725295,998.551061543806,1028.7772216796875,2265700.0,152.48501476813874,155.2959375077992,149.96213025990082,155.16680908203125,31311200.0,204.56291282235452,210.4738813392719,202.87690323841647,209.84906005859375,5477500.0,154.76499938964844,156.27999877929688,139.1699981689453,140.75999450683594,64827700.0,235.28685476163636,239.95003903356442,232.56251704958862,239.9202117919922,8771100.0,51.67152673253008,51.989872385643146,51.10447330073623,51.611839294433594,36473500.0,6.796696024725327,6.825866598891558,6.611950755057874,6.660567760467529,339070159.0,9.25,9.300000190734863,9.109999656677246,9.300000190734863,92107091.0,330.77894470607737,336.2578383243535,329.77645429430777,333.6573486328125,4610600.0,309.9200134277344,313.1300048828125,305.29998779296875,308.05999755859375,6432900.0,232.1199951171875,234.0,227.08999633789062,231.82000732421875,35496400.0,84.0196473572521,85.24265857971123,83.77106851891703,84.17874145507812,15130300.0,142.08012618705075,144.0254842946808,140.8096938025878,143.81704711914062,10849700.0,305.9800109863281,312.9700012207031,304.8299865722656,312.0,9645000.0,189.67274958834614,191.41677022982338,186.888255815409,191.13931274414062,17195400.0,174.69317237516952,174.86026583235136,166.1123436736181,166.2892608642578,3642600.0,75.80999755859375,77.37000274658203,75.31999969482422,77.29000091552734,12331300.0,82.30999755859375,83.73999786376953,81.5,83.69999694824219,19621900.0,175.9544179332418,180.29111321900822,173.55731153774795,175.07913208007812,7662600.0,415.1300048828125,416.0,398.8800048828125,406.7300109863281,49216600.0,,,,,,,1006831.6589424007,1055823.467570184,991834.1665053243,1032827.3125,6709356.0,205.4499969482422,206.72999572753906,203.66000366210938,204.27000427246094,2282900.0,763.1670947842849,772.928540460653,751.6689651333924,770.1138916015625,3014000.0,215.1199951171875,216.5800018310547,214.10000610351562,215.0,352400.0,246.81346022111396,248.1734458572742,239.04066607918753,239.9738006591797,4771500.0
2026-04-09,478.2099914550781,487.95001220703125,477.2900085449219,485.20001220703125,3518500.0,316.1797180175781,317.23907805281584,309.2838740431667,313.00163791186503,14606800.0,352.29998779296875,358.70001220703125,351.5,354.9100036621094,20514900.0,363.29998779296875,368.1700134277344,360.7200012207031,365.489990234375,9246000.0,258.7615948993736,260.879638597066,255.8342992320816,260.2502136230469,28121600.0,626.969970703125,637.5,623.0,628.3900146484375,19012900.0,946.8400394832781,962.1038028461878,937.6758224852963,953.5485229492188,1672100.0,26.625658914316965,26.86268424987793,26.566403522274197,26.86268424987793,15586501.0,181.6283100364998,183.86570786090292,180.40972906189933,183.69590759277344,116428500.0,371.6949574789129,372.6927962909368,366.2567237727329,372.26373291015625,30435300.0,225.22999572753906,233.8000030517578,223.27000427246094,233.64999389648438,65964200.0,343.1499938964844,348.8800048828125,337.25,345.6199951171875,62164000.0,306.95001220703125,311.260009765625,306.1099853515625,310.3299865722656,6586600.0,63.99321409970368,64.26010383998118,63.568173900444556,64.12171936035156,3165000.0,126.84791054304318,129.44296405735184,126.57842819971576,128.884033203125,13853100.0,207000.0,207500.0,202000.0,204000.0,42320839.0,142.1999969482422,142.8000030517578,136.0,137.86000061035156,30407800.0,485.1392431688672,486.9103810706807,468.0430165006728,476.1852722167969,631425.0,6.502876121651295,6.542109121999886,6.434218137194135,6.473451137542725,247977896.0,124.5199966430664,127.77999877929688,123.95999908447266,127.68000030517578,10014600.0,99.62999725341797,102.33999633789062,99.08000183105469,102.05000305175781,35087800.0,504.4599914550781,506.6700134277344,497.760009765625,503.57000732421875,3301800.0,307.36281310114674,308.93953101515194,302.9619328044834,307.6522216796875,4811500.0,1409.0423618108182,1450.382121132025,1409.0423618108182,1445.4827880859375,1579700.0,1027.9983092993375,1034.3190935555074,1023.5747964142464,1030.53466796875,1433300.0,155.80250368747105,158.15652110139501,153.26969189141946,153.99476623535156,25868400.0,207.7564167891894,211.7532571707431,207.0225151150997,210.6523895263672,4477800.0,139.39500427246094,139.5399932861328,128.47000122070312,130.49000549316406,92361400.0,239.92020790715435,242.80361913705298,239.164544008795,239.93014526367188,6216500.0,51.36313017392391,52.56687488049683,51.36313017392391,52.43754577636719,32008000.0,6.631397472529593,6.757802054133193,6.62167379351749,6.7383551597595215,177783390.0,9.289999961853027,9.3100004196167,9.180000305175781,9.270000457763672,53952141.0,328.793843678836,338.034530123591,326.0047660033512,337.0518798828125,3002000.0,306.0,315.04998779296875,304.1499938964844,313.0199890136719,5470800.0,233.00999450683594,237.10000610351562,230.91000366210938,236.63999938964844,27126200.0,83.96992352224385,85.6602640732223,83.95998583124346,85.53099822998047,10496100.0,143.31086497516455,145.84180994767988,141.93125409014817,145.56390380859375,6794800.0,306.9100036621094,307.8900146484375,304.1400146484375,305.82000732421875,5742000.0,192.54642491117028,194.88500597246818,187.5521749960132,188.6322784423828,11634000.0,163.42900026018665,163.54694505801032,157.91485599092687,161.68923950195312,5260900.0,76.6500015258789,78.29000091552734,76.37000274658203,78.18000030517578,14311000.0,83.8499984741211,84.7699966430664,82.1500015258789,83.16999816894531,17611700.0,174.23366432112843,178.04319369463272,173.8656469338911,177.2076873779297,5298900.0,407.6099853515625,423.94000244140625,398.44000244140625,421.510009765625,43101000.0,,,,,,,1014830.2824398798,1024828.6103456914,989834.4626753507,997833.125,5026817.0,202.63999938964844,206.5,201.97000122070312,204.99000549316406,1239200.0,771.5311306280439,794.0083571878253,771.5211398831668,785.5744018554688,2801900.0,208.7100067138672,211.99000549316406,208.47000122070312,211.13999938964844,421800.0,239.1200767933788,239.9737940294344,232.05208695046323,235.4470977783203,5078600.0
2026-04-10,484.0199890136719,484.8599853515625,478.9200134277344,479.8999938964844,3758900.0,315.53009033203125,319.3078153785124,314.3508074416827,318.03358841229215,11997600.0,360.94000244140625,376.54998779296875,360.82000732421875,371.54998779296875,29958100.0,375.5899963378906,378.0,369.75,370.6000061035156,13168200.0,259.7406946341393,261.94865175168746,258.78155637925676,260.240234375,31291500.0,634.469970703125,638.5800170898438,624.3300170898438,629.8599853515625,13294800.0,962.0339403843994,962.2835107695718,933.9322906418785,937.8555297851562,1958900.0,26.67833136901985,26.87585185386163,26.638827774324675,26.849515914916992,12110811.666666666,184.09543736125556,189.77881591864653,184.08545448929232,188.41041564941406,160459500.0,372.17393720824543,374.8281921461914,369.23030048358606,370.0684814453125,28111100.0,235.3000030517578,240.42999267578125,235.2100067138672,238.3800048828125,56912800.0,346.2900085449219,350.3599853515625,342.739990234375,348.95001220703125,51336000.0,310.0,310.3500061035156,306.7200012207031,309.8699951171875,6069700.0,63.81528531706641,63.99320928339752,63.19255520560153,63.24197769165039,2253200.0,128.47481653280053,128.68440799806444,125.97957851006859,126.52852630615234,13894000.0,208500.0,211000.0,205500.0,206000.0,18244459.0,137.32000732421875,140.1699981689453,134.57000732421875,138.08999633789062,26171800.0,480.6130797009715,484.9424779288469,475.5456848144531,475.5456848144531,495552.0,6.4440265740048,6.4636430740356445,6.404793573943111,6.4636430740356445,220781140.0,129.13499450683594,129.75999450683594,127.05000305175781,127.33000183105469,9356300.0,102.47000122070312,103.08000183105469,101.45999908447266,103.01000213623047,25769900.0,502.010009765625,504.3900146484375,495.6700134277344,498.6600036621094,2842200.0,308.0713228407691,308.3607314071977,302.8820990315011,303.7303161621094,5190000.0,1479.119303681841,1499.2254126111575,1470.5081072550386,1475.0582275390625,1519600.0,1025.0226653129753,1027.509047717785,994.0575869806171,997.0232543945312,2333000.0,153.0014954462256,154.07421618394392,150.89579278843675,151.4818115234375,21065000.0,211.79293761447903,212.3384153029082,206.04065633632328,206.22909545898438,4633200.0,128.47999572753906,129.1999969482422,122.68000030517578,128.05999755859375,116656800.0,240.61620179277648,240.87470960567668,236.54959276728223,237.09645080566406,7354500.0,52.52707939451556,52.55692690700692,51.930182274399215,52.26842498779297,25225300.0,6.786972538289782,6.786972538289782,6.738355071169515,6.777248859405518,140216132.0,9.239999771118164,9.260000228881836,9.1899995803833,9.239999771118164,49353786.0,338.50104928687557,338.68963720668444,333.3099744502094,334.8285827636719,3208300.0,313.0799865722656,313.4700012207031,306.4200134277344,308.3500061035156,3685100.0,239.0,249.5800018310547,238.9600067138672,245.0399932861328,36477200.0,85.34208377427808,85.41168554163703,84.50685497994712,84.9145278930664,7946200.0,145.79218524932554,145.79218524932554,143.67809941810964,144.0751190185547,9790300.0,304.3299865722656,310.3699951171875,304.20001220703125,307.95001220703125,5212900.0,187.9881900154218,189.22684495824564,184.77759096031454,186.83871459960938,11151400.0,163.43882860170055,163.43882860170055,159.14350211510208,160.31317138671875,5279900.0,77.9800033569336,78.16999816894531,77.30999755859375,77.47000122070312,11081400.0,83.88999938964844,84.55999755859375,81.62000274658203,82.22000122070312,17571100.0,177.7050122481512,177.7050122481512,173.766172960308,176.69046020507812,4240100.0,420.2900085449219,423.8599853515625,410.04998779296875,420.5899963378906,36377600.0,,,,,,,1029827.8109785784,1041825.8048928919,1023828.8140214216,1026828.3125,3134921.0,207.3000030517578,207.3000030517578,203.82000732421875,204.02999877929688,1565700.0,789.1675835189072,796.3339330605637,784.7460085375411,789.1575927734375,1872000.0,210.5,212.27999877929688,210.0800018310547,210.63999938964844,192600.0,237.44242134637202,237.5218386643363,228.82583168855396,229.07400512695312,5869400.0
2026-04-12,480.6066589355469,482.3599853515625,477.9066670735677,480.0933329264323,3661233.3333333335,317.85536702473956,319.2611879754832,313.78449335188986,316.1647339995649,12141066.666666666,366.7533365885417,379.42331949869794,366.5933430989583,377.01666259765625,26063233.333333332,372.0366719563802,373.63999430338544,367.2833251953125,369.91334025065106,10786933.333333334,259.5741893522884,260.6098867206593,257.2096889556059,259.3876953125,34586966.666666664,631.1566569010416,636.1933390299479,624.3766886393229,632.9733479817709,10790866.666666668,946.2477481762722,950.2775136635431,928.3618707400465,931.2535603841146,2046033.3333333333,26.783676278425627,26.90218706182903,26.783676278425627,26.823179244995117,5159433.0,185.24076875733982,189.55241431739972,185.04433733712236,188.86321512858072,142585300.0,372.593013118339,380.7486991424825,369.8888682645365,379.0490315755208,33200900.0,236.73333231608072,240.1433308919271,235.57000223795572,239.38666788736978,47081733.333333336,348.8100077311198,354.35333251953125,346.6266682942708,351.2633463541667,52857000.0,308.31333414713544,312.60999552408856,305.87999471028644,312.4099934895833,7568700.0,62.490744003008835,63.947081558024266,62.19091098544449,62.9981575012207,3664666.666666667,126.85790074157183,126.93441995272114,124.46912359299434,125.06465403238933,14305066.666666666,201633.33333333334,205666.66666666666,200633.33333333334,202666.66666666666,19150429.666666668,138.95333862304688,150.66333516438803,138.00333658854166,149.77666219075522,42055733.333333336,472.4462429952685,477.66120520805316,468.92040241449746,474.52894083658856,502315.3333333333,6.463643087100034,6.515953911539067,6.417871408312803,6.496337254842122,262310503.3333333,127.038330078125,128.64666239420572,126.05000305175781,127.78333028157552,6818900.0,102.8433329264323,103.47333272298177,101.85999806722005,103.11000315348308,25951833.333333332,498.15667724609375,507.3766682942708,495.2233378092448,505.27332560221356,3159466.6666666665,304.89124951721516,308.8596968474101,302.10370364477797,307.0767313639323,6254800.0,1467.6842676272718,1498.0945292756928,1462.0665330672919,1489.6396077473958,1646133.3333333333,1006.3563794904686,1008.2369921070081,983.3131561010143,985.2935994466146,2281333.3333333335,153.15380684067506,153.74313462808124,150.47200743476066,151.56790161132812,19478733.333333332,207.08532260341897,208.35810390420318,202.90665624766402,205.25716145833334,6566066.666666667,129.64666239420572,132.67999776204428,126.99332936604817,130.9333292643229,82734133.33333334,237.77255643012748,238.3094619296232,234.73998881094877,236.76501973470053,7560566.666666667,52.11588463460173,52.96149081870196,51.698054870857575,52.805633544921875,26965300.0,6.774007931871369,6.793454671394627,6.712425868776426,6.783731301625569,117721496.66666667,9.233332951863607,9.306666692097982,9.169999758402506,9.293333053588867,62642580.666666664,334.86167784844577,338.8285870417901,330.7425594693026,337.3562927246094,3563566.6666666665,308.6466573079427,312.5899963378906,305.02000935872394,310.71666463216144,3769366.6666666665,243.0199991861979,248.0800018310547,241.0066680908203,246.23333231608072,27346933.333333336,84.52011246845548,85.94198363802249,83.89700912806839,85.73649342854817,12319800.0,144.54159348604745,144.60114263431032,142.26871005906216,143.02964782714844,8011033.333333333,310.10999552408856,312.336669921875,303.3466796875,304.81667073567706,7052433.333333334,189.13765765052227,190.3168595892712,186.92459513991815,188.97250366210938,11717266.666666666,161.23055368077937,165.75195105662837,159.64150845091618,164.55280558268228,3967500.0,77.54000091552734,77.68999735514323,76.32333374023438,76.76333618164062,12157933.333333334,82.6566670735677,83.1133321126302,81.37333424886067,82.30666605631511,19188700.0,175.78200791736006,179.37602570936255,173.97173413482523,179.01132202148438,5601966.666666666,417.7433369954427,425.8733317057292,409.01666259765625,424.5699971516927,36803066.666666664,,,,,,,1009164.5901178595,1042492.3505892972,1005165.2588404738,1035493.5208333334,2891475.6666666665,204.08666483561197,204.55332946777344,201.74000040690103,202.836669921875,1671433.3333333333,787.6704058689654,796.7930323637529,784.1404847236917,789.8695475260416,1837400.0,208.85999552408853,211.75999959309897,208.64666239420572,210.9199981689453,241866.6666666667,233.76284301830435,236.7276906771611,229.61337521116909,233.74629720052084,5522866.666666667
2026-04-13,478.8999938964844,481.1099853515625,477.3999938964844,480.19000244140625,3612400.0,319.01800537109375,319.2378742739686,313.50133630699344,315.23030679320124,12212800.0,369.6600036621094,380.8599853515625,369.4800109863281,379.75,24115800.0,370.260009765625,371.4599914550781,366.04998779296875,369.57000732421875,9596300.0,259.49093671136296,259.9405042051452,256.4237552437805,258.96142578125,36234700.0,629.5,635.0,624.4000244140625,634.530029296875,9538900.0,938.3546520722086,944.2745151105288,925.5766607891305,927.9525756835938,2089600.0,26.921939166147737,27.257722854614258,26.882434316354068,27.257722854614258,23590561.0,185.81343445538195,189.43921351677633,185.52377876103736,189.08961486816406,133648200.0,372.8025510733858,383.70895264062807,370.2181521550117,383.539306640625,35745800.0,237.4499969482422,240.0,235.75,239.88999938964844,42166200.0,350.07000732421875,356.3500061035156,348.57000732421875,352.4200134277344,53617500.0,307.4700012207031,313.739990234375,305.4599914550781,313.67999267578125,8318200.0,61.82847334598005,63.92401769533764,61.69008887536597,62.87624740600586,4370400.0,126.04944284595747,126.05942593004949,123.71389613445722,124.33271789550781,14510600.0,198200.0,203000.0,198200.0,201000.0,19603415.0,139.77000427246094,155.91000366210938,139.72000122070312,155.6199951171875,49997700.0,468.36282464241697,474.02056884765625,465.60776121451966,474.02056884765625,505697.0,6.4734513436476515,6.542109330290779,6.424410325497649,6.512684345245361,283075185.0,125.98999786376953,128.08999633789062,125.55000305175781,128.00999450683594,5550200.0,103.02999877929688,103.66999816894531,102.05999755859375,103.16000366210938,26042800.0,496.2300109863281,508.8699951171875,495.0,508.5799865722656,3318100.0,303.30121285543817,309.10917956751626,301.7145059514164,308.74993896484375,6787200.0,1461.966749599987,1497.5290876079605,1457.8457459734186,1496.9302978515625,1709400.0,997.0232365792153,998.6009643016196,977.940940661213,979.4287719726562,2255500.0,153.2299625378998,153.5775938501499,150.2601147579226,151.61094665527344,18685600.0,204.73151509788894,206.36794820485068,201.33965620333439,204.7711944580078,7532500.0,130.22999572753906,134.4199981689453,129.14999389648438,132.3699951171875,65772800.0,236.35073374880298,237.02683809159646,233.83518683278206,236.59930419921875,7663600.0,51.910287254644814,53.16377277454948,51.581991169086756,53.07423782348633,27835300.0,6.767525628662162,6.796695737947049,6.699461267579882,6.786972522735596,106474179.0,9.229999542236328,9.329999923706055,9.15999984741211,9.319999694824219,69286978.0,333.0419921292309,338.89806195934295,329.4588519788492,338.6201477050781,3741200.0,306.42999267578125,312.1499938964844,304.32000732421875,311.8999938964844,3811500.0,245.02999877929688,247.3300018310547,242.02999877929688,246.8300018310547,22781800.0,84.10912681554419,86.20713268621522,83.59208620212902,86.14747619628906,14506600.0,143.9162976044084,144.0056213268027,141.5640153795384,142.5069122314453,7121400.0,313.0,313.32000732421875,302.9200134277344,303.25,7972200.0,189.7123914680725,190.86186690478397,187.99809722971995,190.03939819335938,12000200.0,160.1264162203188,166.90851228409227,159.8905116188232,166.67262268066406,3311300.0,77.31999969482422,77.44999694824219,75.83000183105469,76.41000366210938,12696200.0,82.04000091552734,82.38999938964844,81.25,82.3499984741211,19997500.0,174.82050575196448,180.2115324399682,174.07451472208382,180.1717529296875,6282900.0,416.4700012207031,426.8800048828125,408.5,426.55999755859375,37015800.0,,,,,,,998832.9796875,1042825.6234375,995833.48125,1039826.125,2769753.0,202.47999572753906,203.17999267578125,200.6999969482422,202.24000549316406,1724300.0,786.9218170439946,797.0225820153474,783.8377228167669,790.2255249023438,1820100.0,208.0399932861328,211.5,207.92999267578125,211.05999755859375,266500.0,231.92305385427053,236.33061668357348,230.00714697247665,236.0824432373047,5349600.0
2026-04-14,479.80999755859375,480.489990234375,476.0,477.5400085449219,4864000.0,330.38116455078125,330.4411565240312,320.95684339258287,321.87130162031684,18557500.0,377.8999938964844,382.2799987792969,376.32000732421875,380.7799987792969,24423000.0,379.0400085449219,382.1600036621094,373.2200012207031,379.8900146484375,12859500.0,259.01136264890187,261.68888841493145,256.9532612999924,258.59173583984375,48370700.0,643.219970703125,666.260009765625,639.3699951171875,662.489990234375,17818000.0,923.4104377725906,938.314774067385,913.4675315563798,920.9147338867188,2360200.0,27.218219060254636,27.218219060254636,26.882435358767516,27.020700454711914,15109225.0,190.61783708872017,196.28123474121094,190.54792650193752,196.28123474121094,161307000.0,387.0816509997633,393.83700889302276,385.684652281273,392.2604064941406,37504500.0,241.77999877929688,252.17999267578125,241.77999877929688,249.02000427246094,72685000.0,357.6700134277344,367.6300048828125,354.7699890136719,364.20001220703125,59979600.0,309.82000732421875,314.32000732421875,308.8699951171875,311.1199951171875,11455500.0,62.589591183351125,63.45943749730183,62.49074621107754,62.9948616027832,3944400.0,122.9154308672155,124.96152154925787,122.31657524356561,124.81181335449219,15320800.0,208000.0,210000.0,205500.0,206500.0,23672078.0,167.92999267578125,169.39999389648438,161.55999755859375,163.0,59779800.0,468.36283317214065,479.82590911288764,459.01525561933533,473.72540283203125,988273.0,6.473451025152122,6.659808007419566,6.473451025152122,6.630383491516113,362773440.0,128.47000122070312,132.8800048828125,128.47000122070312,131.35000610351562,11718500.0,103.12000274658203,106.56999969482422,103.04000091552734,106.27999877929688,40534900.0,508.0,513.97998046875,506.69000244140625,513.1599731445312,2744600.0,307.83183571502826,311.47427847139704,306.8538521842199,310.725830078125,5571000.0,1523.0633008186835,1528.6410835033466,1493.7173647833106,1514.990966796875,1769200.0,972.2692009167729,976.1934993179242,964.600335993906,973.3875732421875,2136500.0,149.05827765272088,149.0980013153962,145.73085634569497,148.23387145996094,18528200.0,203.114931523479,208.68868594916296,202.38101471277938,208.52999877929688,6199400.0,134.427001953125,138.07000732421875,134.0,135.6999969482422,52786800.0,233.66616015209323,240.8051113590548,231.9162296473752,238.72706604003906,10318700.0,52.82553004775306,53.293101880525036,52.527081475869046,53.07423782348633,40178500.0,6.806419788022488,6.893931047950955,6.777249213496149,6.835590362548828,187768096.0,9.289999961853027,9.380000114440918,9.270000457763672,9.359999656677246,53115274.0,338.4613084989645,340.20821526800967,335.82110814679567,340.1585693359375,2882500.0,315.010009765625,319.1400146484375,313.0199890136719,318.0,3530100.0,249.7899932861328,255.4600067138672,245.6999969482422,255.07000732421875,25733200.0,82.54805345809135,82.68726458022805,79.8634051633146,81.23555755615234,32845600.0,142.16946974371214,143.63840439700792,141.70298118071463,143.3009490966797,6621600.0,314.19000244140625,319.6199951171875,312.510009765625,312.510009765625,5864500.0,186.88826297342086,187.45308176223003,182.9245671743689,185.32260131835938,12111000.0,167.10509437340963,168.81536901337347,164.08755816733313,164.94268798828125,3100900.0,75.97000122070312,76.62000274658203,75.80000305175781,75.9000015258789,12397600.0,82.02999877929688,82.6500015258789,81.36000061035156,82.61000061035156,17856800.0,181.89249643787954,183.60330370130953,180.7784880532185,182.3599853515625,8803600.0,434.3500061035156,465.7799987792969,424.8599853515625,465.6600036621094,52534900.0,,,,,,,1091817.4637352675,1127811.4460562102,1077819.8039437896,1102815.625,4754545.0,202.5500030517578,204.72999572753906,202.07000732421875,204.3800048828125,2257500.0,794.4874583800558,796.4836580242269,780.553962932838,792.7407836914062,1866300.0,210.85000610351562,212.33999633789062,210.02000427246094,211.5500030517578,186500.0,237.005642821012,239.77525183565584,236.38024088496445,238.51454162597656,3777300.0
2026-04-15,478.0,478.7699890136719,473.739990234375,474.0899963378906,6993900.0,334.2688293457031,334.79850934948115,328.462326295132,330.3611774124935,15104100.0,389.8800048828125,397.0799865722656,385.57000732421875,396.7200012207031,29559300.0,381.4100036621094,381.9800109863281,372.2099914550781,375.1000061035156,14955500.0,257.92237663273806,266.3146386359468,257.57269269729437,266.18475341796875,49913500.0,667.0,678.5,664.219970703125,671.5800170898438,14952600.0,921.9130237081006,928.4018538695544,886.5040059043586,903.4747924804688,4233400.0,27.02069919932288,27.198467254638672,27.000946774577812,27.198467254638672,17807205.0,196.31119931453722,200.166706463506,195.5121427945441,198.63848876953125,185338400.0,397.1398382929036,413.47445440771634,395.8725939925935,410.3312683105469,45063400.0,249.25,250.44000244140625,247.1999969482422,248.5,43045200.0,366.8299865722656,394.6499938964844,362.5,391.95001220703125,113810400.0,313.95001220703125,314.239990234375,304.260009765625,305.92999267578125,9885800.0,63.27163590872588,63.63736306950414,62.90590120655945,63.50886535644531,3448800.0,124.39260450328428,124.83176883675557,122.94536948050799,124.5223617553711,17001400.0,215000.0,215500.0,210000.0,211000.0,24092884.0,166.88999938964844,172.55999755859375,166.2100067138672,169.80999755859375,43010800.0,471.2162853404591,475.69330090498715,460.7371652177625,474.16815185546875,562316.0,6.6107665530054796,6.836356535930564,6.600958536892692,6.816740036010742,529255330.0,132.6999969482422,133.60000610351562,131.3699951171875,133.27999877929688,8749500.0,105.9800033569336,107.8499984741211,105.04000091552734,107.70999908447266,38023700.0,516.0,522.4400024414062,513.2000122070312,519.9600219726562,2910800.0,312.3524558530697,316.07475007651544,310.87550675955816,315.2564392089844,4831400.0,1470.318496025898,1482.9309619805308,1412.1654870471698,1478.54052734375,4251700.0,968.9041010441629,983.9522732117586,966.8970036114321,983.3231811523438,2346200.0,147.5981924772423,149.21719323350692,145.90964120778764,148.0054168701172,15626500.0,208.99000549316406,209.82000732421875,205.5500030517578,208.4199981689453,5952100.0,136.7899932861328,142.5800018310547,134.92999267578125,142.14999389648438,48389400.0,238.56797895805093,239.0452299768987,235.3962175694789,237.30523681640625,6463500.0,53.969584846887514,55.11364208052755,53.432375165266315,54.039222717285156,63838200.0,6.85503685485283,6.893930642835357,6.777248815237253,6.796695709228516,199667134.0,9.319999694824219,9.520000457763672,9.300000190734863,9.460000038146973,97753155.0,339.3050167001936,339.7218729406502,334.1139418621815,336.38690185546875,3365200.0,316.44000244140625,318.5799865722656,311.3999938964844,313.92999267578125,3993700.0,254.9600067138672,258.17999267578125,251.85000610351562,258.1199951171875,24695200.0,80.45999595391622,81.22562301828361,79.69437647557287,79.83358001708984,31494000.0,143.2810820748224,143.32077645892193,141.1967710080221,142.30841064453125,7698200.0,314.04998779296875,317.760009765625,311.1499938964844,316.0,5041200.0,184.66858718595702,185.54060509695452,182.3696363734362,183.23175048828125,8661600.0,168.0486936954332,170.84016396082933,167.2426975635284,169.94570922851562,2687900.0,75.73999786376953,75.73999786376953,74.72000122070312,75.30999755859375,16212100.0,82.52999877929688,82.66000366210938,80.87999725341797,82.36000061035156,15066400.0,187.4824746722939,193.54985939147545,186.91551419369313,190.59573364257812,9853800.0,457.6300048828125,463.95001220703125,439.32000732421875,456.2300109863281,40370100.0,,,,,,,1164805.2778389084,1172803.940691021,1129811.1278609154,1135810.125,4093703.0,204.1999969482422,204.38999938964844,199.5,201.2100067138672,1657800.0,785.6043037102696,788.4688451733938,755.2122144835043,768.7064819335938,2764700.0,212.52999877929688,213.61000061035156,211.99000549316406,213.17999267578125,259900.0,240.48007188460318,244.2622328207055,239.22928315569456,243.01144409179688,3879500.0
2026-04-16,474.0199890136719,476.260009765625,464.010009765625,475.1199951171875,4534000.0,332.56982421875,337.1770671128283,331.4505027908985,335.64798864456304,13949600.0,395.0,399.67999267578125,392.3500061035156,398.4700012207031,18872900.0,368.8599853515625,370.20001220703125,360.54998779296875,363.3500061035156,26405800.0,266.55439590858066,266.91408037974617,261.0294875448873,263.15753173828125,43323100.0,675.989990234375,677.5800170898438,667.75,676.8699951171875,9544800.0,910.1033183857057,918.4190207097819,896.6065933400325,902.4365234375,2836600.0,27.158962327508664,27.178714752197266,26.92193888233016,27.178714752197266,13058527.0,197.20015246424893,199.6173486077875,195.58204328148997,198.1190948486328,134012900.0,418.95258572248235,419.9105328997013,411.2492993874727,419.35174560546875,41642400.0,248.50999450683594,250.0,244.1999969482422,249.6999969482422,41895700.0,393.80999755859375,394.05999755859375,381.79998779296875,388.8999938964844,63515100.0,305.3500061035156,309.95001220703125,305.20001220703125,309.95001220703125,8208600.0,65.3869477418864,65.53521896951456,64.74444411642294,65.13983154296875,4968700.0,124.09318034812574,125.70011425915739,123.73386546026387,124.58224487304688,18324500.0,212000.0,218000.0,210500.0,217500.0,21499788.0,176.4199981689453,180.27000427246094,173.8000030517578,178.33999633789062,46997300.0,476.33287668179145,482.1382082861799,474.02057518748404,476.2836608886719,419784.0,6.797123797847105,6.963864287433873,6.777507297171854,6.865781784057617,443672818.0,137.8000030517578,140.89999389648438,135.73500061035156,138.58999633789062,17122200.0,107.47000122070312,108.94999694824219,106.62000274658203,107.79000091552734,64928300.0,518.030029296875,522.22998046875,517.010009765625,518.5399780273438,2967400.0,315.6955340890468,317.3421144410126,313.91921781129685,314.4481201171875,5695800.0,1449.8332635230797,1450.7513022813846,1403.4346078081292,1407.755126953125,2626700.0,983.5727822938512,994.3072060600024,980.187679613871,985.7796020507812,1484300.0,148.5219186530788,151.7500082642809,148.3431394263767,150.9553985595703,15191000.0,207.77999877929688,209.66000366210938,206.52000427246094,208.99000549316406,5075400.0,144.2899932861328,145.5500030517578,139.52999877929688,142.75999450683594,43746000.0,236.06238904969683,236.7782731773554,230.79269234336317,233.1988525390625,8668900.0,53.76067293913974,54.22824097019921,53.19361952223187,53.2334098815918,35206700.0,6.777248815237253,6.816143066870304,6.757801921245989,6.796695709228516,175746606.0,9.449999809265137,9.579999923706055,9.399999618530273,9.449999809265137,105981947.0,337.45883730199483,339.43404277406773,334.18341721401424,334.6399841308594,2856700.0,313.57000732421875,313.95001220703125,297.8599853515625,298.2900085449219,7373300.0,264.989990234375,279.3399963378906,261.510009765625,278.260009765625,64850800.0,79.63470708962817,81.40459465930381,79.54522235576923,80.78811645507812,20713300.0,142.12975952100697,143.2116095257885,141.59380199630985,142.04043579101562,6947100.0,316.3999938964844,318.6099853515625,313.1099853515625,315.0,5205600.0,183.93530062681893,186.52161276737314,183.65784312762764,186.4423370361328,8013200.0,176.47225735923175,176.87525543477852,173.7299356947974,174.378662109375,5150000.0,75.02999877929688,75.83999633789062,74.9000015258789,75.18000030517578,11501900.0,82.08000183105469,84.52999877929688,82.0,84.5,14609000.0,189.90941448081279,191.48097072721004,185.6721909249596,186.3187255859375,9138100.0,452.9599914550781,462.3399963378906,444.3800048828125,457.2300109863281,33626400.0,,,,,,,1140809.2159090908,1160805.8717532468,1129811.0551948051,1154806.875,2901319.0,201.44000244140625,201.8000030517578,199.99000549316406,200.47000122070312,1414400.0,766.5406541503489,771.3415118001224,753.0164139074433,771.1917724609375,2005100.0,213.44000244140625,213.60000610351562,211.85000610351562,212.86000061035156,214500.0,246.9325767000358,249.38453153774617,244.3317238548956,249.1661376953125,4817500.0
2026-04-17,475.489990234375,479.69000244140625,474.1499938964844,474.5799865722656,6492900.0,339.19586181640625,339.7805014284534,333.0895513147008,334.22884980226,19683800.0,400.8999938964844,406.7300109863281,399.80999755859375,406.5400085449219,20581700.0,373.20001220703125,375.5799865722656,365.1400146484375,370.5,18419400.0,266.7142527536172,272.0493335842862,266.47448343207725,269.98126220703125,61436200.0,678.5999755859375,691.52001953125,675.1300048828125,688.5499877929688,16283500.0,916.2227707820681,928.3918250000387,916.2227707820681,925.4369506835938,3266100.0,27.093122421244964,27.13262664346692,26.902187338179417,27.073371251424152,11285190.0,199.66727910555997,201.46518667284232,199.03802288778024,201.44520568847656,160324400.0,423.9018933176335,430.64726300981,419.78081413338697,421.87628173828125,48568200.0,254.99000549316406,256.17999267578125,250.11000061035156,250.55999755859375,52029300.0,395.9200134277344,409.2799987792969,391.6499938964844,400.6199951171875,90640000.0,312.4700012207031,314.8999938964844,310.0899963378906,310.2900085449219,11082400.0,65.18925438367172,67.0871126429273,64.94213816911439,65.93060302734375,4270100.0,124.33272180114233,127.32700747439601,123.13501057778576,127.25714111328125,24763700.0,217000.0,218000.0,215000.0,216000.0,18079322.0,182.92999267578125,184.5,173.36000061035156,175.05999755859375,45282600.0,478.0055591151623,495.6183861905418,475.64407197397514,491.3873596191406,875001.0,6.865781618170549,6.9834806193782795,6.84616511796926,6.924631118774414,355827935.0,141.14999389648438,143.77999877929688,139.8800048828125,141.00999450683594,12886500.0,96.37000274658203,98.73999786376953,95.0999984741211,97.30999755859375,125958700.0,521.5,527.469970703125,518.739990234375,521.2999877929688,3617200.0,315.9450216957469,318.7791426284462,314.52794600217567,316.3641357421875,8082300.0,1460.5698607897996,1469.2708270076114,1442.5391747128242,1456.6185302734375,1876500.0,983.5727833957324,999.2200612705607,975.5843750026705,998.4412231445312,2346500.0,143.88339364446122,145.81031711382454,141.01287784947976,145.45274353027344,28947400.0,209.66000366210938,212.35000610351562,207.82000732421875,208.3800048828125,8986600.0,145.31500244140625,148.27999877929688,143.3000030517578,146.38999938964844,50657600.0,233.01989048398582,234.19313576204675,230.71314935408492,232.84091186523438,8946300.0,53.88005161373485,54.31777592658278,53.472171019155354,53.631343841552734,43484700.0,6.757802318362106,6.864760473424615,6.748079102620362,6.835590362548828,244622858.0,9.470000267028809,9.5,9.369999885559082,9.40999984741211,63882312.0,340.2876076588945,349.39925676441203,340.2876076588945,346.79876708984375,4930400.0,310.1300048828125,314.0,303.8500061035156,304.1300048828125,7733100.0,281.0,281.04998779296875,274.1400146484375,278.3900146484375,35519900.0,81.66311286302212,82.13044226781447,80.56936755016002,80.94721221923828,24033900.0,142.33819707004346,146.48694963990266,142.09006550070504,145.83187866210938,10886000.0,324.6300048828125,325.2699890136719,317.1400146484375,320.04998779296875,9414700.0,180.23915258093598,182.62728287525204,176.12682432963925,182.32009887695312,15720600.0,184.00136778222233,185.27915807893177,176.98336738117115,178.12355041503906,6647500.0,74.94999694824219,76.05999755859375,74.80000305175781,75.73999786376953,15033900.0,85.19000244140625,86.37999725341797,84.5999984741211,86.25,20321900.0,188.48707265775738,190.19788001954157,187.22385689216895,187.8107147216797,6846100.0,466.8500061035156,470.9700012207031,452.20001220703125,455.07000732421875,33405000.0,,,,,,,1148807.8633643617,1154806.8600398935,1120812.5455452127,1127811.375,3578235.0,202.80999755859375,205.3000030517578,202.5500030517578,204.8000030517578,1241300.0,779.0268691367888,800.2464802094331,774.5254293813317,793.1400146484375,2818800.0,214.07000732421875,219.85000610351562,214.07000732421875,217.1999969482422,442600.0,252.80931724735163,253.78215288785026,249.20583406273408,251.6180877685547,5671500.0
2026-04-19,474.75,477.2566731770833,472.2966613769531,472.91331990559894,5595633.333333333,336.5308024088542,339.23084785641436,333.98234829790704,336.98053382166273,15159466.666666668,404.1000061035156,406.5233459472656,397.2033284505208,401.93333943684894,18141900.0,370.5466715494792,371.9066670735677,364.5466715494792,367.6599934895833,13898666.666666668,268.9588492928981,273.36812704781323,268.8522987006971,271.85951741536456,44872200.0,680.4399820963541,686.0933430989584,670.3766682942709,676.7899780273438,13783833.333333334,922.2790466964551,928.1589192179692,912.6955276555223,920.6917928059896,2372900.0,26.961442608717558,27.04045042600623,26.86268424987793,26.86268424987793,7738516.0,199.72055149074612,201.77815597015712,198.08579402141734,201.69824727376303,133029066.66666667,421.46050009676264,425.15914417429457,416.86045752980755,418.7364095052083,34577533.333333336,251.1233367919922,252.17999267578125,246.9499969482422,249.03999837239584,43651833.333333336,400.35999552408856,407.6266581217448,389.43665568033856,395.2066650390625,73282600.0,311.39000447591144,316.3866678873698,310.2766621907552,314.7566630045573,10875466.666666666,65.7559711470963,66.7707981550138,65.46931796323673,66.00308736165364,3165766.666666667,126.52853260299476,128.59126170910304,125.76332525206706,127.53660583496094,20876966.666666668,215333.33333333334,218666.66666666666,213666.66666666666,215000.0,17431601.333333332,178.8499959309896,180.00666300455728,173.45999654134116,176.74000040690103,29981466.666666664,480.07188440563266,488.3371144437636,476.46403761992354,485.58202107747394,613463.6666666666,6.898476072761965,7.0488690882492815,6.8853982498762205,7.009636243184407,332047993.6666667,140.69332885742188,141.87999471028647,139.20866902669272,140.4499969482422,9511033.333333334,96.88333384195964,97.97999827067058,94.06000010172527,95.6566670735677,84185100.0,521.0066731770834,525.4766438802084,515.9399820963541,518.2000122070312,2874733.3333333335,315.8119602983742,317.5217438117328,312.64519558081116,314.3150634765625,6365300.0,1459.0598253684777,1473.8076429173789,1446.7367248919286,1467.7275797526042,1353433.3333333333,996.1212390032953,1006.2964767333215,986.9945082858724,997.0765584309896,1765766.6666666665,145.55206894563605,147.51209292165214,143.9131938199448,146.2738291422526,20552066.666666664,208.51333618164062,209.67000325520834,204.5,205.26667277018228,6845066.666666666,145.1050008138021,147.55999755859375,143.65333557128906,146.0566660563151,39207666.666666664,233.31817446359224,234.0075387521132,229.04938948551757,230.52755737304688,8189100.0,53.44232654331295,53.88668448447942,53.094135912221596,53.6578737894694,43827700.0,6.8161429216970815,6.955512408721813,6.793455110207612,6.939306894938151,224284314.66666666,9.4366668065389,9.680000305175781,9.383333524068197,9.623332977294922,108924125.33333333,343.92699442205986,348.8368429804336,340.8037531335798,347.85089111328125,3817400.0,305.9633382161458,308.31333414713544,300.2233378092448,303.77667236328125,6121166.666666667,280.73333740234375,285.42331949869794,272.7133382161458,276.0966796875,35062566.666666664,81.27864942426545,82.00450041619872,80.7085723806916,81.31842295328777,17504966.666666668,144.09165508729708,145.8715871558766,142.3745838372433,144.21737670898438,9018466.666666666,323.86334228515625,325.3566589355469,319.1266682942708,322.80999755859375,9171966.666666666,181.96335895601067,183.92869542849263,179.48935545755202,181.83123779296875,11680933.333333334,178.03180594383096,179.9190076730184,175.0175394811284,176.62952168782553,4349766.666666666,75.52999877929688,76.16666666666667,75.17333475748698,75.56666819254558,11772500.0,85.8633321126302,87.69333140055339,85.43999989827473,87.22333272298177,17904366.666666668,188.1024673170946,190.8477139118675,187.08460662076433,189.05733744303384,5552166.666666666,461.1166687011719,466.69666544596356,441.3333333333333,450.6366780598958,32477400.0,,,,,,,1148141.294649184,1168137.9499160994,1134143.6358221034,1153140.4583333333,3691421.0,202.80999755859375,204.0133310953776,201.29666646321616,202.06000264485678,1150100.0,786.9423059883046,799.8354966583527,782.7284878536731,796.6466878255209,1909000.0,214.97000122070312,217.02999877929688,214.09000651041666,215.8999989827474,725800.0,253.0277102666673,255.6682742349829,250.2117657527248,251.77692159016928,5328966.666666667
2026-04-20,474.3800048828125,476.0400085449219,471.3699951171875,472.0799865722656,5147000.0,335.1982727050781,338.9560210703948,334.4287467895101,338.3563758313641,12897300.0,405.70001220703125,406.4200134277344,395.8999938964844,399.6300048828125,16922000.0,369.2200012207031,370.07000732421875,364.25,366.239990234375,11638300.0,270.08114756253855,274.0275237795767,270.04120633500696,272.79864501953125,36590200.0,681.3599853515625,683.3800048828125,668.0,670.9099731445312,12534000.0,925.3071846536486,928.0424663269345,910.9319060922493,918.3192138671875,1926300.0,26.961442608717558,27.04045042600623,26.803426974140212,26.86268424987793,10619388.0,199.7471876833392,201.9346406188145,197.6096795882359,201.82476806640625,119381400.0,420.2398034863272,422.4150847565369,415.40027922801784,417.1664733886719,27582200.0,249.19000244140625,250.17999267578125,245.3699951171875,248.27999877929688,39463100.0,402.5799865722656,406.79998779296875,388.3299865722656,392.5,64603900.0,310.8500061035156,317.1300048828125,310.3699951171875,316.989990234375,10772000.0,66.0393295288086,66.61264091105704,65.73290786029791,66.0393295288086,2613600.0,127.62643800392097,129.22338882645656,127.0774825892077,127.67633819580078,18933600.0,214500.0,219000.0,213000.0,214500.0,17107741.0,176.80999755859375,177.75999450683594,173.50999450683594,177.5800018310547,22330900.0,481.1050470508678,484.6964785703745,476.87402044289774,482.6793518066406,482695.0,6.914823300057673,7.081563322684783,6.9050148158297,7.052138805389404,320158023.0,140.46499633789062,140.92999267578125,138.8730010986328,140.1699981689453,7823300.0,97.13999938964844,97.5999984741211,93.54000091552734,94.83000183105469,63298300.0,520.760009765625,524.47998046875,514.5399780273438,516.6500244140625,2503500.0,315.74542959968784,316.8930444033761,311.70382037012894,313.29052734375,5506800.0,1458.3048076578168,1476.0760508722626,1448.8354999814808,1473.2821044921875,1091900.0,1002.3954668070767,1009.8346844647018,992.6995749274732,996.3942260742188,1475400.0,146.38640659622348,148.36298082556593,145.36335180517733,146.6843719482422,16354400.0,207.94000244140625,208.3300018310547,202.83999633789062,203.7100067138672,5774300.0,145.0,147.1999969482422,143.8300018310547,145.88999938964844,33482700.0,233.46731645339545,233.91474024714643,228.2175095512339,229.37088012695312,7810500.0,53.223464008102006,53.671138763427734,52.90511835875471,53.671138763427734,43999200.0,6.845313223364569,7.000888376370413,6.816143114001237,6.9911651611328125,214115043.0,9.420000076293945,9.770000457763672,9.390000343322754,9.729999542236328,131445032.0,345.74668780364254,348.5556360884443,341.0618258709224,348.376953125,3260900.0,303.8800048828125,305.4700012207031,298.4100036621094,303.6000061035156,5315200.0,280.6000061035156,287.6099853515625,272.0,274.95001220703125,34833900.0,81.08641770488711,81.94152949039085,80.7781747959574,81.5040283203125,14240500.0,144.9683840959239,145.56390591386355,142.51684300551244,143.41012573242188,8084700.0,323.4800109863281,325.3999938964844,320.1199951171875,324.19000244140625,9050600.0,182.825462143548,184.57940170511293,181.17062102150842,181.58680725097656,9661100.0,175.04702502463527,177.2389324700617,174.03462553110705,175.88250732421875,3200900.0,75.81999969482422,76.22000122070312,75.36000061035156,75.4800033569336,10141800.0,86.19999694824219,88.3499984741211,85.86000061035156,87.70999908447266,16695600.0,187.9101646467632,191.17263085803046,187.014981485062,189.68064880371094,4905200.0,458.25,464.55999755859375,435.8999938964844,448.4200134277344,32013600.0,,,,,,,1147808.0102915952,1174803.4948542023,1140809.1809605488,1165805.0,3748014.0,202.80999755859375,203.3699951171875,200.6699981689453,200.69000244140625,1104500.0,790.9000244140625,799.6300048828125,786.8300170898438,798.4000244140625,1454100.0,215.4199981689453,215.6199951171875,214.10000610351562,215.25,867400.0,253.13690677632513,256.6113349085492,250.71473159772017,251.85633850097656,5157700.0
2026-04-21,472.5400085449219,474.19000244140625,468.05999755859375,468.5,5919000.0,330.271240234375,336.9672227230362,329.43174911178386,335.3831540609058,14623800.0,399.4100036621094,403.6000061035156,394.57000732421875,402.1700134277344,16275500.0,368.0799865722656,370.75,365.1099853515625,368.0799865722656,9808200.0,271.250098918132,272.5488901425708,265.1557075406741,265.9250183105469,50209800.0,671.0,676.2000122070312,667.3300170898438,668.8400268554688,8660100.0,908.635854709379,911.4809326787256,879.5958183867632,901.4682006835938,4062800.0,26.862684095259542,26.921939486961243,26.744171428161202,26.823179244995117,9428400.0,201.89470437258373,202.51397775047528,198.76834314349978,199.64732360839844,107945300.0,419.33177508554746,426.25677891783357,416.2983670043314,423.2433166503906,32048500.0,255.08999633789062,255.08999633789062,249.10000610351562,249.91000366210938,42922400.0,393.0,393.95001220703125,385.2200012207031,386.4200134277344,50530600.0,317.489990234375,320.239990234375,312.75,313.0,7084300.0,65.4660301626639,65.52533564026469,64.27986782093006,64.34906005859375,3709500.0,127.5865165719599,129.52282377758172,127.23718476034317,129.3531494140625,17312400.0,218000.0,220000.0,216000.0,219000.0,16752132.0,178.35000610351562,185.33999633789062,176.00999450683594,181.1699981689453,39638000.0,482.53176015591896,489.4194484983548,478.2023620605469,478.2023620605469,530998.0,7.0619467656505295,7.150221252221797,7.012905747984254,7.042330265045166,254418145.0,139.25,139.25,134.4600067138672,135.3800048828125,11388200.0,94.0,94.6500015258789,92.37000274658203,92.58000183105469,61962300.0,516.9299926757812,523.1099853515625,510.1700134277344,511.3500061035156,3444900.0,313.3603848879222,316.23443160774116,308.1811195395908,309.2987976074219,6806900.0,1472.8729669050213,1476.944152884416,1443.0980344769132,1455.790283203125,1274600.0,992.9292343193174,1005.0416638171133,985.2703645871046,1004.3526611328125,1367100.0,146.3764710712823,147.80676545067388,145.25409949638887,147.35980224609375,17515900.0,204.00999450683594,206.1999969482422,200.9199981689453,205.1199951171875,7772100.0,146.80999755859375,149.8699951171875,143.99899291992188,145.97000122070312,44830000.0,228.03853688190875,228.3765890527153,223.41511740932572,224.8667755126953,11681200.0,53.720880139400506,54.36752188129251,52.934962648788265,53.20356750488281,34266300.0,7.010612381367936,7.1078468565196,6.981441806997162,7.059229850769043,281314831.0,9.75,9.949999809265137,9.739999771118164,9.850000381469727,105232584.0,350.30249013948253,350.9178695006371,340.41664909200034,341.3595886230469,3081000.0,293.5799865722656,304.29998779296875,284.2099914550781,286.7300109863281,12891500.0,277.3299865722656,286.20001220703125,276.6199951171875,284.489990234375,38950900.0,81.68300583232656,82.62760236090378,80.7384017177254,81.08641815185547,17387300.0,143.5391459879603,143.5391459879603,141.25634765625,141.25634765625,11197200.0,346.010009765625,357.67999267578125,345.2300109863281,353.010009765625,26097300.0,182.30028620308295,184.67849771208802,180.68507527370613,184.2920379638672,9799000.0,174.9094256761859,177.5829511581227,173.20898979916743,173.42523193359375,3128400.0,75.4800033569336,75.52999877929688,74.62000274658203,74.69999694824219,11806900.0,87.91999816894531,89.80000305175781,87.16000366210938,89.69999694824219,18653400.0,189.7701651633438,192.10760979929074,187.70129672555097,188.29808044433594,5154900.0,451.32000732421875,457.82000732421875,441.29998779296875,449.3800048828125,27734000.0,,,,,,,1195800.0559640522,1227794.7062908497,1192800.5574959149,1223795.375,3516960.0,198.85000610351562,198.99000549316406,195.77000427246094,195.77999877929688,2130700.0,804.8800048828125,820.2000122070312,797.7899780273438,800.4500122070312,2293500.0,206.42999267578125,207.49000549316406,203.67999267578125,203.97000122070312,570700.0,252.14421716465813,256.204331041917,250.0297745909036,253.8119354248047,5584900.0
2026-04-22,468.8599853515625,470.989990234375,464.6199951171875,465.3999938964844,5720500.0,337.5268859863281,337.8266933540505,332.7597353449777,334.6835958687374,12954200.0,406.9800109863281,423.20001220703125,404.8599853515625,422.6499938964844,23702500.0,371.7799987792969,387.9100036621094,370.6400146484375,387.44000244140625,16317200.0,267.5734973129919,273.48803128351057,266.62435952726383,272.9185791015625,43249200.0,674.3599853515625,678.3800048828125,669.75,674.719970703125,9215600.0,904.8423820878868,920.9545992997852,900.6795043349576,919.8964233398438,2623800.0,26.823179606556156,26.941692275251977,26.803427181157694,26.921939849853516,9583278.0,200.75603026628932,202.26426696777344,198.76834136586132,202.26426696777344,107501000.0,425.2689090952171,432.7626880248645,422.7543663498755,431.984375,29378200.0,252.44000244140625,255.94000244140625,250.3300018310547,255.36000061035156,36065100.0,387.57000732421875,393.010009765625,385.29998779296875,387.510009765625,62362800.0,314.8500061035156,315.1499938964844,311.94000244140625,313.0199890136719,5545900.0,64.26997905664409,64.49732928267116,63.39024597318767,63.7065544128418,4953300.0,129.7523727840388,130.2015125669619,128.5945787256014,129.73240661621094,17624500.0,218500.0,222500.0,215500.0,217500.0,16823480.0,186.17999267578125,189.17999267578125,182.8000030517578,187.5,32448800.0,475.98848572648507,477.1692443689204,465.9029415844768,466.6900939941406,458903.0,7.042330177256064,7.042330177256064,6.885398174369458,6.934439659118652,273714600.0,136.91000366210938,137.3300018310547,135.3800048828125,136.4199981689453,9258300.0,93.05999755859375,93.8499984741211,92.7699966430664,93.23999786376953,33694300.0,512.0700073242188,513.7899780273438,505.7200012207031,510.1600036621094,2288500.0,310.3665765900329,310.7158281288479,307.42266751686486,310.64599609375,5666600.0,1473.7809754277337,1473.7809754277337,1375.2961343222796,1440.513671875,2621800.0,1003.5238412245176,1006.6493109692844,996.8435320857524,1002.2457275390625,1215200.0,148.362982781199,149.6641486885593,147.18100301621726,148.4921112060547,13738700.0,205.1699981689453,205.99000549316406,199.80999755859375,200.5,7646200.0,148.36000061035156,152.67999267578125,147.41000366210938,152.6199951171875,43701500.0,224.88665810207786,226.179227521564,222.50038776728556,224.80712890625,9003400.0,53.39258097411055,53.52191007403364,52.72604598792869,52.84542465209961,24097600.0,7.059229657729625,7.068952873153628,6.903654038090733,6.932824611663818,212647554.0,9.850000381469727,9.890000343322754,9.6899995803833,9.789999961853027,66082602.0,341.38938659209543,342.66976104141247,335.4042797121569,336.9725036621094,2855800.0,286.6499938964844,287.79998779296875,268.9100036621094,276.2900085449219,12777700.0,291.2200012207031,304.25,286.1400146484375,303.4599914550781,49054200.0,81.08642008978913,81.41453839097457,79.71426004728521,80.12193298339844,13724200.0,141.43498890920546,142.22901292852262,141.15708277415672,141.78237915039062,7236300.0,353.5199890136719,358.55999755859375,349.1000061035156,350.8800048828125,11807300.0,185.57032672627793,187.70080710609164,184.43075514613415,184.6289520263672,8708300.0,170.81068048009445,173.87736532763088,170.46665480893756,171.0465850830078,3424000.0,74.9000015258789,75.37999725341797,74.55000305175781,74.62999725341797,9352300.0,89.93000030517578,90.44999694824219,89.4800033569336,89.80000305175781,16986100.0,190.65541550797545,191.2024786568191,188.8053722400757,190.02879333496094,4492100.0,462.92999267578125,491.9800109863281,458.55999755859375,487.4800109863281,45998100.0,,,,,,,1226794.8311529027,1232793.8278822568,1194800.1819296812,1222795.5,2894919.0,196.5500030517578,196.64999389648438,194.8000030517578,194.80999755859375,1578700.0,812.5,817.8499755859375,805.47998046875,808.8699951171875,1628400.0,201.22999572753906,201.8699951171875,200.13999938964844,200.42999267578125,633000.0,252.65048409685662,255.6583601334188,245.40383174684385,250.0198516845703,12190200.0
2026-04-23,466.7200012207031,473.0,466.7200012207031,470.54998779296875,4749100.0,337.5468444824219,339.9553985352305,334.8584600686641,339.3707589505945,13442100.0,422.3900146484375,429.30999755859375,417.79998779296875,419.94000244140625,19501600.0,384.25,388.760009765625,375.80999755859375,382.6600036621094,12224900.0,274.79681820267325,275.5161566987003,271.39995382845746,273.1783142089844,33399600.0,663.7000122070312,669.5599975585938,653.0499877929688,659.1500244140625,11667000.0,927.8926781305523,928.4018114534182,910.3229477912832,916.0730590820312,2149200.0,26.961442662416736,27.09970775571851,26.882434844970703,26.882434844970703,13039444.0,202.22431724671497,203.59271751351986,196.99041179336916,199.4075927734375,113561800.0,418.9825380949446,422.7443793162959,410.5208543154444,414.8514709472656,38308000.0,255.38999938964844,258.7900085449219,253.07000732421875,255.0800018310547,39091400.0,375.2799987792969,386.0,368.3900146484375,373.7200012207031,93969500.0,313.5199890136719,314.989990234375,308.8900146484375,311.69000244140625,6969700.0,62.45120941783168,62.510518666180126,60.90920289701941,61.49239730834961,9784500.0,130.32129300569852,132.20769225837955,130.24144356493085,131.77850341796875,16376000.0,223000.0,229500.0,216000.0,224500.0,34525485.0,180.39999389648438,181.88999938964844,174.0800018310547,176.27999877929688,37084200.0,462.4590726021642,469.986325969782,460.6387489703766,467.5756530761719,562027.0,6.934439930510278,6.973672932767383,6.885398443841758,6.895206928253174,249693735.0,133.77999877929688,133.89999389648438,129.61500549316406,131.6999969482422,10749900.0,94.05999755859375,94.63999938964844,92.06999969482422,92.81999969482422,36851700.0,507.3699951171875,509.6499938964844,498.3699951171875,502.3800048828125,2724000.0,309.8576410034995,311.5541362439113,304.37900840074366,308.2409973144531,7275000.0,1435.8138910695097,1446.8398573246232,1393.1870246439776,1414.7100830078125,1800500.0,1006.1200823458264,1015.1269713580333,1005.5708914585863,1012.9102172851562,1570700.0,148.83975888275486,150.2104449991002,147.4988541463299,149.51516723632812,12970400.0,201.0500030517578,202.75999450683594,200.41000366210938,200.9499969482422,7461100.0,149.6999969482422,150.2899932861328,139.9199981689453,141.57000732421875,58654400.0,225.95054827447007,230.06687448765834,225.73180505581692,229.3311004638672,7097600.0,52.785738174915934,53.24335955835407,51.97992363844319,52.198787689208984,31956300.0,6.923100815295531,7.030058965050669,6.884207026957396,6.981441497802734,146103416.0,9.739999771118164,9.850000381469727,9.710000038146973,9.729999542236328,55395520.0,336.97250390104824,338.29258904217085,334.37201401931867,337.6275939941406,2712400.0,276.489990234375,282.94000244140625,273.3599853515625,282.3399963378906,8591100.0,302.010009765625,310.2200012207031,299.760009765625,305.3299865722656,45619700.0,80.10204123239446,80.90744181497888,79.28670295836352,80.05233001708984,13906500.0,142.32825390720163,145.13710492750891,142.32825390720163,144.62100219726562,11288800.0,354.55999755859375,356.8500061035156,350.5,354.67999267578125,7255800.0,185.42168448508596,186.7098886427535,183.81639252631695,185.8973388671875,6684700.0,163.12430354144715,165.41447841181244,159.2319601389022,160.46060180664062,7314600.0,75.44000244140625,76.66000366210938,75.16000366210938,76.27999877929688,12060300.0,89.31999969482422,90.0,88.2699966430664,88.58999633789062,21156700.0,189.6408672067125,190.73497826150447,185.90095585161512,187.6416015625,3814400.0,482.2799987792969,493.6199951171875,471.79998779296875,481.7200012207031,38178000.0,,,,,,,1219796.0857142857,1266788.23,1182802.27,1224795.25,5343871.0,195.2100067138672,196.63999938964844,191.80999755859375,192.3000030517578,2179300.0,817.1099853515625,845.27001953125,815.4600219726562,835.239990234375,2601800.0,197.13999938964844,197.82000732421875,194.0500030517578,196.0800018310547,640100.0,230.5729858646001,231.20830927058608,220.10998506149048,229.3916778564453,22297800.0
2026-04-24,468.79998779296875,470.2799987792969,466.5799865722656,469.32000732421875,3857000.0,342.1141052246094,343.48327630328015,333.84906002833503,337.516865979281,18260900.0,424.9800109863281,425.0,408.8599853515625,422.760009765625,22491100.0,396.1400146484375,409.489990234375,393.8500061035156,402.4599914550781,21603600.0,272.50893317942314,272.80864483253174,269.4017800912603,270.81048583984375,38157100.0,660.3200073242188,680.6699829101562,653.8400268554688,675.030029296875,13348300.0,898.4633856614171,898.8726542867313,870.2319542406808,882.4409790039062,4463700.0,26.935106610027567,27.06020341938982,26.849515279134113,26.849515279134113,10360809.333333334,199.72721882416832,210.70441481695215,199.57738430538978,208.0275421142578,214134400.0,416.0688403922519,424.0316048781353,414.9013556123021,423.7023010253906,27457400.0,259.9800109863281,264.5,257.69000244140625,263.989990234375,53777400.0,373.5,382.760009765625,370.7300109863281,376.29998779296875,62893300.0,311.1499938964844,311.1499938964844,307.8900146484375,308.2799987792969,5215300.0,61.86801439797186,62.22386234317415,61.561588940560085,61.858131408691406,5001400.0,131.68868776733035,131.86833759939617,129.033750786599,129.6725311279297,16016300.0,224000.0,225000.0,216500.0,219500.0,19626666.0,180.50999450683594,180.7100067138672,168.8000030517578,173.27999877929688,33215000.0,462.3115031741143,467.1820649402266,456.8013463030508,464.0826110839844,472376.0,6.8952064988168065,6.924631014829925,6.846165015202611,6.905014514923096,196100425.0,133.67999267578125,136.1999969482422,133.0,135.82000732421875,9046800.0,92.56999969482422,93.27999877929688,91.80000305175781,92.44000244140625,32553200.0,499.0,505.6099853515625,495.6300048828125,504.1700134277344,2406900.0,306.4646690803624,309.33871572907344,303.87004194169583,308.7798767089844,5616900.0,1456.3490387576403,1469.4404393413101,1438.5478326643472,1454.52294921875,1751800.0,1010.533680552328,1011.9815917898942,1001.0474454088031,1009.6849365234375,1695200.0,148.6311717290291,149.28672584587542,145.95930447127088,147.90609741210938,13735900.0,198.92999267578125,200.25,197.13999938964844,198.7100067138672,7605800.0,142.9600067138672,143.3300018310547,138.92999267578125,143.08999633789062,38677200.0,227.72036189515308,228.67487910891896,225.72186091736185,226.19911193847656,6067500.0,52.049561111745966,52.23857764824674,51.66157760288792,51.78095626831055,30265400.0,7.000888702027495,7.068953066458934,6.8939310111859395,7.059229850769043,251507876.0,9.699999809265137,9.779999732971191,9.649999618530273,9.739999771118164,54483845.0,335.36454889356634,337.73674002155695,332.18836020303655,333.3893737792969,3255900.0,280.6099853515625,286.1300048828125,277.17999267578125,284.6000061035156,9672300.0,336.760009765625,352.989990234375,334.5400085449219,347.80999755859375,81616700.0,79.65460111844138,79.91312522646272,78.79948933392944,78.96852111816406,15419600.0,152.00999450683594,152.4199981689453,147.6199951171875,148.17999267578125,13786200.0,354.9200134277344,358.2799987792969,351.3900146484375,356.489990234375,8554600.0,183.5488298081866,184.72803166872268,181.53725550031876,183.52902221679688,9626700.0,172.10812612871837,172.82564864367728,168.6286046215291,172.265380859375,6846400.0,76.70999908447266,77.01000213623047,76.16999816894531,76.62999725341797,12008700.0,87.41000366210938,89.7300033569336,87.41000366210938,89.01000213623047,18969900.0,187.7808499293267,188.03946985895925,186.11977843879657,187.06471252441406,4530600.0,495.9200134277344,506.989990234375,489.3599853515625,496.7200012207031,35379600.0,,,,,,,1236793.2428396072,1241792.4071194762,1192800.5971767595,1221795.75,3127857.0,189.14999389648438,189.94000244140625,187.55999755859375,189.75,2388300.0,839.260009765625,839.5,826.6500244140625,830.7899780273438,2253900.0,193.11000061035156,194.0,192.1999969482422,192.32000732421875,595900.0,230.23545749716484,231.09911137232473,223.35609698086063,230.28509521484375,9816900.0
2026-04-26,469.46665445963544,473.75999959309894,468.4266662597656,471.64666748046875,4544333.333333333,346.2449442545573,348.28705019741403,338.3530264517826,341.62106896793364,17715633.333333332,421.9800109863281,423.5,412.7066650390625,419.7200113932292,19131433.333333332,407.8800048828125,412.8299967447917,398.21666463216144,404.14000447591144,18242000.0,268.0663494688872,269.6781863293856,266.35126503767634,268.51259358723956,40363566.666666664,667.4400024414062,681.8899943033854,665.1733601888021,677.42333984375,12986233.333333334,883.9017923611585,892.7365801486707,867.7761900195504,871.9989624023438,3288100.0,26.882434505249226,26.98119474673244,26.783676147460938,26.783676147460938,5003540.0,206.17969270618184,214.6198575845624,204.61818359745584,213.58106994628906,196159733.33333334,419.6677180508439,425.46847823360304,415.746208732431,423.8353576660156,29730666.666666668,262.2999979654948,264.26666259765625,259.4566650390625,262.07666015625,47863666.666666664,372.55999755859375,381.44000244140625,366.2566630045573,377.8800048828125,65454966.666666664,308.30333455403644,312.1033223470052,307.2166748046875,310.5133361816406,7021966.666666667,60.85318986082826,61.14972981501806,60.566535409720366,60.83671569824219,4188200.0,130.14495858764312,130.33126888057132,127.78280297326653,128.12215169270834,16691766.666666666,221333.33333333334,225666.66666666666,217833.33333333334,222833.33333333334,21789138.0,175.22333272298178,175.9366709391276,168.1999969482422,173.0666707356771,25482733.333333336,464.5417958028432,466.82128672733484,458.21167604195193,461.3275451660156,406353.3333333333,6.888667732800624,6.931170228804097,6.793854568153467,6.8265487353007,226844557.0,133.2266642252604,134.33666483561197,132.3933308919271,133.62000528971353,7323666.666666666,92.22333526611328,92.98666381835938,91.46666971842448,91.72666931152344,30656000.0,500.17333984375,507.9033203125,499.0500081380208,505.6766662597656,2489833.3333333335,306.73745130494575,309.897566812111,304.90790061478225,308.9328918457031,6046633.333333333,1457.3429901327552,1462.0135123325201,1423.3092384922825,1439.8009440104167,1468066.6666666667,1008.2902750839306,1012.6206411646365,997.1397881289556,1000.9376220703125,1645333.3333333333,148.3133307367,149.86942933194345,146.63472179039445,147.42933146158853,13872500.0,198.30999755859375,201.02999877929688,196.53333028157553,197.8233388264974,7513666.666666667,141.82000223795572,144.49000549316406,140.31666056315103,143.09666951497397,33742666.666666664,225.55946528449914,227.29614605374658,223.95204602323668,224.76734924316406,7287700.0,51.83069935468105,52.51713142028294,51.59525630653406,52.16562525431315,28784266.666666668,7.0397825333065125,7.101364442630426,6.965235872745545,7.033300081888835,225617069.33333334,9.713333447774252,9.806666374206543,9.636666615804037,9.700000127156576,51953833.666666664,333.11476541487764,335.8244318024558,330.5076521650468,331.0138448079427,3273900.0,282.07666015625,285.2899983723958,279.1266682942708,284.5733337402344,6699633.333333333,343.1333414713542,350.46999104817706,330.7200012207031,339.02333577473956,60929100.0,79.17733103862663,80.25782110350727,78.85914790877598,79.72420247395833,18549466.666666668,148.9499969482422,150.6066640218099,147.48666381835938,148.32666015625,10706333.333333332,354.7666727701823,357.08665974934894,349.7633463541667,354.76999918619794,7688933.333333333,184.18302786059863,186.016233071142,181.84774808503323,183.24495442708334,10433300.0,172.4685195186209,173.64474290806578,169.73602172598234,171.07278442382812,4500733.333333333,76.70999908447266,76.81000010172527,75.6566670735677,75.83666737874348,14544366.666666666,88.6566670735677,89.57666778564453,87.56333414713542,88.51000213623047,15530300.0,187.17079779354822,189.0606457504749,186.53753815932495,188.46385192871094,4285933.333333333,505.6800028483073,523.2366536458334,503.13332112630206,515.2799987792969,39325733.333333336,,,,,,,1247458.0943624284,1291784.0159954499,1230127.658295246,1268454.5833333333,4084667.6666666665,188.99000040690103,190.37333170572916,187.31999715169272,188.25666300455728,2197433.3333333335,832.9266764322916,837.1800130208334,820.0299886067709,829.4566446940104,2075766.6666666667,193.0366668701172,194.0,192.1066640218099,192.22000122070312,526500.0,228.92510696794577,230.11965877893056,224.75910331894778,227.68424479166666,8646100.0
2026-04-27,469.79998779296875,475.5,469.3500061035156,472.80999755859375,4888000.0,348.31036376953125,350.688937144481,340.6050096635064,343.6731704622599,17443000.0,420.4800109863281,422.75,414.6300048828125,418.20001220703125,17451600.0,413.75,414.5,400.3999938964844,404.9800109863281,16561200.0,265.84505761361925,268.1129570778125,264.8260075108844,267.3636474609375,41466800.0,671.0,682.5,670.8400268554688,678.6199951171875,12805200.0,876.6209957110293,889.6685430796404,866.5483079089853,866.7779541015625,2700300.0,26.783676639454193,26.981195242353945,26.744171788657265,26.921939849853516,11695029.0,209.4059296471886,216.5775789683675,207.13858324348888,216.3578338623047,187172400.0,421.46715688013995,426.1869149113369,416.1686352924954,423.9018859863281,30867300.0,263.4599914550781,264.1499938964844,260.3399963378906,261.1199951171875,44906800.0,372.0899963378906,380.7799987792969,364.0199890136719,378.6700134277344,66735800.0,306.8800048828125,312.5799865722656,306.8800048828125,311.6300048828125,7925300.0,60.345777592256454,60.61266355094002,60.0690086443005,60.32600784301758,3781600.0,129.37309399779951,129.5627345211589,127.1573290666003,127.34696197509766,17029500.0,220000.0,226000.0,218500.0,224500.0,22870374.0,172.5800018310547,173.5500030517578,167.89999389648438,172.9600067138672,21616600.0,465.6569421172076,466.64089762088895,458.91684091140246,459.95001220703125,373342.0,6.885398349792532,6.934439835791183,6.7676993446288956,6.787315845489502,242216623.0,133.0,133.40499877929688,132.08999633789062,132.52000427246094,6462100.0,92.05000305175781,92.83999633789062,91.30000305175781,91.37000274658203,29707400.0,500.760009765625,509.04998779296875,500.760009765625,506.42999267578125,2531300.0,306.8738424172374,310.17699235362977,305.42682995132543,309.0093994140625,6261500.0,1457.8399658203125,1458.300048828125,1415.68994140625,1432.43994140625,1326200.0,1007.1685723497319,1012.9401658520077,995.1859594890318,996.56396484375,1620400.0,148.15441024053547,150.16078107497748,146.97243044995622,147.19094848632812,13940800.0,198.0,201.4199981689453,196.22999572753906,197.3800048828125,7467600.0,141.25,145.07000732421875,141.00999450683594,143.10000610351562,31275400.0,224.47901697917217,226.60677952616038,223.0671385761741,224.0514678955078,7897800.0,51.721268476148595,52.65640830630103,51.56209565835713,52.35795974731445,28043700.0,7.059229448946021,7.117570130716172,7.000888303525348,7.0203351974487305,212671666.0,9.720000267028809,9.819999694824219,9.630000114440918,9.680000305175781,50688828.0,331.9898736755333,334.8682776929053,329.6672981460519,329.8260803222656,3282900.0,282.80999755859375,284.8699951171875,280.1000061035156,284.55999755859375,5213300.0,346.32000732421875,349.2099914550781,328.80999755859375,334.6300048828125,50585300.0,78.93869599871927,80.43016904202953,78.88897719619925,80.10204315185547,20114400.0,147.4199981689453,149.6999969482422,147.4199981689453,148.39999389648438,9166400.0,354.69000244140625,356.489990234375,348.95001220703125,353.9100036621094,7256100.0,184.50012688680462,186.66033377235166,182.00299437739048,183.10292053222656,10836600.0,172.64871621357216,174.05429004026004,170.28973027820896,170.4764862060547,3327900.0,76.70999908447266,76.70999908447266,75.4000015258789,75.44000244140625,15812200.0,89.27999877929688,89.5,87.63999938964844,88.26000213623047,13810500.0,186.86577172565896,189.5712336962327,186.74641801958916,189.16342163085938,4163600.0,510.55999755859375,531.3599853515625,510.0199890136719,524.5599975585938,41298800.0,,,,,,,1252790.5201238391,1316779.8204334367,1248791.1888544892,1291784.0,4563073.0,188.91000366210938,190.58999633789062,187.1999969482422,187.50999450683594,2102000.0,829.760009765625,836.02001953125,816.719970703125,828.7899780273438,1986700.0,193.0,194.0,192.05999755859375,192.1699981689453,491800.0,228.26993170333623,229.62993248223347,225.46060648799136,226.38381958007812,8060700.0
2026-04-28,476.7900085449219,479.7699890136719,475.6700134277344,478.1600036621094,4902400.0,347.2909851074219,349.6895354514848,344.0729206585439,346.7113473864688,18502300.0,400.30999755859375,405.80999755859375,394.6499938964844,399.8299865722656,25519200.0,392.1199951171875,397.8699951171875,384.70001220703125,392.3399963378906,14715800.0,272.0893199684016,272.97851539952296,268.4127145556596,270.4608154296875,40018900.0,674.239990234375,678.1799926757812,665.6300048828125,671.3400268554688,10606800.0,870.4016800589637,876.6409395474864,861.8663243344502,872.498046875,2561300.0,26.961443512348335,27.15896400403752,26.961443512348335,27.11945915222168,10702351.0,209.24613572912838,214.4800260296235,207.95762889823203,212.92184448242188,180275400.0,423.6524179624475,428.99086152362304,420.9881750222059,428.3222961425781,30438100.0,258.3900146484375,261.0299987792969,256.6300048828125,259.70001220703125,42204400.0,374.67999267578125,382.2900085449219,372.5400085449219,376.0199890136719,50864400.0,315.20001220703125,315.45001220703125,311.1700134277344,311.45001220703125,7398600.0,59.75270137261883,60.009700576388575,59.60443013575932,59.8416633605957,2980500.0,129.0936285622354,129.52281741453146,126.53850730580689,127.34696197509766,16341800.0,224000.0,226000.0,221500.0,222000.0,18444490.0,162.16000366210938,168.6999969482422,162.0500030517578,165.9600067138672,33716500.0,461.0,464.5,454.75,454.75,507456.0,6.7676991786878276,6.855973196548978,6.73827419427127,6.846165180206299,260971850.0,129.5,130.9199981689453,128.9499969482422,130.85000610351562,6088100.0,91.5,92.33999633789062,90.0199966430664,92.2699966430664,33418100.0,512.25,517.0,507.239990234375,507.6199951171875,3892500.0,311.55411993872787,313.31045806908014,308.1012562023077,308.66009521484375,8839900.0,1389.72998046875,1398.6300048828125,1364.81005859375,1384.56005859375,1926900.0,1009.0158553801372,1011.1827550614909,984.5713449397557,992.5597534179688,1776000.0,150.50842941760018,151.2831696813456,148.8198933339478,149.5449676513672,15173600.0,198.6699981689453,199.17999267578125,196.44000244140625,197.69000244140625,6313100.0,142.3000030517578,143.85000610351562,140.4199981689453,141.17999267578125,24757200.0,226.42780279148377,229.70893595019464,225.0755788606257,226.48745727539062,7179800.0,52.7459457444094,53.15382634644829,52.35796221990648,52.3878059387207,21164100.0,6.981441497802734,7.030058965050669,6.864760132788328,6.981441497802734,339457439.0,9.65999984741211,9.8100004196167,9.619999885559082,9.800000190734863,79302351.0,331.9600858337338,333.4290480867068,324.9228430841418,326.6101989746094,4279300.0,283.3699951171875,289.4100036621094,280.54998779296875,289.20001220703125,8417200.0,311.8599853515625,327.5,310.0,323.2099914550781,43002500.0,80.85772032928767,81.48413624070253,80.47988324421543,81.03669738769531,14826700.0,150.02999877929688,151.19000244140625,148.42999267578125,149.1699981689453,7965700.0,366.7699890136719,369.6300048828125,355.7200012207031,356.8399963378906,10604100.0,186.57116067068722,188.2359207743675,184.85686646559407,186.6504364013672,10754900.0,171.05640135143045,172.55043377520644,170.1914328432338,170.525634765625,2760500.0,79.5199966430664,80.31999969482422,78.08000183105469,78.3499984741211,30710700.0,88.55000305175781,88.55000305175781,85.77999877929688,86.86000061035156,16889300.0,190.28738718609648,191.62022083425984,187.65155831642815,189.34246826171875,4107100.0,503.5400085449219,518.8300170898438,488.2300109863281,504.2900085449219,44816600.0,,,,,,,1312780.45125,1327777.943076923,1295783.293846154,1299782.625,3002713.0,186.91000366210938,187.97999572753906,185.41000366210938,186.67999267578125,2837100.0,814.3499755859375,825.0,805.0,817.8699951171875,1875600.0,194.25,194.30999755859375,192.39999389648438,192.97999572753906,277400.0,228.81592097932304,231.85356158480724,226.79083229143535,231.3373565673828,5162900.0
2026-04-29,476.45001220703125,477.9700012207031,474.510009765625,475.3800048828125,3175600.0,347.1011047363281,353.1874381893852,342.22403497775565,345.27221882647495,22232200.0,403.5,405.6400146484375,396.7799987792969,405.45001220703125,15962500.0,392.9100036621094,395.8500061035156,388.17999267578125,393.8299865722656,10313000.0,267.3037117460274,270.7905199823619,266.7942019267937,269.92132568359375,30047900.0,668.9099731445312,674.25,663.8099975585938,669.1199951171875,18947500.0,864.5517248180772,867.5266452462313,849.0484441524184,849.7472534179688,3904600.0,27.09970714567847,27.23797035217285,27.040449871156667,27.23797035217285,13035146.0,212.4523894424142,212.47237042757808,207.33835459433345,209.00640869140625,123711800.0,423.6623688360089,425.8975483734993,419.38166246548025,423.5426330566406,38288300.0,257.989990234375,265.9100036621094,257.70001220703125,263.0400085449219,72367900.0,375.3999938964844,376.3999938964844,370.0400085449219,372.79998779296875,45384800.0,310.57000732421875,312.04998779296875,307.2900085449219,309.25,8031800.0,60.24693208117053,60.24693208117053,59.47592695048518,59.57477569580078,4055500.0,126.43870579994015,127.83604066435157,125.6701758126882,127.76616668701172,16538800.0,219500.0,228000.0,218500.0,226000.0,20363756.0,164.0399932861328,164.75999450683594,160.64999389648438,163.8300018310547,20587500.0,452.6000061035156,453.3500061035156,445.3999938964844,448.45001220703125,482053.0,6.836356967229794,6.865781952813047,6.7186579602853405,6.80693244934082,318561181.0,131.9499969482422,132.02999877929688,129.9600067138672,130.42999267578125,6386000.0,91.2300033569336,92.86000061035156,90.86000061035156,92.12000274658203,26122100.0,529.989990234375,534.2100219726562,520.8900146484375,525.22998046875,5876700.0,335.70405894620507,341.27253225190367,333.09947305974015,334.167236328125,16658600.0,1386.7099609375,1399.699951171875,1374.9200439453125,1394.0799560546875,1256500.0,986.9378977858162,997.5225145518541,983.6926068688012,997.2229614257812,1516900.0,150.99512988770653,153.90536941024126,149.99192931237258,153.62725830078125,14669100.0,192.0,205.8300018310547,190.75,203.88999938964844,10406300.0,139.75999450683594,139.75999450683594,134.67999267578125,137.97000122070312,33348100.0,224.2304350257485,227.4021963844683,223.57420539879897,226.0499725341797,7071100.0,52.158995619268524,52.74594612842505,51.56209846876134,52.60667037963867,26250700.0,6.981441409601964,7.049505770159068,6.952271300542151,7.0203351974487305,389176773.0,9.789999961853027,9.890000343322754,9.65999984741211,9.8100004196167,132938028.0,323.23552662924203,323.4141792936507,316.67472107601805,320.40673828125,4150000.0,287.2099914550781,289.94000244140625,279.5899963378906,283.57000732421875,9819400.0,326.5799865722656,340.1700134277344,318.8599853515625,337.1099853515625,44704400.0,80.77817672610148,81.53385851446866,80.24124552800038,81.04664611816406,19930700.0,148.3000030517578,148.75,145.88999938964844,146.4600067138672,9002400.0,370.739990234375,370.8399963378906,365.010009765625,366.0,9046600.0,188.40437540590972,190.8717663638145,187.7800884790666,190.47540283203125,8644600.0,168.56963035517543,168.63844148500465,166.19098197733686,167.1935577392578,3350800.0,78.37000274658203,79.27999877929688,78.19000244140625,78.87000274658203,18294700.0,87.31999969482422,89.62999725341797,86.83999633789062,89.56999969482422,15427900.0,188.99433279715504,189.4916601437709,184.25978192117353,186.0800018310547,5107600.0,526.0,531.02001953125,508.79998779296875,518.4600219726562,36248500.0,,,,,,,1283785.3793503481,1316779.8633990719,1280785.880800464,1292783.875,3001208.0,183.92999267578125,187.0,181.72999572753906,185.1999969482422,4442800.0,822.9299926757812,823.2100219726562,809.0999755859375,810.0499877929688,2566300.0,192.91000366210938,193.02999877929688,191.1999969482422,191.25999450683594,278600.0,228.65708356066193,229.78875387342674,225.162812331921,225.44076538085938,6443700.0
2026-04-30,473.4599914550781,477.54998779296875,470.8900146484375,473.6000061035156,5109300.0,381.71026611328125,382.3998535192728,362.87159825964693,371.0316955643996,44570500.0,415.5199890136719,418.3800048828125,404.2300109863281,417.42999267578125,21821600.0,397.80999755859375,398.7900085449219,385.7099914550781,396.05999755859375,12788100.0,270.25102650288807,275.7459641951834,267.893213328058,271.1002502441406,91848200.0,619.3200073242188,620.8499755859375,600.0,611.9099731445312,52765000.0,897.2355055865567,943.8751895675202,895.2588667183905,932.993896484375,8236700.0,27.257723424360524,27.61325766146041,27.23797099905082,27.415739059448242,19103805.0,209.68560172993963,210.05518135667162,198.46867945247158,199.33767700195312,225239200.0,409.92216255995794,413.5243765293071,397.1498378648014,406.8987121582031,70909400.0,273.1700134277344,273.8800048828125,256.1600036621094,265.05999755859375,100974900.0,372.75,384.75,368.1700134277344,381.6300048828125,51076000.0,307.07000732421875,314.1000061035156,306.57000732421875,313.2300109863281,8865400.0,59.36719863712437,60.34577670047538,59.20904441624471,60.316123962402344,3006800.0,127.77615492489326,132.17774329103938,127.70628094889952,131.67869567871094,19867700.0,229000.0,230000.0,220500.0,220500.0,22161975.0,162.02000427246094,165.17999267578125,160.3300018310547,161.38999938964844,21016400.0,444.8500061035156,452.29998779296875,440.0,451.3999938964844,663061.0,6.787315845489502,6.865781848931926,6.728466342907684,6.787315845489502,360743784.0,130.14999389648438,132.63999938964844,129.35000610351562,131.8800048828125,7416600.0,91.3499984741211,94.22000122070312,90.7699966430664,93.61000061035156,40923000.0,504.5,514.1500244140625,498.9599914550781,502.9200134277344,5975100.0,331.4329052084062,331.8121239370452,327.401254633927,329.1576232910156,11241100.0,1414.3399658203125,1446.6500244140625,1395.0,1438.989990234375,1414400.0,995.0062379640076,1016.2154531966797,994.8764214475948,1013.06005859375,2049300.0,151.4023509728099,154.6403826360389,150.3197030948466,153.28955078125,22885900.0,209.0,214.8699951171875,208.1699981689453,211.32000732421875,10319200.0,138.47500610351562,140.1999969482422,136.64999389648438,139.11000061035156,32523600.0,226.64654568129225,229.83819710946466,226.5073468285346,228.5356903076172,8157200.0,52.33806512139223,53.382637024245895,51.88044372318655,53.18367004394531,27089200.0,6.932824838219039,7.030059313889249,6.816143467414786,6.835590362548828,473345025.0,9.800000190734863,10.0,9.789999961853027,9.949999809265137,156844295.0,319.84098255164037,327.66232248650493,319.84098255164037,326.3521423339844,4317900.0,285.010009765625,291.57000732421875,284.8299865722656,289.92999267578125,7603400.0,341.3599853515625,354.9599914550781,332.6000061035156,354.489990234375,42115300.0,80.36056214147604,82.16027040468467,79.55516917701671,81.7625503540039,13535900.0,147.08999633789062,147.72000122070312,145.9499969482422,147.08999633789062,9491700.0,370.4800109863281,371.989990234375,363.0,368.510009765625,6879900.0,188.5232865258205,192.36807639306912,186.78916956697591,191.55551147460938,11748600.0,167.6555270345518,168.85466744984575,165.76832031990145,166.59397888183594,3158200.0,78.80000305175781,79.12000274658203,78.33000183105469,78.76000213623047,15142200.0,89.81999969482422,91.66999816894531,89.31999969482422,91.5,21686700.0,185.60000610351562,190.72999572753906,184.89999389648438,190.58999633789062,5664900.0,529.739990234375,535.5,502.5799865722656,517.1599731445312,36554400.0,,,,,,,1311780.6531881804,1324778.4797822705,1285785.0,1285785.0,3342342.0,188.47000122070312,190.0,186.8699951171875,187.3699951171875,2797300.0,856.6300048828125,896.97998046875,850.7999877929688,890.1099853515625,5203300.0,190.91000366210938,193.27000427246094,190.30999755859375,192.6199951171875,412600.0,224.8749199003804,229.90788461618752,223.25682419811181,229.2924041748047,6283300.0
2026-05-01,475.0799865722656,479.1000061035156,473.0,473.010009765625,4818300.0,382.989501953125,383.15941312113796,375.0342982758103,377.7526634694606,28047900.0,415.0899963378906,423.1700134277344,413.2799987792969,421.2799987792969,11882600.0,393.44000244140625,403.989990234375,392.1300048828125,397.6700134277344,9926400.0,278.6032901046287,286.95561044034525,278.1137509144006,279.88214111328125,79915400.0,614.6900024414062,618.8800048828125,606.1099853515625,608.75,21404000.0,947.319267312977,982.75826152448,942.1780930763838,961.674560546875,4352400.0,27.29064319246921,27.534249530848186,27.1984664661978,27.33014678955078,14826917.0,201.0456862731779,202.76368521944246,196.89052532216473,198.21897888183594,128647000.0,411.9078412872606,416.2085240460113,409.5529563541748,413.5443115234375,31372400.0,265.5799865722656,273.32000732421875,262.739990234375,268.260009765625,50825200.0,382.489990234375,397.82000732421875,378.79998779296875,390.82000732421875,65338300.0,313.95001220703125,316.0799865722656,311.8299865722656,312.4700012207031,6135400.0,60.22716311249648,60.65220329612577,60.20739336317719,60.494049072265625,2111000.0,131.6687172620817,133.11595225949642,130.73050533514794,131.34933471679688,10480900.0,228750.0,230625.0,221375.0,223500.0,24851685.25,166.4199981689453,174.3000030517578,166.14999389648438,171.8300018310547,26318000.0,447.0125045776367,453.06249237060547,440.8000030517578,449.7874984741211,657282.0,6.785681046239244,6.851069382441264,6.7153886247724515,6.777507543563843,363259389.8333333,131.7550048828125,133.14999389648438,131.36000061035156,131.5,6199300.0,94.41999816894531,94.69999694824219,91.9000015258789,92.05999755859375,30406900.0,506.0,509.0,492.1499938964844,495.4599914550781,4531800.0,332.19135193962137,335.1552089039801,327.2515801808754,327.35137939453125,6726100.0,1428.2900390625,1444.1500244140625,1414.0,1427.02001953125,707100.0,1015.3800048828125,1031.27001953125,1006.3200073242188,1011.7000122070312,1509700.0,151.5811440344586,153.96495780190406,150.11112604973115,151.72019958496094,15458200.0,211.0,211.0,205.57000732421875,206.60000610351562,6343100.0,143.25,146.44000244140625,141.38999938964844,144.07000732421875,33219900.0,227.75018650912293,228.4561332620675,225.72185831412563,225.89088439941406,6863600.0,53.41248037660523,53.7805706158788,52.81558323477809,52.96480941772461,24825000.0,6.962118676347995,7.035044533100653,6.837107624402948,6.856692790985107,380587127.25,9.823333422342936,9.989999930063883,9.776666641235352,9.924999872843424,147001085.33333334,327.64247502508795,328.05933124322655,320.9526324317562,321.4687805175781,3865300.0,289.04998779296875,291.760009765625,286.239990234375,286.510009765625,3782900.0,351.8699951171875,362.7900085449219,349.25,360.5400085449219,34279200.0,81.78243290551069,82.1901058172125,80.35061645507812,80.35061645507812,14632700.0,147.8699951171875,149.27999877929688,146.4600067138672,147.25999450683594,6814800.0,368.7799987792969,372.8999938964844,367.0199890136719,371.9599914550781,4945400.0,189.56375855430028,192.32842977867818,188.0278233761793,188.89984130859375,10435900.0,169.69015170292053,170.84999719721964,166.6038045373721,167.84226989746094,2920000.0,79.29000091552734,79.63999938964844,78.04000091552734,78.58000183105469,12610400.0,91.75,92.91999816894531,91.16000366210938,91.8499984741211,16095700.0,190.49000549316406,193.5,188.77000427246094,190.1699981689453,4742700.0,511.7799987792969,545.9099731445312,510.2099914550781,542.2100219726562,40215300.0,,,,,,,1318529.534358136,1356023.265719564,1297533.0452012785,1326028.28125,3950916.75,185.4499969482422,187.17999267578125,184.00999450683594,184.74000549316406,1793600.0,896.8400268554688,905.0,879.5800170898438,889.6699829101562,2376500.0,191.0,191.89999389648438,188.7100067138672,188.7100067138672,441600.0,232.83633072056898,234.22609596315004,230.05678508810178,230.5034942626953,3582100.0
2026-05-03,473.7133280436198,479.6133321126302,468.19333902994794,470.01666259765625,6203033.333333333,380.6042887369792,383.6857574470403,376.0403545293943,380.64426311447374,21532633.333333332,417.1766662597656,423.60999552408856,410.7799987792969,418.0933329264323,14054466.666666666,400.82666015625,406.4633382161458,394.1766764322917,400.2966613769531,9961133.333333334,279.1361479391013,282.5663269412527,275.7759016106263,277.677490234375,57750733.33333333,610.1900024414062,615.6266682942709,603.8699951171875,609.8566487630209,17937266.666666668,954.6732871991723,975.9499749562665,947.4756755858893,964.7359619140625,3915400.0,27.356482728686586,27.376233269623743,27.119457400491758,27.15896224975586,6273141.0,199.8603945590642,201.91799396802557,195.3057055228915,198.23894755045572,126461066.66666667,411.0696690560492,418.6499104073862,409.79242647201704,412.9988199869792,29168466.666666668,267.7266540527344,275.17333984375,266.7799886067708,270.7866617838542,49664200.0,387.65000406901044,395.70001220703125,382.79998779296875,391.94667561848956,54289500.0,311.73000081380206,312.4599914550781,308.28333536783856,309.2566630045573,6937266.666666667,59.94380138985009,60.21727726076897,59.673619853992086,59.98004404703776,3223800.0,130.66397644727684,132.03801743869343,129.86549213659183,130.50428263346353,10387433.333333334,228250.0,231875.0,223125.0,229500.0,30231105.75,172.82000223795572,180.43333435058594,171.5566609700521,177.4699961344401,31109000.0,451.3375015258789,454.5875015258789,442.40000915527344,446.56250762939453,645724.0,6.7824114477387285,6.82164444945994,6.689233188501988,6.757890939712524,368290601.5,133.23833211263022,135.12666829427084,132.6266632080078,132.68000284830728,7611233.333333333,92.87333170572917,93.12000020345052,91.22666676839192,91.36666361490886,27421500.0,498.6666666666667,507.86000569661456,493.30333455403644,501.6466573079427,4457200.0,328.94474594446194,331.1235685500837,325.56840383489333,326.56634521484375,6716966.666666667,1410.6100260416667,1426.0966389973958,1382.5266927083333,1399.8133138020833,1406166.6666666665,1009.8066813151041,1026.9033203125,1003.5800170898438,1012.4266560872396,1489500.0,151.62087596173617,153.6073925244668,149.04503159101768,152.34264628092447,14645066.666666666,207.47333780924478,209.2266642252604,205.10333251953125,207.64000447591147,5167233.333333333,146.25,148.57333374023438,143.94667053222656,145.37666829427084,58090566.66666667,225.39705602508556,226.66643321217296,223.44164218936663,223.90895080566406,7764666.666666667,53.00128487658538,53.123981623009904,52.092673167563284,52.268426259358726,36894333.333333336,7.020706352605908,7.04501497152346,6.87903593837927,6.898897647857666,195071331.75,9.869999885559082,9.96999979019165,9.75,9.875,127314666.0,322.33560701709024,322.4745590898031,313.6077466374878,313.8856709798177,5552500.0,287.2833251953125,290.48000081380206,281.68666585286456,282.51666259765625,5349700.0,357.4966634114583,362.16334025065106,342.2166748046875,347.8733418782552,39426533.333333336,80.6754322412155,81.00355811771031,79.27013142903645,79.27013142903645,13523433.333333334,146.663330078125,147.13333129882812,144.33333841959634,144.6999969482422,8700133.333333334,370.0933329264323,371.5199890136719,365.4399922688802,369.68665568033856,4926400.0,189.26647759765012,192.07739669250046,186.85192204343068,189.9898478190104,8964966.666666666,169.349406320877,170.96139354103266,167.75708656963783,168.2747548421224,2984066.6666666665,78.46999867757161,79.05999755859375,77.83333587646484,78.32000223795573,12651733.333333334,91.81666564941406,93.03999837239583,91.1800028483073,92.36999766031902,13821766.666666666,190.11666361490884,191.4000040690104,187.6699981689453,188.72999572753906,4136233.333333333,544.326649983724,577.1699829101562,541.9100036621094,565.0366821289062,44100900.0,,,,,,,1332027.2966980473,1418512.837594151,1321029.1356038356,1406514.84375,5168066.25,184.72333272298178,185.85333251953125,183.20333353678384,183.8866729736328,1377933.3333333335,890.4666951497396,896.8933512369791,872.9200236002604,879.7433471679688,2572100.0,190.16000366210938,191.04666137695312,188.29000345865884,188.4366709391276,378066.6666666667,231.1487452427185,232.99515120671393,227.98535685948596,228.70340474446616,3862766.6666666665
2026-05-04,473.0299987792969,479.8699951171875,465.7900085449219,468.5199890136719,6895400.0,379.41168212890625,383.94892960999147,376.5433826561863,382.0900629369803,18275000.0,418.2200012207031,423.8299865722656,409.5299987792969,416.5,15140400.0,404.5199890136719,407.70001220703125,395.20001220703125,401.6099853515625,9978500.0,279.4025768563376,280.3716851917065,274.60697695873915,276.5751647949219,46668400.0,607.9400024414062,614.0,602.75,610.4099731445312,16203900.0,958.3502971422698,972.5458316721597,950.1244668406421,966.2666625976562,3696900.0,27.15896224975586,27.15896224975586,27.15896224975586,27.15896224975586,0.0,199.26774870200734,201.49514834231712,194.51329562325486,198.24893188476562,125368100.0,410.6505829404435,419.87060358807366,409.91216153093814,412.72607421875,28066500.0,268.79998779296875,276.1000061035156,268.79998779296875,272.04998779296875,49083700.0,390.2300109863281,394.6400146484375,384.79998779296875,392.510009765625,48765100.0,310.6199951171875,310.6499938964844,306.510009765625,307.6499938964844,7338200.0,59.80212052852689,59.99981424309057,59.40673309939954,59.72304153442383,3780200.0,130.1616060398744,131.49905002829192,129.43298553731375,130.08175659179688,10340700.0,228000.0,232500.0,224000.0,232500.0,32920816.0,176.02000427246094,183.5,174.25999450683594,180.2899932861328,33504500.0,453.5,455.3500061035156,443.20001220703125,444.95001220703125,639945.0,6.78077664848847,6.806931982969279,6.676155470366756,6.748082637786865,370806207.3333333,133.97999572753906,136.11500549316406,133.25999450683594,133.27000427246094,8317200.0,92.0999984741211,92.33000183105469,90.88999938964844,91.0199966430664,25928800.0,495.0,507.2900085449219,493.8800048828125,504.739990234375,4419900.0,327.32144294688226,329.1077483731355,324.72681566190226,326.173828125,6712400.0,1401.77001953125,1417.0699462890625,1366.7900390625,1386.2099609375,1755700.0,1007.02001953125,1024.719970703125,1002.2100219726562,1012.7899780273438,1479400.0,151.64074192537495,153.42860988574816,148.51198436166095,152.65386962890625,14238500.0,205.7100067138672,208.33999633789062,204.8699951171875,208.16000366210938,4579300.0,147.75,149.63999938964844,145.22500610351562,146.02999877929688,70525900.0,224.22049078306688,225.7715831872257,222.30153412698715,222.91798400878906,8215200.0,52.79568712657546,52.79568712657546,51.731218133955885,51.92023468017578,42929000.0,7.050000190734863,7.050000190734863,6.900000095367432,6.920000076293945,102313434.0,9.893333117167154,9.959999720255533,9.736666679382324,9.850000063578287,117471456.33333333,319.6821730130914,319.6821730130914,309.9353037403536,310.0941162109375,6396100.0,286.3999938964844,289.8399963378906,279.4100036621094,280.5199890136719,6133100.0,360.30999755859375,361.8500061035156,338.70001220703125,341.5400085449219,42000200.0,80.12193190906791,80.41028426795921,78.72988891601562,78.72988891601562,12968800.0,146.05999755859375,146.05999755859375,143.27000427246094,143.4199981689453,9642800.0,370.75,370.8299865722656,364.6499938964844,368.54998779296875,4916900.0,189.11783711932506,191.95188014941158,186.26397137705635,190.53485107421875,8229500.0,169.17903362985524,171.0170917129392,168.3337275857707,168.49099731445312,3016100.0,78.05999755859375,78.7699966430664,77.7300033569336,78.19000244140625,12672400.0,91.8499984741211,93.0999984741211,91.19000244140625,92.62999725341797,12684800.0,189.92999267578125,190.35000610351562,187.1199951171875,188.00999450683594,3833000.0,560.5999755859375,592.7999877929688,557.760009765625,576.4500122070312,46043700.0,,,,,,,1338776.1778680028,1449757.6235314445,1332777.180805114,1446758.125,5776641.0,184.36000061035156,185.19000244140625,182.8000030517578,183.4600067138672,1170100.0,887.280029296875,892.8400268554688,869.5900268554688,874.780029296875,2669900.0,189.74000549316406,190.6199951171875,188.0800018310547,188.3000030517578,346300.0,230.30495250379326,232.37967882849586,226.94964274517807,227.80335998535156,4003100.0
2026-05-05,468.5299987792969,469.6600036621094,464.3399963378906,465.5199890136719,5372700.0,384.0388488769531,388.72603026067463,380.1212238542502,381.6402985876544,15432500.0,421.6600036621094,433.3900146484375,419.3500061035156,427.3599853515625,21175200.0,404.6000061035156,406.1300048828125,392.6000061035156,394.4100036621094,14579000.0,276.6750995896243,284.30808218316156,276.2455026895375,283.9184265136719,49311700.0,613.3099975585938,614.3499755859375,600.3599853515625,604.9600219726562,17171300.0,970.219853370513,991.0938934084766,962.7526660738614,987.170654296875,2955500.0,27.29722646802796,27.43549156188965,27.21821865026198,27.43549156188965,10638747.0,199.06798360144137,200.00689171848026,195.80178617585554,196.271240234375,113406600.0,414.42242364358015,415.8792597859335,407.916495085617,410.4909362792969,25700900.0,276.0799865722656,278.55999755859375,272.3800048828125,273.54998779296875,41908500.0,395.19000244140625,402.1199951171875,389.0,389.3699951171875,47780600.0,307.7099914550781,310.9700012207031,306.79998779296875,309.3999938964844,6316800.0,59.80212089328147,59.98992784938078,59.505582204974246,59.64396667480469,2159300.0,130.26139760263393,131.47907495130153,130.0518061416393,130.54086303710938,10637300.0,241000.0,251250.0,237500.0,249250.0,43009406.0,182.1300048828125,186.52000427246094,179.0,185.35000610351562,23497200.0,442.04998779296875,453.1499938964844,441.25,450.95001220703125,467424.0,6.779141849238213,6.7922195164786165,6.6630777522315245,6.738274335861206,373321813.1666667,134.625,134.72000122070312,132.1699981689453,132.25999450683594,6919300.0,91.18000030517578,91.27999877929688,87.56999969482422,87.88999938964844,51961300.0,501.0299987792969,503.8800048828125,493.260009765625,497.0799865722656,4216700.0,324.4373840973491,324.90641295969726,318.9886885029524,321.36376953125,5893200.0,1432.4200439453125,1454.800048828125,1414.3900146484375,1442.9200439453125,1621400.0,1010.510009765625,1020.780029296875,1009.0700073242188,1016.4199829101562,1456300.0,152.06784743638346,154.24307032010233,151.3824968040683,153.83584594726562,12494600.0,208.97000122070312,209.52000427246094,205.8300018310547,206.11000061035156,4490500.0,140.2949981689453,142.97999572753906,134.72000122070312,135.91000366210938,89747100.0,224.10118043151417,225.23466110768987,223.61397687442042,224.26026916503906,5556700.0,52.29826833008866,53.08418577542075,52.009766412944586,52.84542465209961,28458600.0,6.889999866485596,6.920000076293945,6.809999942779541,6.900000095367432,130568801.0,9.916666348775228,9.949999650319418,9.723333358764648,9.825000127156576,107628246.66666666,311.07673168078134,315.26531587428565,308.0891308088343,313.07177734375,6391400.0,282.4800109863281,290.6600036621094,281.6099853515625,286.67999267578125,6401100.0,351.510009765625,359.57000732421875,344.8800048828125,355.260009765625,64235100.0,78.94863965737825,79.65460263974457,78.560857280952,79.43585205078125,11379900.0,143.3800048828125,145.89999389648438,142.17999267578125,144.89999389648438,7664300.0,363.8699951171875,371.79998779296875,361.80999755859375,370.4800109863281,6489000.0,189.48447612992996,191.9122367475119,188.72146046601586,190.89158630371094,5642800.0,171.02000427246094,173.11000061035156,168.89999389648438,172.38999938964844,2943100.0,78.19000244140625,78.77999877929688,77.73999786376953,78.4800033569336,11637500.0,93.81999969482422,94.72000122070312,93.37999725341797,94.30000305175781,13456200.0,189.33999633789062,190.4499969482422,187.9499969482422,189.25,4807900.0,609.780029296875,651.739990234375,605.469970703125,640.2000122070312,64268500.0,,,,,,,1464255.1958203223,1531743.9127182518,1444758.4554478412,1523745.25,6204287.5,181.47999572753906,181.97999572753906,180.0,181.24000549316406,2459800.0,888.0999755859375,908.9000244140625,888.0999755859375,904.5900268554688,2581100.0,188.92999267578125,190.5,188.75999450683594,189.99000549316406,351100.0,228.47840777240853,229.31226692587666,225.49038975152328,227.35665893554688,4221900.0
2026-05-06,466.010009765625,470.6300048828125,465.6400146484375,469.8299865722656,5698900.0,394.90234375,396.14158814851396,386.86717115178936,389.3556636937157,23097300.0,435.55999755859375,437.67999267578125,417.7799987792969,425.44000244140625,20707000.0,402.3999938964844,419.70001220703125,400.6499938964844,419.5,17736400.0,281.66051049385584,287.76487170009636,280.8112868075762,287.245361328125,58336100.0,601.0499877929688,619.9500122070312,598.0999755859375,612.8800048828125,19915500.0,989.6463581052714,994.7775397290237,981.8098725641821,985.353759765625,3921200.0,27.415738225853502,27.49474604099507,26.586155225019564,26.665163040161133,21296449.0,199.65729931010404,208.0275486883452,198.37879062945476,207.5880584716797,188362800.0,407.11822745622237,417.51572107575487,404.23445872829495,413.0653381347656,30285900.0,272.8900146484375,277.79998779296875,272.2099914550781,274.989990234375,44552000.0,386.25,401.67999267578125,384.0199890136719,398.7300109863281,53465400.0,311.45001220703125,316.260009765625,311.3500061035156,314.8999938964844,8629500.0,59.23869618902909,60.37543222543083,58.57642280753502,60.09865951538086,5320500.0,130.6107426768886,130.9001835931079,129.28327419067853,129.8322296142578,16371500.0,254000.0,270000.0,251000.0,266000.0,53097996.0,186.1999969482422,194.2899932861328,182.6699981689453,194.02999877929688,27685500.0,455.0,479.8500061035156,454.1000061035156,474.0,755072.0,6.777507049987955,6.777507049987955,6.650000034096292,6.728466033935547,375837419.0,137.30499267578125,142.1999969482422,136.74000549316406,141.44000244140625,16958900.0,87.1500015258789,88.55000305175781,86.72000122070312,88.2699966430664,41932400.0,499.1400146484375,500.739990234375,489.7300109863281,491.8900146484375,4363300.0,323.08021332247415,323.9084827860181,317.3421091476348,318.14044189453125,7808400.0,1503.0899658203125,1545.52001953125,1496.0,1544.739990234375,2312400.0,1011.3099975585938,1012.22998046875,992.4199829101562,995.75,2619100.0,148.0650192907908,149.31651926928876,146.09835698125573,147.6875762939453,20527000.0,206.11000061035156,207.00999450683594,203.55999755859375,205.02999877929688,7290000.0,133.7100067138672,135.6999969482422,131.14999389648438,133.7899932861328,55524800.0,223.9619889745702,225.0457525608476,221.67513766216507,223.33558654785156,7982300.0,53.54180869421944,53.919845569135695,53.19361933244093,53.32294464111328,27541200.0,7.0,7.0,6.880000114440918,6.949999809265137,156320157.0,9.9399995803833,9.9399995803833,9.710000038146973,9.800000190734863,97785037.0,319.5630769182253,322.81865689716307,316.97252227854057,320.64495849609375,5455900.0,300.42999267578125,308.3699951171875,299.8599853515625,305.8299865722656,9168300.0,409.489990234375,430.6000061035156,402.0400085449219,421.3900146484375,87732200.0,80.33073662323298,81.01681663018766,79.89323544940405,79.96283721923828,14347500.0,146.39999389648438,148.9499969482422,145.94000244140625,147.89999389648438,9399500.0,367.2799987792969,368.54998779296875,358.25,363.1000061035156,6695500.0,183.90556695720053,185.0847688430006,181.47780637365284,183.47947692871094,11082900.0,178.58999633789062,178.58999633789062,172.47999572753906,173.1300048828125,6245900.0,78.77999877929688,79.33000183105469,78.56999969482422,79.2300033569336,14060300.0,92.63999938964844,93.41999816894531,91.0,91.63999938964844,27026600.0,192.1699981689453,194.8300018310547,192.1699981689453,193.35000610351562,6319500.0,660.3699951171875,667.6699829101562,627.5800170898438,666.5900268554688,55725800.0,,,,,,,1589734.213772642,1613730.2019050594,1556739.7300905683,1600732.375,6631934.0,184.52999877929688,185.61000061035156,183.5500030517578,184.9199981689453,1953700.0,913.5,930.5399780273438,905.3499755859375,926.9299926757812,3010600.0,194.47000122070312,195.82000732421875,194.4600067138672,195.0500030517578,342600.0,227.07870105218316,227.32687449595605,222.74063410217084,224.0906982421875,7673200.0
2026-05-07,469.260009765625,477.19000244140625,468.9700012207031,475.0799865722656,5899500.0,395.0622253417969,397.11601249324696,390.0752364541107,396.8211765082595,15153600.0,421.82000732421875,426.489990234375,406.29998779296875,412.55999755859375,22791700.0,418.0899963378906,420.0,408.1099853515625,414.1499938964844,13403200.0,289.00371711581823,291.8611003514943,285.5169394038565,287.1754150390625,45224300.0,614.719970703125,624.97998046875,613.5399780273438,616.8099975585938,12307400.0,983.6766911132756,987.3004580328533,965.4380676031924,973.2846069335938,3494900.0,26.783676432589257,26.86268424987793,26.566403522274197,26.86268424987793,12333940.0,208.0974592073836,213.95063795079753,206.25960488465944,211.2537841796875,168307900.0,419.2020489501835,427.05506598481406,417.8549909144547,419.8606262207031,34942400.0,275.0199890136719,276.6300048828125,270.489990234375,271.1700134277344,35892900.0,407.4800109863281,415.8299865722656,402.1199951171875,411.7900085449219,64294200.0,314.6499938964844,316.29998779296875,306.1400146484375,306.2699890136719,8359600.0,60.54347213222639,60.65220386916268,59.83177623278462,59.920738220214844,2976600.0,129.6525642347807,130.35124307928913,128.42491136668013,129.95199584960938,14935400.0,272000.0,277000.0,260000.0,271500.0,41404687.0,198.61000061035156,200.14999389648438,190.8000030517578,194.58999633789062,31803200.0,477.45001220703125,493.5,476.6499938964844,478.29998779296875,625472.0,6.699041097247167,6.787315581534078,6.699041097247167,6.738274097442627,238930180.0,143.76499938964844,143.9499969482422,140.44000244140625,141.0,10698800.0,88.19999694824219,89.4000015258789,88.12999725341797,88.25,30627600.0,492.70001220703125,503.5199890136719,492.70001220703125,500.94000244140625,4964100.0,318.87893543276164,323.02034370833087,318.87893543276164,320.6153259277344,7186100.0,1548.739990234375,1550.0,1497.81005859375,1516.5999755859375,1726700.0,993.5,1012.6599731445312,990.6599731445312,1012.0599975585938,2014000.0,145.81031490363108,146.08842600263094,143.2179102511608,145.591796875,22509400.0,204.9199981689453,207.0,202.02999877929688,202.7100067138672,6681100.0,135.10000610351562,140.9499969482422,134.77999877929688,137.0500030517578,50184900.0,223.49466434064516,223.49466434064516,219.36840089217355,221.23764038085938,7269700.0,53.27320482187366,53.72087957734745,52.228632922421134,52.47734069824219,28682100.0,6.96999979019165,7.03000020980835,6.929999828338623,6.989999771118164,232568463.0,9.75,9.84000015258789,9.699999809265137,9.710000038146973,65126229.0,322.5903881812466,325.05190579011315,320.0295786999413,320.238037109375,4411700.0,308.010009765625,310.0,301.8599853515625,302.6300048828125,5477800.0,417.07000732421875,421.7099914550781,401.0799865722656,408.4599914550781,44885500.0,80.23130798495731,80.54948859338123,78.24267728580179,78.71000671386719,19094800.0,147.99000549316406,147.99000549316406,146.02000427246094,146.05999755859375,9545800.0,369.739990234375,369.80999755859375,364.7200012207031,366.6400146484375,5235400.0,179.93196449269195,181.7750835608895,177.90056746328784,180.84361267089844,12194000.0,176.11000061035156,180.02999877929688,174.6199951171875,174.7100067138672,4428800.0,78.79000091552734,79.1500015258789,78.0999984741211,78.43000030517578,16531400.0,92.0,92.7300033569336,91.61000061035156,92.16000366210938,17062300.0,193.16000366210938,194.25,189.6699981689453,190.1699981689453,5761900.0,649.8300170898438,683.0900268554688,635.4199829101562,646.6300048828125,47527500.0,,,,,,,1621728.8494558646,1664721.6611245465,1566738.0438331317,1653723.5,5860618.0,184.3699951171875,184.3699951171875,181.02999877929688,182.52000427246094,2749500.0,929.9600219726562,931.3499755859375,886.8800048828125,895.6900024414062,2957300.0,191.50999450683594,191.9600067138672,189.0,189.0,573300.0,225.83783425066818,230.12627863769495,225.74849544609805,229.6199951171875,5485500.0
2026-05-08,474.8500061035156,478.8800048828125,474.4800109863281,475.94000244140625,5225600.0,396.8111877441406,398.13040116879216,393.43324621625237,394.032860955436,13762500.0,419.79998779296875,435.0,414.0,430.0,22561400.0,416.95001220703125,417.0,400.8800048828125,411.67999267578125,18531200.0,289.7430674686918,294.4886952888782,289.7330669166447,293.0500183105469,52692800.0,615.2000122070312,616.77001953125,606.0599975585938,609.6300048828125,13557000.0,972.39609732087,978.3158994826379,945.8817423190412,946.8201293945312,3559200.0,26.87585216468416,26.98119592258268,26.69808347601658,26.935108184814453,12221673.333333334,212.7820061205359,217.5464575316693,212.642169707093,214.94947814941406,136421400.0,416.48795292910256,417.7252633012779,413.105264767488,414.22283935546875,33383800.0,271.6300048828125,274.0,269.95001220703125,272.67999267578125,34732700.0,416.4800109863281,431.20001220703125,416.3900146484375,428.3500061035156,65050000.0,308.25,308.989990234375,300.5,302.1000061035156,9464300.0,59.90096810844283,59.90096810844283,58.87296753520356,59.129966735839844,3304900.0,130.32000732421875,131.41000366210938,130.25,130.42999267578125,15183700.0,260000.0,270000.0,260000.0,268500.0,25875880.0,192.5800018310547,198.0,190.2100067138672,195.9499969482422,21158300.0,474.0,477.45001220703125,471.5,472.70001220703125,338602.0,6.75789075751001,6.865781744448596,6.708849739951936,6.767699241638184,276948117.0,142.0500030517578,143.8000030517578,139.3699951171875,140.05999755859375,10062000.0,87.70999908447266,88.04000091552734,87.20999908447266,87.48999786376953,36215100.0,500.1300048828125,500.4100036621094,491.7300109863281,495.4800109863281,4143400.0,320.3259235133766,320.4057750632095,315.5059292568937,318.1304931640625,5950200.0,1538.530029296875,1595.31005859375,1531.1600341796875,1592.02001953125,2288300.0,1011.739990234375,1016.0,1005.1099853515625,1008.7899780273438,1805200.0,144.8667215176822,145.51233331644596,142.9497252181697,143.59535217285156,19550100.0,201.9199981689453,202.39999389648438,200.02000427246094,201.5500030517578,4915400.0,135.86500549316406,137.8800048828125,133.02000427246094,137.8000030517578,41745400.0,221.6651903038654,222.09272420205565,219.65673678916983,220.05445861816406,5550600.0,52.70615064303972,52.73599436131813,50.83586713301131,51.04478454589844,36111200.0,6.960000038146973,6.980000019073486,6.889999866485596,6.920000076293945,154065070.0,9.720000267028809,9.770000457763672,9.630000114440918,9.6899995803833,52199494.0,320.2777143896263,321.58789456309347,314.4414847899831,315.086669921875,4995500.0,304.45001220703125,305.4100036621094,296.8299865722656,297.1499938964844,3952200.0,418.5899963378906,456.2900085449219,418.2900085449219,455.19000244140625,58134900.0,79.0,79.02999877929688,75.55000305175781,75.63999938964844,31062100.0,146.5500030517578,147.52000427246094,146.2100067138672,146.4199981689453,5741000.0,379.9800109863281,379.9800109863281,371.989990234375,371.989990234375,6455100.0,180.38778963912017,181.07152958551333,179.09960059726015,179.9716033935547,13053000.0,174.30999755859375,174.33999633789062,170.88999938964844,173.6999969482422,3705500.0,78.56999969482422,79.19999694824219,78.12000274658203,78.41999816894531,12447200.0,93.33000183105469,97.0199966430664,93.13999938964844,96.56999969482422,24652500.0,190.8800048828125,193.5,190.47000122070312,193.08999633789062,5873400.0,676.4500122070312,747.2100219726562,676.2100219726562,746.8099975585938,65130900.0,,,,,,,1590734.0076364174,1688717.6234430603,1590734.0076364174,1685718.125,4278087.0,182.7100067138672,183.5500030517578,181.5800018310547,182.85000610351562,1910400.0,911.0,914.77001953125,893.8499755859375,897.4500122070312,2030300.0,188.0,188.5,186.25,187.52999877929688,635000.0,229.72999572753906,230.7100067138672,224.8300018310547,229.75999450683594,5332800.0
2026-05-10,475.8833312988281,479.89333089192706,475.4266662597656,478.34665934244794,4602333.333333333,389.9619649251302,395.4386696333828,388.4762155892708,391.647626400269,15464100.0,425.01332600911456,434.09999593098956,421.3666585286458,428.9533284505208,18737466.666666668,410.14333089192706,410.82000732421875,399.086669921875,406.9200032552083,15963733.333333332,291.234363147116,294.0829016848344,290.06436296310034,292.80333455403644,45729133.333333336,608.1133422851562,608.8633219401041,600.7400105794271,602.4499918619791,15146066.666666666,955.7114805017169,988.2987148129197,943.0532780117101,959.1588745117188,3531400.0,27.060203628873975,27.218219267992172,26.961443383501347,27.0799560546875,11997140.0,213.4545467727675,220.5429597873108,213.30805511494103,217.7728525797526,152597666.66666666,410.1549854013305,413.77381570346796,407.45084064373896,412.5863850911458,34899866.666666664,270.43666585286456,273.7533365885417,268.9700113932292,270.21999104817706,37028700.0,420.2666727701823,443.17333984375,416.663330078125,439.4500020345052,73934066.66666667,304.15000406901044,305.1233317057292,299.4200032552083,300.7000020345052,9496100.0,59.808711489796195,59.808711489796195,58.62914410116822,58.905914306640625,3300100.0,130.2266642252604,130.87000528971353,127.66999816894531,128.53666178385416,17527366.666666668,276333.3333333333,282333.3333333333,273333.3333333333,279833.3333333333,32646022.666666668,192.29332987467447,196.45332845052084,190.47000630696616,194.54332987467447,18313166.666666668,471.56667073567706,473.5500081380208,457.1666666666667,458.90000406901044,568308.0,6.738274417858651,6.780776757801426,6.650000087299858,6.708849589029948,370994113.6666666,139.1233367919922,140.50000508626303,137.2699991861979,138.22000122070312,9926800.0,86.92333221435547,87.57333119710286,85.80333201090495,86.12999725341797,39109366.666666664,496.7100016276042,501.2433369954427,491.9166768391927,497.03333536783856,4020733.3333333335,319.06853470152896,323.14009060002473,316.73670907373526,321.50347900390625,8374200.0,1552.376708984375,1577.0966796875,1524.6266682942708,1574.5467122395833,2223633.3333333335,1007.7933349609375,1010.0,991.8033447265625,1002.5766398111979,1970733.3333333333,144.97929683631767,147.6445359439586,144.3270517964085,146.9790496826172,16416366.666666666,201.97999572753906,204.38666788736978,201.34666442871094,202.37000020345053,4926266.666666667,135.22833760579428,137.38666788736978,132.85399881998697,137.1933339436849,41524800.0,220.59137138311374,222.03307194314988,219.29216696099135,220.1273651123047,5999000.0,51.532250164138425,51.6615780051093,50.28539574642174,50.54073588053385,34125200.0,6.9266665776570635,6.993333339691162,6.8833333651224775,6.960000038146973,159000502.66666666,9.679999987284342,9.703333536783854,9.536666552225748,9.630000114440918,89053895.33333334,316.1883936876959,317.0353733469166,309.7500114489732,311.08335367838544,4555633.333333333,298.836669921875,303.8500061035156,294.1766662597656,299.5633239746094,4358733.333333333,446.5633239746094,464.9100036621094,440.0166727701823,457.5900065104167,50101900.0,76.77999877929688,76.82333374023438,73.97666931152344,74.26666768391927,27289966.666666668,146.04332987467447,146.47333272298178,143.38333638509116,144.37999979654947,6906666.666666667,382.9533386230469,383.2000020345052,374.7100016276042,377.6300048828125,6784766.666666667,181.02198345594505,182.70324986211483,180.59258710865836,182.03273010253906,12379066.666666666,173.59666951497397,174.0,169.49666849772134,171.3000030517578,3096300.0,78.29666900634766,78.8866678873698,77.93333180745442,78.58000183105469,11461000.0,95.3433329264323,98.22666676839192,94.60000101725261,98.00333404541016,29452500.0,191.86666870117188,193.61333211263022,190.1833292643229,191.76333618164062,5472800.0,754.1366577148438,794.8499959309896,737.4033406575521,779.1566772460938,69025566.66666667,,,,,,,1752040.3254621392,1862021.9323267648,1747374.4391589477,1815029.7916666667,6381388.333333334,183.42999776204428,185.0566660563151,181.67999776204428,182.19000244140625,2041266.6666666667,906.0733235677084,924.2566731770834,894.6566569010416,917.0099894205729,2551233.3333333335,185.33333333333334,185.74000040690103,184.1300048828125,185.0433349609375,618000.0,229.01666768391928,230.38999938964844,223.31000264485678,225.62000020345053,6229066.666666667
2026-05-11,476.3999938964844,480.3999938964844,475.8999938964844,479.54998779296875,4290700.0,386.537353515625,394.09280386567815,385.99770027578,390.4550091226855,16314900.0,427.6199951171875,433.6499938964844,425.04998779296875,428.42999267578125,16825500.0,406.739990234375,407.7300109863281,398.19000244140625,404.5400085449219,14680000.0,291.9800109863281,293.8800048828125,290.2300109863281,292.67999267578125,42247300.0,604.5700073242188,604.9099731445312,598.0800170898438,598.8599853515625,15940600.0,947.3691720921403,993.2901224780607,941.6390458580445,965.3282470703125,3517500.0,27.139210319602753,27.31697837714038,27.11945789461081,27.297225952148438,19831403.0,213.79081709888328,222.04121091513153,213.64099781886503,219.18453979492188,160685800.0,406.9885016374445,411.79809190456297,404.6236285818644,411.7681579589844,35657900.0,269.8399963378906,273.6300048828125,268.4800109863281,268.989990234375,38176700.0,422.1600036621094,449.1600036621094,416.79998779296875,445.0,78376100.0,302.1000061035156,303.19000244140625,298.8800048828125,300.0,9512000.0,59.76258318047288,59.76258318047288,58.507232384150555,58.793888092041016,3297700.0,130.17999267578125,130.60000610351562,126.37999725341797,127.58999633789062,18699200.0,284500.0,288500.0,280000.0,285500.0,36031094.0,192.14999389648438,195.67999267578125,190.60000610351562,193.83999633789062,16890600.0,470.3500061035156,471.6000061035156,450.0,452.0,683161.0,6.728466248032972,6.738274264477841,6.620575260973819,6.67942476272583,418017112.0,137.66000366210938,138.85000610351562,136.22000122070312,137.3000030517578,9859200.0,86.52999877929688,87.33999633789062,85.0999984741211,85.44999694824219,40556500.0,495.0,501.6600036621094,492.010009765625,497.80999755859375,3959400.0,318.43984029560517,324.5072483684324,317.352098982156,323.1899719238281,9586200.0,1559.300048828125,1567.989990234375,1521.3599853515625,1565.81005859375,2191300.0,1005.8200073242188,1007.0,985.1500244140625,999.469970703125,2053500.0,145.0355844956354,148.71063725771492,145.01571508552792,148.6708984375,14849500.0,202.00999450683594,205.3800048828125,202.00999450683594,202.77999877929688,4931700.0,134.91000366210938,137.13999938964844,132.77099609375,136.88999938964844,41414500.0,220.05446192273791,222.003245813697,219.1098820469021,220.163818359375,6223200.0,50.945299924687774,51.124369827004884,50.01016005312695,50.28871154785156,33132200.0,6.909999847412109,7.0,6.880000114440918,6.980000019073486,161468219.0,9.65999984741211,9.670000076293945,9.489999771118164,9.600000381469727,107481096.0,314.14373333673075,314.7591127388281,307.4042747784683,309.0816955566406,4335700.0,296.0299987792969,303.07000732421875,292.8500061035156,300.7699890136719,4562000.0,460.54998779296875,469.2200012207031,450.8800048828125,458.7900085449219,46085400.0,75.66999816894531,75.72000122070312,73.19000244140625,73.58000183105469,25403900.0,145.7899932861328,145.9499969482422,141.97000122070312,143.36000061035156,7489500.0,384.44000244140625,384.80999755859375,376.07000732421875,380.45001220703125,6949600.0,181.33908036435747,183.51911000041557,181.33908036435747,183.06329345703125,12042100.0,173.24000549316406,173.8300018310547,168.8000030517578,170.10000610351562,2791700.0,78.16000366210938,78.7300033569336,77.83999633789062,78.66000366210938,10967900.0,96.3499984741211,98.83000183105469,95.33000183105469,98.72000122070312,31852500.0,192.36000061035156,193.6699981689453,190.0399932861328,191.10000610351562,5272500.0,792.97998046875,818.6699829101562,768.0,795.3300170898438,70972900.0,,,,,,,1832693.484375,1948674.086768617,1825694.6549202127,1879685.625,7433039.0,183.7899932861328,185.80999755859375,181.72999572753906,181.86000061035156,2106700.0,903.6099853515625,929.0,895.0599975585938,926.7899780273438,2811700.0,184.0,184.36000061035156,183.07000732421875,183.8000030517578,609500.0,228.66000366210938,230.22999572753906,222.5500030517578,223.5500030517578,6677200.0
2026-05-12,481.67999267578125,489.4200134277344,478.8999938964844,484.9599914550781,5622300.0,383.5891418457031,386.2075610512266,379.49160187176113,384.7684247628253,17103900.0,423.42999267578125,429.3399963378906,408.4100036621094,419.29998779296875,19004300.0,397.75,402.239990234375,386.1199951171875,397.2799987792969,18121800.0,292.55999755859375,295.2699890136719,292.55999755859375,294.79998779296875,45748100.0,594.8200073242188,603.75,592.5999755859375,603.0,11351600.0,972.7654684278397,995.8058234825106,969.5110608513935,988.1689453125,3037500.0,27.2774760559182,27.59350732848318,27.257723630459147,27.474994659423828,22689296.0,218.29558003818886,223.48952345691538,214.6698009927987,220.52297973632812,159176600.0,413.58422243338293,414.6020070114768,405.76117016707224,406.8887023925781,38594200.0,266.7099914550781,267.6499938964844,262.6300048828125,265.82000732421875,36776200.0,441.4100036621094,447.79998779296875,422.260009765625,433.45001220703125,60569300.0,300.0199890136719,306.05999755859375,295.54998779296875,304.8800048828125,9498200.0,57.67692111389165,58.02288606555847,57.24199794771248,57.627498626708984,4647700.0,128.0800018310547,131.1199951171875,127.72000122070312,130.35000610351562,17935400.0,290000.0,291500.0,266000.0,279000.0,41211149.0,192.9199981689453,192.9199981689453,180.8699951171875,186.8300018310547,22123400.0,451.0,460.95001220703125,449.79998779296875,453.04998779296875,494592.0,6.669616595507986,6.718657612012244,6.640191611450027,6.650000095367432,279746189.0,136.49000549316406,136.97000122070312,133.82000732421875,134.77999877929688,16129000.0,85.91000366210938,89.16999816894531,85.80999755859375,87.66000366210938,43556600.0,500.6099853515625,506.30999755859375,499.75,499.80999755859375,3296000.0,324.32000732421875,328.9100036621094,324.20001220703125,326.4200134277344,6235200.0,1526.1400146484375,1535.1099853515625,1475.0,1520.93994140625,1846800.0,1002.5399780273438,1026.0,1001.1400146484375,1021.8800048828125,2143200.0,150.2303172466553,150.78653946738183,148.76029921246098,149.614501953125,16443100.0,204.58999633789062,211.32000732421875,203.50999450683594,207.86000061035156,7044100.0,136.60000610351562,137.42999267578125,133.4600067138672,136.0,38781100.0,221.7248410111843,226.34824530446224,220.38255451492364,222.97763061523438,8632500.0,50.59710921233661,50.815973263795115,49.5823810578191,50.517520904541016,33518800.0,6.980000019073486,7.070000171661377,6.960000038146973,7.050000190734863,165756299.0,9.579999923706055,9.720000267028809,9.550000190734863,9.630000114440918,62217846.0,310.898078954826,312.436527412303,306.808726050678,308.148681640625,4225700.0,299.7200012207031,300.9100036621094,293.29998779296875,297.45001220703125,4393300.0,449.25,458.79998779296875,426.1099853515625,448.2900085449219,39140100.0,73.9000015258789,75.25,72.87000274658203,75.18000030517578,21003400.0,144.35000610351562,145.86000061035156,142.86000061035156,143.91000366210938,9051200.0,396.3900146484375,397.4200134277344,382.010009765625,382.8500061035156,9236300.0,184.80730976015187,185.1937694813799,182.98401338924518,184.26229858398438,8995100.0,170.44000244140625,170.44000244140625,165.60000610351562,167.27000427246094,2896900.0,79.0,80.31999969482422,78.27999877929688,80.02999877929688,19883100.0,99.5199966430664,99.93000030517578,97.7699966430664,99.29000091552734,28810800.0,190.1999969482422,192.3800048828125,186.4499969482422,191.8800048828125,5333300.0,774.7000122070312,782.760009765625,706.5999755859375,766.5800170898438,73743000.0,,,,,,,1943675.0288828337,1966671.1840599454,1803698.4321525884,1834693.25,9160593.0,183.00999450683594,185.82000732421875,182.6999969482422,184.5399932861328,1595900.0,912.0,915.0900268554688,894.510009765625,912.1400146484375,2348900.0,181.0,181.8699951171875,179.75999450683594,181.6699981689453,651100.0,224.42999267578125,224.42999267578125,219.22000122070312,219.22000122070312,6045200.0
2026-05-13,482.4700012207031,487.1400146484375,480.80999755859375,485.5199890136719,4432500.0,398.79998779296875,399.6894366024174,381.3504679441929,381.67528465785847,18160100.0,415.80999755859375,418.6300048828125,404.79998779296875,416.7900085449219,16981200.0,398.2699890136719,404.67999267578125,391.4700012207031,399.79998779296875,13127800.0,293.5,300.9200134277344,293.5,298.8699951171875,52684300.0,598.8300170898438,619.9000244140625,596.6599731445312,616.6300048828125,14634400.0,993.0405436127813,1021.0623132357589,990.2952694283781,1014.0044555664062,3486400.0,27.554002838564386,27.61325823202291,27.474995019388018,27.573755264282227,12698826.0,224.6681467194947,227.57476278227756,221.3120728008497,225.56710815429688,150405400.0,402.3286237155428,405.4318878236479,400.1633000811369,404.3342590332031,29667100.0,264.42999267578125,270.7200012207031,263.20001220703125,270.1300048828125,39670900.0,436.6700134277344,453.3999938964844,430.2099914550781,445.2699890136719,68283200.0,302.2699890136719,303.0,300.07000732421875,300.25,7709500.0,58.942158104824365,61.27493567670343,58.54677066967081,60.395198822021484,13721900.0,129.19000244140625,132.52999877929688,128.77000427246094,131.47000122070312,13786600.0,264000.0,285500.0,262000.0,284000.0,35540134.0,189.02999877929688,191.57000732421875,185.05999755859375,189.75999450683594,15789300.0,452.20001220703125,454.3999938964844,444.75,452.29998779296875,556573.0,6.670000076293945,6.710000038146973,6.650000095367432,6.659999847412109,275408720.0,132.05999755859375,146.8699951171875,130.3300018310547,145.80999755859375,40214600.0,86.56999969482422,88.62000274658203,86.27999877929688,87.55999755859375,30823500.0,495.6099853515625,498.6000061035156,490.32000732421875,490.6400146484375,3322800.0,323.7900085449219,325.4200134277344,319.79998779296875,320.30999755859375,7950400.0,1539.3900146484375,1602.5999755859375,1521.0799560546875,1581.5799560546875,1691200.0,1017.9400024414062,1042.52001953125,1017.9400024414062,1033.0799560546875,1654600.0,149.04834222252728,150.76667488570803,148.67089920812532,150.5481719970703,15772800.0,206.86000061035156,209.52999877929688,204.3000030517578,208.5,5705700.0,134.00599670410156,136.99000549316406,128.75,130.0500030517578,55189400.0,224.52872968620946,229.4802489417275,224.15089773666944,229.1024169921875,7464500.0,50.09969482982089,50.517522070452785,49.54258804733222,49.58238220214844,29838000.0,7.050000190734863,7.110000133514404,6.96999979019165,7.0,155518973.0,9.619999885559082,9.720000267028809,9.5600004196167,9.609999656677246,70895894.0,305.3199040148408,305.39932539696116,297.0419969161532,300.2975769042969,6307800.0,295.9700012207031,298.3999938964844,291.30999755859375,294.7099914550781,4219900.0,457.0400085449219,459.5,432.6499938964844,445.5,30423400.0,74.1500015258789,74.76000213623047,73.27999877929688,73.52999877929688,16343900.0,143.14999389648438,144.6699981689453,141.66000366210938,142.24000549316406,6685900.0,401.1600036621094,404.1499938964844,393.0,396.5,8454100.0,184.12358115658526,184.32176292728963,182.29038087719482,184.31185913085938,7554700.0,162.30999755859375,162.69000244140625,158.5800018310547,160.82000732421875,5044700.0,79.87000274658203,81.02999877929688,79.83999633789062,80.26000213623047,12357000.0,99.4000015258789,102.01000213623047,99.29000091552734,101.87000274658203,45241600.0,190.7100067138672,194.9499969482422,189.60000610351562,193.8300018310547,4463700.0,813.1599731445312,814.9500122070312,779.469970703125,803.6300048828125,54875100.0,,,,,,,1780702.2277960526,1989667.2842864373,1780702.2277960526,1975669.625,7126921.0,183.36000061035156,187.77999877929688,183.3300018310547,187.72000122070312,1733000.0,912.5,922.989990234375,897.3800048828125,902.2999877929688,1957100.0,184.88999938964844,187.94000244140625,184.6999969482422,186.88999938964844,590600.0,218.27000427246094,218.30999755859375,212.33999633789062,214.63999938964844,8361200.0
2026-05-14,487.1000061035156,487.1000061035156,481.5,484.05999755859375,3375100.0,396.9311218261719,398.8639490394177,392.4917770286838,393.55314996386056,13805400.0,416.7300109863281,442.3599853515625,415.5899963378906,439.7900085449219,19733800.0,403.2099914550781,421.9700012207031,402.1000061035156,417.7200012207031,18577100.0,299.82000732421875,300.45001220703125,295.3800048828125,298.2099914550781,35324900.0,616.0,623.72998046875,615.0,618.4299926757812,10651200.0,1015.7414675474674,1016.4202916784651,994.2983997103153,1004.9700317382812,1751700.0,27.554002059984892,27.5737544851446,27.356483459472656,27.356483459472656,16318683.0,229.58243343997336,236.26463268418732,229.03307065698914,235.465576171875,180782900.0,403.6058516736889,410.94993067744383,400.013625877668,408.5451354980469,27077500.0,269.1499938964844,270.7799987792969,266.6300048828125,267.2200012207031,31338400.0,446.489990234375,451.9800109863281,441.1600036621094,443.29998779296875,46070400.0,302.25,303.75,298.80999755859375,299.9100036621094,7364300.0,58.59619404058505,59.02123422004588,58.082191875406956,58.210693359375,5524100.0,131.36000061035156,132.77999877929688,130.86000061035156,132.4600067138672,14200400.0,282000.0,299500.0,282000.0,296000.0,39314752.0,188.17999267578125,200.7100067138672,185.4499969482422,195.61000061035156,22545000.0,456.8500061035156,462.54998779296875,453.79998779296875,460.8500061035156,461620.0,6.650000095367432,6.829999923706055,6.619999885559082,6.760000228881836,461830955.0,140.97999572753906,143.97999572753906,138.61000061035156,141.1199951171875,19422000.0,87.62000274658203,88.5,86.6500015258789,86.94000244140625,29408300.0,491.2799987792969,494.5,488.010009765625,489.94000244140625,2584900.0,321.3699951171875,323.3299865722656,320.25,322.5199890136719,5277400.0,1573.739990234375,1603.489990234375,1563.280029296875,1584.510009765625,1412600.0,1034.949951171875,1041.7900390625,1026.0999755859375,1041.25,1606600.0,150.87592785682824,152.08770418043682,150.240243158863,151.75,11331500.0,209.5,213.50999450683594,208.35000610351562,210.77000427246094,5006500.0,129.64999389648438,134.47999572753906,129.4499969482422,133.72999572753906,37052600.0,229.67910846360988,230.43475721152035,227.84963349190846,229.48025512695312,6974400.0,49.80124452594658,50.20912511117296,49.23419112197282,49.59232711791992,37671800.0,7.070000171661377,7.110000133514404,6.980000019073486,7.039999961853027,153863529.0,9.600000381469727,9.800000190734863,9.5600004196167,9.739999771118164,94185972.0,302.78887315920815,303.70203722956956,299.1759881460277,302.08416748046875,5072600.0,295.0299987792969,297.8500061035156,289.0799865722656,291.5400085449219,4686200.0,440.6000061035156,453.30999755859375,435.67999267578125,449.70001220703125,26113600.0,73.9800033569336,74.48999786376953,73.22000122070312,73.79000091552734,19388500.0,143.17999267578125,144.27999877929688,142.6300048828125,142.7100067138672,9636200.0,399.0899963378906,401.8999938964844,396.0,401.0,5342500.0,184.5001321696436,185.86761205543277,183.5686612399205,184.946044921875,6222400.0,160.97000122070312,165.22999572753906,160.0800018310547,164.17999267578125,3454100.0,80.7300033569336,80.91999816894531,79.91000366210938,80.44999694824219,10642000.0,117.55000305175781,119.36000061035156,113.97000122070312,115.52999877929688,70932300.0,195.6199951171875,197.5,193.41000366210938,194.52999877929688,4785000.0,787.6199951171875,812.0,775.6300048828125,776.010009765625,42142700.0,,,,,,,1975669.6218274112,1993666.6123096447,1936676.1424492386,1969670.625,6040068.0,186.69000244140625,186.6999969482422,184.6999969482422,184.9600067138672,1027700.0,910.0,920.3499755859375,902.5,920.219970703125,2095600.0,189.8300018310547,191.41000366210938,189.6999969482422,190.5,399800.0,215.5500030517578,220.9600067138672,215.0,218.3699951171875,5906200.0
2026-05-15,486.70001220703125,488.29998779296875,481.760009765625,482.70001220703125,4680300.0,393.08343505859375,395.6418928419125,389.5255787505654,392.97848723377916,15801900.0,432.80999755859375,432.80999755859375,419.79998779296875,425.19000244140625,18957100.0,406.5,409.8699951171875,398.8299865722656,404.3500061035156,11868600.0,297.8999938964844,303.20001220703125,296.5199890136719,300.2300109863281,54862800.0,613.989990234375,621.2000122070312,609.3099975585938,614.22998046875,13272600.0,1006.97998046875,1014.3800048828125,997.4099731445312,1004.9199829101562,2820700.0,27.488162621364484,27.53425035794971,27.343315270779502,27.382819493611652,13674253.0,229.49252726355346,231.23050718880455,223.97896415639156,225.05770874023438,180977600.0,413.3746572242232,427.24464052002446,412.01761111071977,421.0081481933594,50771200.0,262.5,264.3599853515625,260.8900146484375,264.1400146484375,40770300.0,433.9800109863281,434.6600036621094,422.0,422.239990234375,52688700.0,300.2099914550781,300.7900085449219,296.45001220703125,297.80999755859375,8699300.0,58.19092446232103,58.79388862204539,57.86473302371086,58.01300048828125,4659100.0,133.69000244140625,133.9499969482422,130.7899932861328,131.4499969482422,25323000.0,291000.0,296500.0,266000.0,270500.0,38075487.0,190.49000549316406,196.42999267578125,188.89999389648438,192.9499969482422,15747100.0,454.5,459.79998779296875,452.79998779296875,455.6000061035156,530300.0,6.739999771118164,6.78000020980835,6.650000095367432,6.670000076293945,382852918.0,135.8800048828125,135.8800048828125,131.9499969482422,132.58999633789062,17985100.0,87.69000244140625,89.48999786376953,86.69000244140625,87.0199966430664,32335700.0,493.5,502.2799987792969,492.3299865722656,494.20001220703125,3416500.0,324.0,329.010009765625,323.8399963378906,325.75,6054500.0,1511.739990234375,1527.25,1486.6400146484375,1501.81005859375,1807400.0,1049.3599853515625,1057.5,1039.219970703125,1048.949951171875,1967000.0,153.75,158.0,153.0,157.9199981689453,27882400.0,213.10000610351562,214.9199981689453,209.02000427246094,210.38999938964844,5385000.0,132.8000030517578,135.63999938964844,132.2899932861328,133.99000549316406,32629700.0,229.4504169649123,230.81257818629632,225.14517491785094,225.41363525390625,12167000.0,49.36351871876081,49.73160896261526,49.04517306649392,49.51274490356445,46282300.0,7.010000228881836,7.03000020980835,6.869999885559082,6.889999866485596,158695678.0,9.760000228881836,9.880000114440918,9.609999656677246,9.819999694824219,108037347.0,298.07424740300473,300.6747371606021,294.669790362803,295.29510498046875,6121500.0,287.489990234375,288.30999755859375,281.30999755859375,281.5299987792969,5022500.0,433.3399963378906,439.0,423.3599853515625,424.1000061035156,29131600.0,73.94000244140625,74.05999755859375,72.77999877929688,73.41999816894531,16479000.0,143.39999389648438,143.39999389648438,141.1999969482422,141.57000732421875,6989400.0,393.8500061035156,397.6300048828125,390.25,394.29998779296875,9811200.0,186.88826023031334,189.76193359432702,186.194601379421,189.36557006835938,11210800.0,168.42999267578125,169.77000427246094,166.57000732421875,169.47999572753906,3618600.0,81.36000061035156,81.36000061035156,80.44999694824219,80.81999969482422,17527200.0,114.61000061035156,118.83000183105469,114.0,118.20999908447266,38519600.0,193.8800048828125,194.42999267578125,191.11000061035156,192.50999450683594,5937700.0,732.5700073242188,749.5900268554688,719.0,724.6599731445312,48519000.0,,,,,,,1949673.9726498076,1994666.4489417262,1788700.8908053876,1818695.875,7485233.0,183.25,183.44000244140625,180.5500030517578,181.5800018310547,1379300.0,898.75,899.72998046875,880.2000122070312,888.3099975585938,2907900.0,193.80999755859375,193.88999938964844,190.66000366210938,190.67999267578125,561100.0,218.1999969482422,220.91000366210938,217.6199951171875,219.3000030517578,6154500.0
2026-05-17,482.98667399088544,489.00665283203125,481.2533365885417,486.48667399088544,4913900.0,392.94350179036456,401.3651097030726,390.2851082370765,392.2522572510554,17662500.0,425.2100016276042,425.61000569661456,416.17999267578125,422.2033284505208,18227900.0,406.7533365885417,407.8766682942708,393.64332071940106,398.75001017252606,12034333.333333334,299.4599914550781,301.5066731770833,295.44666544596356,298.6366678873698,41276266.66666667,610.7366536458334,617.4600219726562,605.5633341471354,612.2166748046875,13605800.0,1002.7333170572916,1006.7933349609375,985.0499877929688,993.7000122070312,2284233.333333333,27.35648374412367,27.45524210355992,27.3169788933932,27.43549156188965,8385393.0,229.56577695501565,230.23167262556092,220.0701807411637,223.0600382486979,157846466.66666666,414.9379565691046,425.2157043405601,413.8137232263451,422.08582560221356,38633133.33333333,263.413330078125,267.35333251953125,261.98333740234375,264.6199951171875,36050633.333333336,424.17332967122394,425.64000447591144,410.88665771484375,414.0733235677083,52545700.0,298.7366638183594,301.1033426920573,296.9633382161458,299.7566731770833,7930633.333333333,57.73697370179581,58.03129722460107,57.29490988892576,57.62433369954427,6150233.333333333,132.24333699544272,133.62999979654947,131.01666768391928,132.70999654134116,19896466.666666664,276666.6666666667,291166.6666666667,263333.3333333333,277500.0,35061971.666666664,190.16333516438803,192.64999389648438,185.14666748046875,188.72333272298178,17991900.0,448.6666666666667,460.76666259765625,447.1666666666667,456.03333536783856,502323.3333333333,6.679999987284343,6.713333288828532,6.603333314259847,6.62333329518636,333154201.3333333,134.59000651041666,135.21333821614584,132.36333719889322,133.03666178385416,12914633.333333332,86.89666748046875,89.70999908447266,86.4500020345052,88.77333323160808,34645566.666666664,492.1599934895833,504.91334025065106,491.4100036621094,501.9266764322917,3856566.6666666665,324.2866617838542,331.9566650390625,323.79332478841144,330.3433430989583,5555366.666666667,1518.0799967447917,1524.07666015625,1464.4399820963542,1482.1966959635417,1712066.6666666667,1049.7866617838542,1072.3866373697917,1043.0733235677083,1067.296630859375,2185800.0,156.1300048828125,160.48666381835938,154.48666381835938,159.63333638509116,22670933.333333336,211.27999877929688,212.54666646321616,208.1266632080078,209.7366689046224,5174333.333333333,132.6000010172526,135.83666483561197,131.6499989827474,134.7566680908203,32232966.666666668,226.75923105852345,229.1952134204844,224.7607199657158,226.8785400390625,10816733.333333334,49.429841290748485,50.348400879752774,49.32372607332619,50.12290573120117,37696833.333333336,6.923333485921224,6.956666787465413,6.8233334223429365,6.863333225250244,154157496.0,9.74666659037272,9.839999834696451,9.669999758402506,9.78000005086263,81475533.66666667,297.3728450828255,301.23719090153816,294.947696230588,296.8170166015625,6284566.666666667,284.7566731770833,287.59665934244794,281.7966715494792,284.5033264160156,4804966.666666667,430.7799987792969,438.8666585286458,414.92665608723956,422.0266621907552,28665266.666666668,73.53333536783855,74.53333028157552,73.14666748046875,74.05333455403645,16782466.666666668,142.53333536783853,144.08665974934897,141.4866689046224,142.11666870117188,7483933.333333333,392.0366719563802,393.9700113932292,385.75,391.43332926432294,8870866.666666666,188.58603734865434,192.86682590926677,186.94109999458456,192.68185424804688,10316733.333333334,167.99666341145834,173.47666931152344,167.10333251953125,172.9066619873047,3299733.3333333335,81.03333536783855,81.37999979654948,80.40999857584636,81.07333119710286,14092733.333333334,117.40333557128906,119.20333353678386,115.35333251953125,118.6566645304362,29348866.666666664,193.03999837239584,194.6833292643229,191.12999979654947,192.62999979654947,4492700.0,744.4966837565104,754.5300089518229,681.8333333333334,695.9133097330729,56201333.333333336,,,,,,,1836359.5950499359,1929344.046522242,1750040.6958934625,1832693.5416666667,6816149.666666667,183.3699951171875,184.30667114257812,181.9633331298828,183.13999938964844,1276566.6666666667,895.1300048828125,895.4566650390625,860.6200154622396,872.0700073242188,2782966.6666666665,189.8699951171875,190.42999776204428,188.16666666666666,188.47332763671875,441366.6666666667,218.43333435058594,222.5233357747396,217.7066650390625,221.6000010172526,6015766.666666667
2026-05-18,481.1300048828125,489.3599853515625,481.0,488.3800048828125,5030700.0,392.87353515625,404.2267181336527,390.66487298033206,391.8891422596936,18592800.0,421.4100036621094,422.010009765625,414.3699951171875,420.7099914550781,17863300.0,406.8800048828125,406.8800048828125,391.04998779296875,395.95001220703125,12117200.0,300.239990234375,300.6600036621094,294.9100036621094,297.8399963378906,34483000.0,609.1099853515625,615.5900268554688,603.6900024414062,611.2100219726562,13772400.0,1000.6099853515625,1003.0,978.8699951171875,988.0900268554688,2016000.0,27.39598671115918,27.573754772056372,27.37623428579394,27.43549156188965,16703732.0,229.60240180074675,229.7322553439391,218.1157890335498,222.0612030029297,146280900.0,415.71960624154525,424.2012362508279,414.7117792841577,422.6246643066406,32564100.0,263.8699951171875,268.8500061035156,262.5299987792969,264.8599853515625,33690800.0,419.2699890136719,421.1300048828125,405.3299865722656,409.989990234375,52474200.0,298.0,301.260009765625,297.2200012207031,300.7300109863281,7546300.0,57.5099983215332,57.650001525878906,57.0099983215332,57.43000030517578,6895800.0,131.52000427246094,133.47000122070312,131.1300048828125,133.33999633789062,17183200.0,269500.0,288500.0,262000.0,281000.0,33555214.0,190.0,190.75999450683594,183.27000427246094,186.61000061035156,19114300.0,445.75,461.25,444.3500061035156,456.25,488335.0,6.650000095367432,6.679999828338623,6.579999923706055,6.599999904632568,308304843.0,133.94500732421875,134.8800048828125,132.57000732421875,133.25999450683594,10379400.0,86.5,89.81999969482422,86.33000183105469,89.6500015258789,35800500.0,491.489990234375,506.2300109863281,490.95001220703125,505.7900085449219,4076600.0,324.42999267578125,333.42999267578125,323.7699890136719,332.6400146484375,5305800.0,1521.25,1522.489990234375,1453.3399658203125,1472.3900146484375,1664400.0,1050.0,1079.8299560546875,1045.0,1076.469970703125,2295200.0,157.32000732421875,161.72999572753906,155.22999572753906,160.49000549316406,20065200.0,210.3699951171875,211.36000061035156,207.67999267578125,209.41000366210938,5069000.0,132.5,135.93499755859375,131.3300018310547,135.13999938964844,32034600.0,225.41363810532903,228.38653103757844,224.5684924896482,227.61099243164062,10141600.0,49.463002576742326,50.656796838321526,49.463002576742326,50.42798614501953,33404100.0,6.880000114440918,6.920000076293945,6.800000190734863,6.849999904632568,151888405.0,9.739999771118164,9.819999694824219,9.699999809265137,9.760000228881836,68194627.0,297.0221439227359,301.51841777200616,295.0866491644805,297.5779724121094,6366100.0,283.3900146484375,287.239990234375,282.0400085449219,285.989990234375,4696200.0,429.5,438.79998779296875,410.7099914550781,420.989990234375,28432100.0,73.33000183105469,74.7699966430664,73.33000183105469,74.37000274658203,16934200.0,142.10000610351562,144.42999267578125,141.6300048828125,142.38999938964844,7731200.0,391.1300048828125,392.1400146484375,383.5,390.0,8400700.0,189.43492590782486,194.41927206673662,187.31434930216636,194.33999633789062,9869700.0,167.77999877929688,175.3300018310547,167.3699951171875,174.6199951171875,3140300.0,80.87000274658203,81.38999938964844,80.38999938964844,81.19999694824219,12375500.0,118.80000305175781,119.38999938964844,116.02999877929688,118.87999725341797,24763500.0,192.6199951171875,194.80999755859375,191.13999938964844,192.69000244140625,3770200.0,750.4600219726562,757.0,663.25,681.5399780273438,60042500.0,,,,,,,1779702.40625,1896682.8453125,1730710.5984375,1839692.375,6481608.0,183.42999267578125,184.74000549316406,182.6699981689453,183.9199981689453,1225200.0,893.3200073242188,893.3200073242188,850.8300170898438,863.9500122070312,2720500.0,187.89999389648438,188.6999969482422,186.9199981689453,187.3699951171875,381500.0,218.5500030517578,223.3300018310547,217.75,222.75,5946400.0
2026-05-19,487.0,488.1300048828125,480.1099853515625,480.4599914550781,5599900.0,384.6684875488281,393.1264099838384,382.7696364443794,393.063429089017,25559400.0,409.82000732421875,417.95001220703125,405.8599853515625,411.07000732421875,20652100.0,389.510009765625,398.8800048828125,385.05999755859375,392.6099853515625,14083000.0,296.9700012207031,300.510009765625,296.3500061035156,298.9700012207031,42243600.0,608.9199829101562,613.9299926757812,600.5499877929688,602.6099853515625,11749900.0,989.510009765625,1021.7999877929688,984.5999755859375,1021.4099731445312,3796000.0,27.41573975479457,27.613258361816406,27.395987328983882,27.613258361816406,15464352.0,219.36432694236115,224.21866983705235,217.6563261548179,220.35317993164062,140948200.0,428.9708919761278,431.7648588737268,415.58987007798993,416.51788330078125,33018700.0,262.0400085449219,262.25,255.19000244140625,259.3399963378906,40340700.0,403.1600036621094,405.6300048828125,393.6300048828125,404.1099853515625,46500600.0,301.0899963378906,301.7900085449219,295.260009765625,295.70001220703125,8066900.0,58.52000045776367,58.880001068115234,58.36000061035156,58.61000061035156,2938600.0,132.94000244140625,135.16000366210938,132.05999755859375,134.1999969482422,16957100.0,274000.0,281500.0,266000.0,275500.0,30767569.0,186.0,188.72000122070312,180.92999267578125,181.4600067138672,16717700.0,456.04998779296875,465.8500061035156,454.6000061035156,462.0,528303.0,6.610000133514404,6.690000057220459,6.610000133514404,6.619999885559082,247613298.0,135.34500122070312,136.77999877929688,134.7899932861328,135.63999938964844,11084200.0,90.13999938964844,91.4800033569336,88.69000244140625,89.33000183105469,34545700.0,507.55999755859375,512.9000244140625,498.5,499.70001220703125,3378300.0,333.3299865722656,335.1700134277344,329.489990234375,329.9100036621094,12858100.0,1449.9300537109375,1485.760009765625,1441.31005859375,1459.43994140625,1395400.0,1077.0,1096.5,1072.0999755859375,1094.3199462890625,2853300.0,161.5,163.32000732421875,159.63999938964844,162.5500030517578,20715600.0,209.89999389648438,215.8000030517578,208.72999572753906,213.75999450683594,7220300.0,135.1699981689453,137.47000122070312,133.60000610351562,135.25999450683594,29777300.0,227.6308781704825,229.52996005341413,226.73601544578764,228.684814453125,9677900.0,50.46777859252479,51.014934909743346,50.1195892438346,50.43793487548828,44154600.0,6.849999904632568,6.960000038146973,6.840000152587891,6.929999828338623,184138935.0,9.779999732971191,9.9399995803833,9.779999732971191,9.930000305175781,84266172.0,289.6970696990096,300.93280137975603,286.94770281038166,300.1883850097656,8692500.0,284.7900085449219,287.4200134277344,282.6199951171875,285.2799987792969,5239400.0,412.6000061035156,428.75,393.3599853515625,414.04998779296875,38756900.0,74.4800033569336,75.3499984741211,73.8499984741211,74.55000305175781,18649800.0,142.47000122070312,143.7100067138672,140.85000610351562,141.3000030517578,8355800.0,389.239990234375,394.989990234375,387.510009765625,390.0,5016800.0,194.92999267578125,198.8699951171875,193.47000122070312,197.25,11819200.0,184.22999572753906,185.36000061035156,178.52000427246094,178.8000030517578,5876700.0,81.41000366210938,82.66000366210938,81.26000213623047,81.91999816894531,16595200.0,117.04000091552734,118.5,114.79000091552734,115.37999725341797,32525500.0,191.5500030517578,192.83999633789062,188.94000244140625,189.5800018310547,6357900.0,665.5800170898438,725.9500122070312,652.2100219726562,698.739990234375,61792100.0,,,,,,,1790700.5591690545,1822695.209025788,1739709.0859598853,1744708.25,4575855.0,184.6999969482422,186.36000061035156,184.19000244140625,184.63999938964844,1616800.0,861.5900268554688,869.8599853515625,845.5499877929688,860.1500244140625,3239700.0,185.4600067138672,186.7100067138672,184.41000366210938,185.47000122070312,401900.0,224.5,227.35000610351562,221.9199981689453,222.3300018310547,5937800.0
2026-05-20,482.0,482.7200012207031,477.6199951171875,480.8999938964844,4647500.0,384.6684875488281,390.46501731409904,379.7714408586532,384.8084179824556,16488100.0,412.80999755859375,424.1700134277344,411.4200134277344,417.760009765625,16312600.0,397.0,403.8800048828125,395.95001220703125,401.6199951171875,10254300.0,298.17999267578125,302.79998779296875,298.0799865722656,302.25,38229800.0,600.760009765625,608.0,597.8099975585938,605.0599975585938,11329700.0,1024.989990234375,1037.8800048828125,1003.6900024414062,1018.8699951171875,2998800.0,27.554002631750826,27.613258024764598,27.435491845723284,27.51449966430664,14779925.0,222.9201831873553,225.8667612103758,220.2433103590018,223.20985412597656,184201600.0,413.2749005432513,421.18775475321456,410.4110776678385,420.1499938964844,27864000.0,260.04998779296875,265.5799865722656,259.5299987792969,265.010009765625,34933200.0,407.6000061035156,417.4599914550781,406.3900146484375,417.260009765625,45294700.0,296.70001220703125,302.92999267578125,293.6700134277344,301.9800109863281,9327000.0,58.20000076293945,58.68000030517578,57.70000076293945,58.650001525878906,6754900.0,132.91000366210938,133.64999389648438,130.3300018310547,130.85000610351562,28471600.0,278000.0,282500.0,263500.0,276000.0,35662077.0,179.94000244140625,188.22000122070312,178.8000030517578,188.16000366210938,16517200.0,460.70001220703125,480.0,458.8500061035156,473.79998779296875,574600.0,6.630000114440918,6.630000114440918,6.460000038146973,6.460000038146973,363478565.0,135.86000061035156,135.88999938964844,132.72999572753906,134.47000122070312,7035400.0,88.5199966430664,88.55000305175781,87.5,88.08999633789062,23463400.0,493.5,499.70001220703125,490.79998779296875,498.0400085449219,3615700.0,330.0899963378906,331.6600036621094,326.82000732421875,330.75,9422500.0,1502.3800048828125,1555.800048828125,1492.3199462890625,1550.1300048828125,1744500.0,1089.3699951171875,1089.739990234375,1072.0,1074.010009765625,2223400.0,161.61000061035156,163.67999267578125,156.27000427246094,156.27999877929688,18509700.0,213.36000061035156,214.5,211.5,212.3000030517578,5129000.0,134.14500427246094,137.24000549316406,132.4199981689453,137.14999389648438,31307700.0,230.36515581180683,230.67338074656544,227.8595613935984,228.0087127685547,7353800.0,50.72643737315355,51.313387849820025,50.22902184360498,50.96519470214844,47739400.0,6.880000114440918,6.880000114440918,6.800000190734863,6.880000114440918,122385452.0,9.930000305175781,9.989999771118164,9.850000381469727,9.850000381469727,76165266.0,298.8186768095753,308.69461352004953,294.4613750762452,308.2677917480469,5810900.0,289.0,300.45001220703125,286.17999267578125,300.1700134277344,6098400.0,428.0400085449219,449.3900146484375,426.04998779296875,447.5799865722656,36137500.0,74.88999938964844,76.30000305175781,73.9800033569336,75.80999755859375,14695300.0,141.4499969482422,143.22000122070312,140.6199951171875,142.44000244140625,8375600.0,383.29998779296875,393.3800048828125,380.70001220703125,389.54998779296875,7783900.0,196.25,198.19000244140625,191.27000427246094,191.3300018310547,14564900.0,176.25999450683594,180.16000366210938,174.35000610351562,179.88999938964844,3132100.0,82.16999816894531,82.4000015258789,81.5199966430664,81.55000305175781,16999700.0,115.69000244140625,116.91999816894531,113.8499984741211,114.3499984741211,26154800.0,191.9600067138672,198.07000732421875,190.08999633789062,197.77000427246094,7201100.0,734.9600219726562,735.6799926757812,700.6599731445312,731.989990234375,48827400.0,,,,,,,1742708.584383954,1777702.7326647565,1689717.4455587391,1744708.25,5535123.0,186.69000244140625,188.30999755859375,185.72999572753906,187.4600067138672,1803500.0,871.219970703125,877.760009765625,857.0599975585938,872.5599975585938,2415600.0,186.4600067138672,190.0,186.30999755859375,189.94000244140625,281200.0,221.0500030517578,225.0,216.77999877929688,225.0,4873400.0
2026-05-21,479.989990234375,480.5,475.5,479.9800109863281,3294000.0,383.2393493652344,388.4462070831433,379.25175905431604,381.7802360746463,16837600.0,413.54998779296875,422.25,410.5,414.57000732421875,16865300.0,399.510009765625,411.4599914550781,399.510009765625,407.1499938964844,8937900.0,301.05999755859375,305.5400085449219,300.3999938964844,304.989990234375,42965100.0,600.0,609.5999755859375,594.8099975585938,607.3800048828125,13476100.0,1024.300048828125,1047.300048828125,1022.0,1041.6500244140625,2705200.0,27.494747368547287,27.55400276184082,27.297226879308862,27.55400276184082,29611546.0,222.03121805596584,227.13526994336974,217.6762930684293,219.25445556640625,203381800.0,424.75,426.3399963378906,415.7099914550781,419.0899963378906,31393500.0,263.5,269.489990234375,261.3699951171875,268.4599914550781,36591700.0,422.17999267578125,426.95001220703125,412.8999938964844,417.8500061035156,42636900.0,301.2300109863281,303.9800109863281,300.2099914550781,303.0,7874400.0,56.209999084472656,57.13999938964844,56.0,56.81999969482422,2973800.0,124.41000366210938,125.80000305175781,120.38999938964844,121.33999633789062,53006600.0,291000.0,299500.0,287000.0,299500.0,36168689.0,189.00999450683594,192.82000732421875,187.1999969482422,189.77000427246094,12119700.0,472.8999938964844,480.6000061035156,468.54998779296875,473.54998779296875,569293.0,6.449999809265137,6.550000190734863,6.369999885559082,6.510000228881836,321246026.0,129.5500030517578,131.7550048828125,128.08999633789062,131.47000122070312,12621500.0,88.02999877929688,90.37000274658203,87.5199966430664,89.30000305175781,28613900.0,496.0,501.3800048828125,490.07000732421875,499.6199951171875,2474600.0,329.8399963378906,332.5199890136719,327.239990234375,331.1199951171875,7034500.0,1548.6800537109375,1601.7900390625,1545.93994140625,1592.0,1358400.0,1063.4100341796875,1064.72998046875,1039.010009765625,1050.449951171875,2149700.0,158.4199981689453,159.38999938964844,153.4600067138672,155.2899932861328,17061700.0,210.9499969482422,215.63999938964844,209.5,214.5,3813800.0,135.8000030517578,138.5500030517578,135.4199981689453,137.4149932861328,24311900.0,228.00871482343763,230.5640112181241,226.04997841934332,230.40492248535156,5239000.0,50.736385165132525,51.23380070596716,50.49762403574096,51.223854064941406,27461900.0,6.909999847412109,6.909999847412109,6.78000020980835,6.800000190734863,113972628.0,9.800000190734863,10.119999885559082,9.760000228881836,10.050000190734863,158744916.0,304.0791968081222,311.6523978374447,302.1139568961854,311.4439697265625,4516600.0,298.5,302.8800048828125,294.75,301.760009765625,4928300.0,441.989990234375,451.20001220703125,431.6000061035156,449.5899963378906,27252000.0,75.58999633789062,76.05999755859375,74.91000366210938,75.91999816894531,9433400.0,141.8800048828125,143.72000122070312,140.08999633789062,143.39999389648438,6297300.0,382.4800109863281,386.1099853515625,380.5400085449219,381.1199951171875,4732500.0,193.7899932861328,194.16000366210938,189.0,191.00999450683594,9051200.0,176.1199951171875,177.02999877929688,172.72999572753906,176.27999877929688,2467100.0,81.79000091552734,81.80000305175781,80.72000122070312,81.16999816894531,15708400.0,114.12999725341797,118.5999984741211,113.56999969482422,118.19999694824219,22700600.0,197.80999755859375,200.75,196.89999389648438,200.50999450683594,5817400.0,736.3599853515625,764.9000244140625,732.2000122070312,762.0999755859375,42461500.0,,,,,,,1800698.8663015463,1953673.2841494845,1795699.7023195876,1939675.625,5096690.0,185.83999633789062,191.5,184.97999572753906,189.75,2192700.0,864.9000244140625,872.6699829101562,858.5999755859375,865.9500122070312,1860700.0,187.02000427246094,190.6300048828125,186.6999969482422,189.66000366210938,409900.0,232.5800018310547,253.6300048828125,230.94000244140625,252.97000122070312,25707800.0
2026-05-22,479.6499938964844,487.19000244140625,479.489990234375,486.3800048828125,4338200.0,379.1518249511719,384.6385132044718,378.0325034604433,383.0294961863553,13382800.0,417.489990234375,419.989990234375,410.2099914550781,414.1400146484375,14086400.0,409.42999267578125,410.6700134277344,402.8599853515625,404.5199890136719,7111900.0,306.1199951171875,311.3999938964844,305.8399963378906,308.82000732421875,43670200.0,607.8800048828125,614.8099975585938,606.9500122070312,610.260009765625,11688600.0,1049.81005859375,1070.3399658203125,1047.0699462890625,1065.0,3470600.0,27.514499166311797,27.55400276184082,27.382818840152847,27.55400276184082,19741030.666666668,220.64283833374193,220.75271088945502,214.54994865072538,215.07933044433594,169275700.0,419.5400085449219,424.3999938964844,416.3299865722656,418.57000732421875,22390300.0,268.6600036621094,269.7900085449219,266.239990234375,266.32000732421875,27535500.0,422.6700134277344,431.510009765625,420.510009765625,426.010009765625,46104700.0,304.67999267578125,307.45001220703125,303.8399963378906,306.3800048828125,5973900.0,55.150001525878906,56.150001525878906,54.939998626708984,56.06999969482422,3899900.0,121.33999633789062,121.94999694824219,118.91000366210938,120.2699966430664,30330600.0,300000.0,300500.0,292000.0,292500.0,18395274.0,191.6699981689453,197.0,191.10000610351562,192.0800018310547,10875800.0,481.0,484.5249938964844,469.79998779296875,472.6000061035156,433313.0,6.480000019073486,6.519999980926514,6.420000076293945,6.460000038146973,248319205.0,126.92500305175781,130.75,126.92500305175781,130.0,11868400.0,89.0999984741211,89.97000122070312,88.16999816894531,88.5999984741211,23847200.0,499.1099853515625,504.260009765625,497.32000732421875,498.5400085449219,1959300.0,330.5199890136719,333.42999267578125,328.82000732421875,328.8800048828125,7462100.0,1620.030029296875,1653.530029296875,1615.8499755859375,1632.9000244140625,1666700.0,1039.989990234375,1045.6400146484375,1025.18994140625,1028.239990234375,2048300.0,154.02999877929688,155.5500030517578,153.1699981689453,154.9199981689453,12948500.0,217.0,220.00999450683594,215.6999969482422,215.6999969482422,5406100.0,137.4250030517578,139.02000427246094,134.3000030517578,136.8800048828125,27578000.0,231.667665991262,234.15337056198368,231.3892682930641,233.0,5462300.0,51.422817424122705,51.88044260746638,51.3830270649019,51.532249450683594,26683700.0,6.860000133514404,6.900000095367432,6.809999942779541,6.849999904632568,175972850.0,10.050000190734863,10.130000114440918,9.859999656677246,10.100000381469727,123557070.0,312.1586044517627,312.61517135375607,309.14122821995267,310.7392578125,2963800.0,303.25,306.29998779296875,300.25,302.8399963378906,3502100.0,469.8399963378906,481.4100036621094,461.7099914550781,467.510009765625,34758600.0,76.36000061035156,76.8499984741211,76.12000274658203,76.4000015258789,8728900.0,143.8699951171875,144.63999938964844,143.52999877929688,144.44000244140625,4616700.0,388.4700012207031,390.5400085449219,381.010009765625,381.9200134277344,5598600.0,190.3699951171875,192.0,189.8000030517578,191.42999267578125,7209600.0,177.0500030517578,179.7100067138672,175.3800048828125,175.9499969482422,2000400.0,81.18000030517578,81.68000030517578,80.91999816894531,81.4800033569336,8240200.0,118.45999908447266,120.79000091552734,117.68000030517578,120.41000366210938,22237200.0,201.1300048828125,203.08999633789062,200.6300048828125,201.02999877929688,3734200.0,756.8200073242188,780.2000122070312,747.2000122070312,751.0,36002900.0,,,,,,,1941675.332818135,1951673.6609994848,1911680.3482740854,1940675.5,3135190.0,188.22000122070312,189.0800018310547,186.4499969482422,187.02999877929688,2120800.0,878.0,893.8400268554688,861.0599975585938,879.8900146484375,1987600.0,189.60000610351562,190.4199981689453,188.50999450683594,189.0800018310547,395500.0,262.04998779296875,264.3800048828125,253.38999938964844,253.83999633789062,19072900.0
2026-05-24,482.5749969482422,487.48500061035156,481.34999084472656,485.0,4343400.0,381.8801727294922,384.89836059728736,378.47223536869865,381.8976640937348,14766850.0,417.9949951171875,427.6499938964844,413.60499572753906,418.07501220703125,18324650.0,411.2749938964844,413.5800018310547,406.4649963378906,408.4199981689453,8621950.0,307.8399963378906,311.61000061035156,306.7550048828125,308.5749969482422,45835350.0,608.385009765625,614.6399841308594,606.125,611.3000183105469,11961400.0,1062.405029296875,1076.1699829101562,1053.7149658203125,1064.8699951171875,3225800.0,27.55400276184082,27.55400276184082,27.55400276184082,27.55400276184082,0.0,218.46537692119045,219.33935831870252,213.15157797714613,214.8446044921875,178239150.0,417.98500061035156,422.0849914550781,414.67498779296875,417.3000030517578,26394150.0,268.3000030517578,269.5449981689453,264.1549987792969,265.8050079345703,32781800.0,426.4650115966797,433.3550109863281,423.31500244140625,429.8000030517578,45881800.0,306.5849914550781,308.69000244140625,304.63999938964844,306.55999755859375,6849650.0,55.6150016784668,56.21500015258789,55.260000228881836,56.10499954223633,4161200.0,121.01499938964844,121.5,118.41500091552734,119.41999816894531,29563600.0,299000.0,301250.0,294750.0,295750.0,20918322.5,192.48500061035156,196.0999984741211,190.8300018310547,192.56999969482422,11865950.0,477.8000081380208,481.94166056315106,472.56667073567706,476.1333312988281,394448.3333333333,6.446666558583577,6.49999984105428,6.420000076293945,6.446666717529297,198320155.66666666,128.51250457763672,130.49500274658203,128.0,129.73500061035156,8733700.0,88.75,89.35000228881836,87.70999908447266,88.13999938964844,23930850.0,497.55499267578125,500.5550079345703,494.69000244140625,495.77500915527344,1953300.0,328.489990234375,330.9649963378906,326.6650085449219,327.6800079345703,8083600.0,1630.9400024414062,1650.77001953125,1610.0499877929688,1632.4650268554688,1658850.0,1033.0599975585938,1036.5700073242188,1010.6749572753906,1015.5849914550781,2376450.0,153.76499938964844,155.0500030517578,151.31999969482422,152.36499786376953,13003150.0,216.45999908447266,218.52999877929688,213.80500030517578,214.40999603271484,5056400.0,136.7925033569336,138.8499984741211,133.8000030517578,136.74000549316406,29650950.0,232.33383299563098,233.69668802757388,230.2346350620594,231.58999633789062,6040950.0,51.68644895593519,52.05453729234961,51.49743241592749,51.73121643066406,27040650.0,6.855000019073486,6.900000095367432,6.7850000858306885,6.815000057220459,169182060.5,10.009999910990397,10.169999758402506,9.946666399637857,10.126667022705078,96123584.0,312.4365156283865,313.5233647464754,307.90053124042265,309.4836730957031,4971000.0,304.8000030517578,310.63999938964844,303.3000030517578,308.6649932861328,4293150.0,477.2899932861328,494.18499755859375,470.9700012207031,485.70001220703125,36616200.0,76.63500213623047,77.2599983215332,76.44499969482422,76.95999908447266,15342800.0,144.18999481201172,145.125,143.02999877929688,143.70000457763672,6386950.0,382.6649932861328,388.5299987792969,378.7100067138672,383.9600067138672,6048350.0,190.18499755859375,191.24500274658203,186.8499984741211,188.06999969482422,10737100.0,176.79000091552734,178.28500366210938,175.09000396728516,175.54999542236328,2081350.0,81.0099983215332,81.63999938964844,80.57999801635742,80.97000122070312,10622200.0,119.5,120.77999877929688,117.38999938964844,119.37000274658203,24422200.0,201.99000549316406,203.50499725341797,200.25,201.3949966430664,4650800.0,788.6600036621094,848.5,783.75,823.4400024414062,56281850.0,,,,,,,1974669.7826371377,2019162.3417387777,1958672.4575800253,1996166.1875,4019390.5,188.23999786376953,188.84500122070312,186.59500122070312,187.11000061035156,1766300.0,881.4750061035156,901.7000122070312,869.5400085449219,894.2200012207031,2121650.0,189.93000030517578,190.68499755859375,189.25499725341797,189.58499908447266,437150.0,258.2999954223633,259.46500396728516,249.4199981689453,252.26499938964844,14164500.0
2026-05-25,484.0374984741211,487.6324996948242,482.27999114990234,484.30999755859375,4346000.0,383.24434661865234,385.02828429369515,378.6921013228263,381.3317480474246,15458875.0,418.24749755859375,431.47999572753906,415.30249786376953,420.0425109863281,20443775.0,412.19749450683594,415.03499603271484,408.2675018310547,410.37000274658203,9376975.0,308.6999969482422,311.71500396728516,307.21250915527344,308.4524917602539,46917925.0,608.6375122070312,614.5549774169922,605.7124938964844,611.8200225830078,12097800.0,1068.7025146484375,1079.0849914550781,1057.0374755859375,1064.8049926757812,3103400.0,27.55400276184082,27.55400276184082,27.55400276184082,27.55400276184082,0.0,217.37664621491473,218.6326820333263,212.4523926403565,214.72724151611328,182720875.0,417.2074966430664,420.927490234375,413.8474884033203,416.66500091552734,28396075.0,268.12000274658203,269.42249298095703,263.1125030517578,265.5475082397461,35404950.0,428.36251068115234,434.2775115966797,424.7174987792969,431.6949996948242,45770350.0,307.53749084472656,309.30999755859375,305.04000091552734,306.6499938964844,7287525.0,55.84750175476074,56.24749946594238,55.42000102996826,56.12249946594238,4291850.0,120.85250091552734,121.2750015258789,118.16749954223633,118.99499893188477,29180100.0,298500.0,301625.0,296125.0,297375.0,22179846.75,192.8925018310547,195.64999771118164,190.69499969482422,192.81499862670898,12361025.0,476.20001220703125,480.6499938964844,473.95001220703125,477.8999938964844,375016.0,6.429999828338623,6.489999771118164,6.420000076293945,6.440000057220459,173320631.0,129.30625534057617,130.36750411987305,128.5374984741211,129.60250091552734,7166350.0,88.57500076293945,89.04000282287598,87.47999954223633,87.90999984741211,23972675.0,496.7774963378906,498.70250701904297,493.375,494.3925094604492,1950300.0,327.47499084472656,329.7324981689453,325.58750915527344,327.0800094604492,8394350.0,1636.3949890136719,1649.3900146484375,1607.1499938964844,1632.2475280761719,1654925.0,1029.5950012207031,1032.0350036621094,1003.4174652099609,1009.2574920654297,2540525.0,153.63249969482422,154.8000030517578,150.39500045776367,151.08749771118164,13030475.0,216.18999862670898,217.79000091552734,212.85750198364258,213.76499557495117,4881550.0,136.47625350952148,138.76499557495117,133.5500030517578,136.67000579833984,30687425.0,232.6669164978155,233.46834676036897,229.65731844655704,230.88499450683594,6330275.0,51.81826472184143,52.14158463479122,51.55463509144029,51.8306999206543,27219125.0,6.852499961853027,6.900000095367432,6.772500157356262,6.797500133514404,165786665.75,9.989999771118164,10.1899995803833,9.989999771118164,10.140000343322754,82406841.0,312.57547121669836,313.9774614428351,307.2801827506577,308.8558807373047,5974600.0,305.5750045776367,312.8100051879883,304.8250045776367,311.5774917602539,4688675.0,481.0149917602539,500.57249450683594,475.6000061035156,494.7950134277344,37545000.0,76.77250289916992,77.46499824523926,76.60749816894531,77.23999786376953,18649750.0,144.34999465942383,145.36750030517578,142.77999877929688,143.33000564575195,7272075.0,379.76248931884766,387.5249938964844,377.5600051879883,384.9800033569336,6273225.0,190.09249877929688,190.86750411987305,185.37499618530273,186.3900032043457,12500850.0,176.6599998474121,177.57250213623047,174.94500350952148,175.34999465942383,2121825.0,80.92499732971191,81.61999893188477,80.40999794006348,80.71500015258789,11813200.0,120.02000045776367,120.77499771118164,117.24499893188477,118.85000228881836,25514700.0,202.42000579833984,203.71249771118164,200.05999755859375,201.57749557495117,5109100.0,804.5800018310547,882.6499938964844,802.0249938964844,859.6600036621094,66421325.0,,,,,,,1991167.007546639,2052906.682108424,1982168.5122329951,2023911.53125,4461490.75,188.24999618530273,188.72750091552734,186.6675033569336,187.1500015258789,1589050.0,883.2125091552734,905.6300048828125,873.7800140380859,901.3849945068359,2188675.0,190.09499740600586,190.81749725341797,189.62749862670898,189.83749771118164,457975.0,256.42499923706055,257.0075035095215,247.43499755859375,251.47750091552734,11710300.0
2026-05-26,485.5,487.7799987792969,483.2099914550781,483.6199951171875,4348600.0,384.6085205078125,385.15820799010294,378.911967276954,380.76583200111435,16150900.0,418.5,435.30999755859375,417.0,422.010009765625,22562900.0,413.1199951171875,416.489990234375,410.07000732421875,412.32000732421875,10132000.0,309.55999755859375,311.82000732421875,307.6700134277344,308.3299865722656,48000500.0,608.8900146484375,614.469970703125,605.2999877929688,612.3400268554688,12234200.0,1075.0,1082.0,1060.3599853515625,1064.739990234375,2981000.0,27.55400276184082,27.55400276184082,27.55400276184082,27.55400276184082,0.0,216.28791550863897,217.92600574795006,211.75320730356688,214.60987854003906,187202600.0,416.42999267578125,419.7699890136719,413.0199890136719,416.0299987792969,30398000.0,267.94000244140625,269.29998779296875,262.07000732421875,265.2900085449219,38028100.0,430.260009765625,435.20001220703125,426.1199951171875,433.5899963378906,45658900.0,308.489990234375,309.92999267578125,305.44000244140625,306.739990234375,7725400.0,56.08000183105469,56.279998779296875,55.58000183105469,56.13999938964844,4422500.0,120.69000244140625,121.05000305175781,117.91999816894531,118.56999969482422,28796600.0,298000.0,302000.0,297500.0,299000.0,23441371.0,193.3000030517578,195.1999969482422,190.55999755859375,193.05999755859375,12856100.0,477.0,477.0,469.1000061035156,469.20001220703125,347337.0,6.440000057220459,6.489999771118164,6.420000076293945,6.420000076293945,238594876.0,130.10000610351562,130.24000549316406,129.0749969482422,129.47000122070312,5599000.0,88.4000015258789,88.7300033569336,87.25,87.68000030517578,24014500.0,496.0,496.8500061035156,492.05999755859375,493.010009765625,1947300.0,326.4599914550781,328.5,324.510009765625,326.4800109863281,8705100.0,1641.8499755859375,1648.010009765625,1604.25,1632.030029296875,1651000.0,1026.1300048828125,1027.5,996.1599731445312,1002.9299926757812,2704600.0,153.5,154.5500030517578,149.47000122070312,149.80999755859375,13057800.0,215.9199981689453,217.0500030517578,211.91000366210938,213.1199951171875,4706700.0,136.16000366210938,138.67999267578125,133.3000030517578,136.60000610351562,31723900.0,233.0,233.24000549316406,229.0800018310547,230.17999267578125,6619600.0,51.95008048774768,52.22863197723284,51.61183776695309,51.93018341064453,27397600.0,6.849999904632568,6.900000095367432,6.760000228881836,6.78000020980835,162391271.0,10.109999656677246,10.359999656677246,10.079999923706055,10.3100004196167,128906977.0,312.71442680501025,314.43155813919475,306.6598342608927,308.22808837890625,6978200.0,306.3500061035156,314.9800109863281,306.3500061035156,314.489990234375,5084200.0,484.739990234375,506.9599914550781,480.2300109863281,503.8900146484375,38473800.0,76.91000366210938,77.66999816894531,76.7699966430664,77.5199966430664,21956700.0,144.50999450683594,145.61000061035156,142.52999877929688,142.9600067138672,8157200.0,376.8599853515625,386.5199890136719,376.4100036621094,386.0,6498100.0,190.0,190.49000549316406,183.89999389648438,184.7100067138672,14264600.0,176.52999877929688,176.86000061035156,174.8000030517578,175.14999389648438,2162300.0,80.83999633789062,81.5999984741211,80.23999786376953,80.45999908447266,13004200.0,120.54000091552734,120.7699966430664,117.0999984741211,118.33000183105469,26607200.0,202.85000610351562,203.9199981689453,199.8699951171875,201.75999450683594,5567400.0,820.5,916.7999877929688,820.2999877929688,895.8800048828125,76560800.0,,,,,,,2007664.2324561405,2086651.0224780703,2005664.566885965,2051656.875,4903591.0,188.25999450683594,188.61000061035156,186.74000549316406,187.19000244140625,1411800.0,884.9500122070312,909.5599975585938,878.02001953125,908.5499877929688,2255700.0,190.25999450683594,190.9499969482422,190.0,190.08999633789062,478800.0,254.5500030517578,254.5500030517578,245.4499969482422,250.69000244140625,9256100.0
2026-05-27,482.6700134277344,486.25,479.0199890136719,479.9200134277344,4152500.0,384.5985107421875,389.49058591164453,381.7702264112071,382.5347809021544,16893100.0,425.07000732421875,432.79998779296875,416.489990234375,421.8599853515625,17601000.0,427.0199890136719,430.54998779296875,415.3800048828125,422.7300109863281,14695600.0,308.3299865722656,313.260009765625,308.29998779296875,310.8500061035156,50430900.0,609.4000244140625,638.5,609.0,635.260009765625,23143600.0,1072.260009765625,1093.0,1069.9000244140625,1082.9200439453125,2583000.0,27.55400276184082,27.55400276184082,27.55400276184082,27.55400276184082,0.0,213.87072806866348,213.90069192498567,208.53694826896,212.35250854492188,167601200.0,411.010009765625,415.94000244140625,409.5799865722656,412.6700134277344,28901500.0,266.1499938964844,272.4100036621094,265.70001220703125,271.8500061035156,40061900.0,442.8900146484375,445.6000061035156,435.5199890136719,440.3599853515625,44656500.0,305.0,305.8999938964844,295.75,299.2799987792969,11779200.0,55.5,55.75,55.18000030517578,55.56999969482422,3149800.0,118.33000183105469,119.43000030517578,118.04000091552734,118.54000091552734,22062200.0,321500.0,323000.0,306000.0,307000.0,33916688.0,191.47999572753906,192.13999938964844,187.9199981689453,190.9600067138672,12126000.0,474.1499938964844,493.1000061035156,473.3999938964844,483.95001220703125,723742.0,6.409999847412109,6.420000076293945,6.28000020980835,6.309999942779541,355606040.0,126.31999969482422,129.0,126.25,127.76000213623047,8272800.0,87.05000305175781,88.5,86.81999969482422,87.3499984741211,22569500.0,493.010009765625,499.3500061035156,492.510009765625,495.0400085449219,2834900.0,325.8299865722656,331.4599914550781,325.6600036621094,327.6099853515625,5917400.0,1637.3499755859375,1639.1300048828125,1583.0,1597.8699951171875,1361600.0,1003.8599853515625,1013.510009765625,999.6900024414062,1003.6900024414062,2390100.0,147.22999572753906,148.69000244140625,145.75,147.89999389648438,16241100.0,213.1199951171875,215.94000244140625,211.36000061035156,215.39999389648438,4640100.0,133.3000030517578,135.72999572753906,131.6300048828125,132.50999450683594,34159800.0,229.97999572753906,232.88999938964844,229.02000427246094,231.2899932861328,5835500.0,52.11920189411005,52.218687283335434,50.49762610204201,50.83586883544922,48581500.0,6.809999942779541,6.829999923706055,6.699999809265137,6.71999979019165,128487416.0,10.229999542236328,10.449999809265137,10.199999809265137,10.220000267028809,137181723.0,312.4067459496401,318.6102158850976,312.1685423970403,315.4836730957031,5990100.0,314.29998779296875,320.4800109863281,311.95001220703125,317.2099914550781,4788100.0,508.0,510.2099914550781,486.6600036621094,495.5400085449219,27589300.0,77.12999725341797,77.70999908447266,75.18000030517578,76.11000061035156,15575700.0,143.4600067138672,148.5399932861328,143.4600067138672,147.49000549316406,10048900.0,384.010009765625,384.5299987792969,377.0899963378906,378.42999267578125,4544000.0,181.85000610351562,183.72000122070312,180.6699981689453,182.39999389648438,9442800.0,174.39999389648438,176.9600067138672,173.47000122070312,174.13999938964844,1994500.0,81.0999984741211,82.51000213623047,80.80000305175781,81.62000274658203,13209600.0,117.94000244140625,120.38999938964844,116.7699966430664,119.66999816894531,21705100.0,202.0500030517578,202.52999877929688,197.00999450683594,201.61000061035156,6731500.0,955.6599731445312,956.1599731445312,888.1500244140625,928.4099731445312,72295700.0,,,,,,,2278618.981275078,2357605.7735176105,2199632.189032546,2242625.0,7545783.0,187.42999267578125,188.72000122070312,185.3800048828125,185.64999389648438,2121600.0,905.1799926757812,911.6699829101562,889.8300170898438,909.9299926757812,2463400.0,190.0,190.72999572753906,189.35000610351562,190.11000061035156,451600.0,250.4600067138672,257.6199951171875,250.4600067138672,255.1999969482422,9275500.0
2026-05-28,479.3599853515625,481.80999755859375,477.0,477.4200134277344,4120000.0,385.88775634765625,389.76542753221133,381.0206903760399,383.6291059052824,20795400.0,421.1400146484375,429.67999267578125,414.010009765625,426.5799865722656,17855600.0,422.2200012207031,427.6000061035156,414.7099914550781,424.8599853515625,8905800.0,310.67999267578125,312.79998779296875,309.57000732421875,312.510009765625,48220400.0,639.5,643.0,629.3099975585938,635.2899780273438,16772400.0,1096.6400146484375,1149.0999755859375,1092.010009765625,1126.800048828125,4600700.0,27.55400276184082,27.55400276184082,27.55400276184082,27.55400276184082,0.0,211.03403615445995,215.2691056248748,210.97410844231206,214.00057983398438,143996000.0,412.9800109863281,429.489990234375,412.6700134277344,426.989990234375,47250500.0,272.2699890136719,274.5,267.44000244140625,274.0,40630400.0,437.6199951171875,443.9599914550781,436.29998779296875,442.1000061035156,32435000.0,297.57000732421875,301.07000732421875,295.75,296.7300109863281,9757700.0,54.36000061035156,54.709999084472656,54.119998931884766,54.619998931884766,2754700.0,118.95999908447266,119.16999816894531,117.33000183105469,118.9000015258789,21613100.0,305000.0,306500.0,287500.0,299500.0,30195334.0,194.0399932861328,205.0,193.3800048828125,203.6999969482422,25339900.0,479.75,486.6499938964844,473.95001220703125,480.95001220703125,417341.0,6.28000020980835,6.309999942779541,6.190000057220459,6.210000038146973,279293874.0,124.72000122070312,126.56999969482422,123.54000091552734,126.16000366210938,11541300.0,86.9000015258789,87.04000091552734,85.58999633789062,86.36000061035156,38803800.0,493.3399963378906,494.5799865722656,486.3500061035156,493.75,3924100.0,326.010009765625,327.0799865722656,320.8999938964844,324.95001220703125,8105400.0,1617.0899658203125,1627.530029296875,1580.0,1605.77001953125,971600.0,1011.6099853515625,1012.0,994.27001953125,995.2000122070312,2844300.0,149.33999633789062,150.2100067138672,146.8699951171875,146.9600067138672,14012500.0,215.89999389648438,219.3800048828125,215.89999389648438,218.6300048828125,5189300.0,133.16000366210938,145.0,133.0,143.33999633789062,52085200.0,230.02999877929688,231.8699951171875,229.72999572753906,230.8000030517578,7193400.0,50.65679837851425,51.23380224480318,50.37824688167382,50.50757598876953,48550100.0,6.679999828338623,6.699999809265137,6.510000228881836,6.590000152587891,218882732.0,10.199999809265137,10.289999961853027,10.010000228881836,10.09000015258789,85350046.0,315.08664723408407,319.4836593172751,312.8136874394369,318.8186340332031,6818900.0,316.7699890136719,322.32000732421875,314.2900085449219,320.82000732421875,5022600.0,499.0,527.2000122070312,493.5199890136719,518.0900268554688,31438500.0,75.83999633789062,77.62000274658203,75.3499984741211,76.6500015258789,14146700.0,146.6999969482422,146.6999969482422,145.00999450683594,145.91000366210938,10196700.0,382.5299987792969,389.260009765625,380.9599914550781,384.9599914550781,4330800.0,183.7100067138672,185.25999450683594,182.08999633789062,183.02999877929688,8725400.0,172.82000732421875,177.83999633789062,171.69000244140625,175.4600067138672,3516100.0,81.31999969482422,81.76000213623047,80.33999633789062,80.41000366210938,14691400.0,120.52999877929688,120.72000122070312,117.95999908447266,118.63999938964844,20631300.0,199.9199981689453,204.3800048828125,199.67999267578125,203.7899932861328,6174800.0,929.8300170898438,949.489990234375,904.780029296875,923.52001953125,49694300.0,,,,,,,2189000.0,2305000.0,2151000.0,2289000.0,6229499.0,183.8000030517578,186.4600067138672,183.36000061035156,185.3300018310547,2059500.0,898.5599975585938,905.0,880.469970703125,887.6699829101562,2750600.0,190.17999267578125,192.67999267578125,190.14999389648438,191.83999633789062,416100.0,261.0,268.8900146484375,257.0,264.2200012207031,12432900.0
2026-05-29,476.9100036621094,477.2900085449219,472.2699890136719,474.4800109863281,7902300.0,376.2035827636719,381.4204443301482,374.07485900677307,380.9957121529665,48018600.0,432.95001220703125,448.8999938964844,431.4700012207031,446.7699890136719,41798400.0,427.07000732421875,430.44000244140625,417.25,418.45001220703125,11232300.0,311.7799987792969,315.0,309.5299987792969,312.05999755859375,70026800.0,633.5,634.5,623.3499755859375,632.510009765625,19806500.0,1127.0,1132.6600341796875,1089.010009765625,1105.0,4600800.0,27.422322642943392,27.461826864535226,27.415738501361705,27.43549092610677,4496189.666666666,214.33020874183248,217.6063892667686,210.88422794322287,210.8942108154297,289410600.0,432.54998779296875,450.3299865722656,432.3599853515625,450.239990234375,79654400.0,271.2900085449219,274.75,269.6400146484375,270.6400146484375,54749600.0,439.8500061035156,441.07000732421875,428.1400146484375,435.7900085449219,45176800.0,296.3999938964844,299.8800048828125,295.20001220703125,299.30999755859375,13969000.0,54.5,54.720001220703125,54.220001220703125,54.599998474121094,2976600.0,118.11000061035156,119.08000183105469,114.70999908447266,115.75,42191000.0,309500.0,319000.0,305500.0,317000.0,37241537.0,209.0,226.2899932861328,208.00999450683594,225.77999877929688,41082200.0,486.0,491.1000061035156,473.04998779296875,473.04998779296875,1701998.0,6.179999828338623,6.349999904632568,6.139999866485596,6.320000171661377,329105462.0,124.38999938964844,125.04000091552734,123.43000030517578,124.22000122070312,12504300.0,86.19999694824219,86.66999816894531,85.66000366210938,86.0199966430664,39793600.0,494.5,500.1099853515625,492.8399963378906,493.9800109863281,5693100.0,325.5,331.6700134277344,325.3500061035156,326.3599853515625,14104500.0,1633.469970703125,1654.199951171875,1604.8599853515625,1612.760009765625,1069400.0,986.5700073242188,998.8200073242188,945.4500122070312,956.3200073242188,7028000.0,146.19000244140625,146.92999267578125,144.7100067138672,145.25999450683594,27959900.0,219.02000427246094,219.60000610351562,214.89999389648438,217.72000122070312,7618500.0,147.8249969482422,157.7790069580078,145.7899932861328,156.5399932861328,92196600.0,231.22999572753906,231.5,224.58999633789062,225.3300018310547,13897700.0,50.70654161950541,51.53224944670946,50.3484018216899,51.333282470703125,57930600.0,6.519999980926514,6.650000095367432,6.519999980926514,6.639999866485596,346424884.0,10.010000228881836,10.210000038146973,9.899999618530273,9.960000038146973,118845363.0,318.09409181489474,319.7020263439793,314.6399889184457,314.7789611816406,6963300.0,319.3299865722656,325.9200134277344,316.5799865722656,323.760009765625,9345400.0,520.7999877929688,522.0,503.42999267578125,516.0999755859375,30803200.0,76.62000274658203,77.75,76.33999633789062,77.54000091552734,22322900.0,145.52000427246094,145.63999938964844,143.1999969482422,143.55999755859375,12355800.0,380.30999755859375,385.1199951171875,375.45001220703125,383.7799987792969,10257900.0,182.72000122070312,182.97000122070312,180.39999389648438,182.4600067138672,13886500.0,175.94000244140625,182.82000732421875,175.10000610351562,181.7899932861328,5018800.0,80.04000091552734,80.33000183105469,78.91000366210938,79.01000213623047,32477000.0,117.81999969482422,121.43000030517578,117.01000213623047,120.41999816894531,42179300.0,204.0,208.0800018310547,203.72000122070312,208.0,8255500.0,957.0,981.0,940.510009765625,971.0,60498600.0,,,,,,,2352000.0,2379000.0,2290500.0,2333000.0,8518013.0,185.99000549316406,187.10000610351562,184.64999389648438,185.6699981689453,1499100.0,886.6900024414062,890.8099975585938,866.1900024414062,875.8699951171875,5195400.0,191.3800048828125,191.7899932861328,189.75999450683594,189.9499969482422,664400.0,277.29998779296875,301.0,273.3299865722656,297.79998779296875,28481000.0
2026-05-31,474.33665974934894,474.6900126139323,469.3966573079427,471.6866760253906,6769833.333333333,373.6384582519531,376.72328182597755,371.0167043726041,375.23252046613726,28734133.333333332,444.3766682942708,460.3333231608073,438.6366678873698,455.5699971516927,34323466.666666664,425.61000569661456,443.07334391276044,420.75,429.90334065755206,15771033.333333332,310.34666951497394,312.2933349609375,306.52332560221356,308.22666422526044,55908866.66666667,631.433349609375,635.3333333333334,607.4700113932291,611.1499837239584,26028033.333333332,1105.6666666666667,1115.0000406901042,1077.4033203125,1089.7999674479167,3329200.0,27.15896240514854,27.277475069924037,27.13920998040347,27.198467254638672,13488569.0,215.0959745815382,222.27427423812102,213.92733841083293,219.69728088378906,238370666.6666667,454.07666015625,460.99000040690106,449.63332112630206,457.09332275390625,62304066.66666667,267.95667521158856,269.336669921875,263.6800130208333,264.3866780598958,53986133.333333336,431.60999552408856,433.42333984375,419.6666666666667,422.5166727701823,45017533.333333336,297.25999959309894,299.6599934895833,295.2466634114583,297.489990234375,9943000.0,55.04666646321615,55.36666615804037,54.72666676839193,55.06666564941406,4335733.333333334,115.85666910807292,117.01333618164062,113.94333140055339,114.98333231608073,31514466.666666664,316166.6666666667,342666.6666666667,314833.3333333333,338333.3333333333,42448837.666666664,223.33333333333334,242.2633310953776,219.07000223795572,240.69332885742188,45954066.666666664,478.8666585286458,485.46666463216144,467.9499918619792,470.88332112630206,981524.6666666667,6.273333390553792,6.443333148956299,6.239999930063884,6.433333237965901,364124827.3333333,124.26333109537761,125.91333262125652,123.80333201090495,125.00666809082031,10366633.333333334,85.8866678873698,87.0433349609375,85.43333435058594,85.9066645304362,35096000.0,494.3333333333333,498.1233317057292,490.0466613769531,494.82667032877606,4999966.666666667,326.67333984375,329.12999471028644,320.90333048502606,323.96665445963544,11421033.333333334,1607.469970703125,1649.086669921875,1592.0266520182292,1623.2999674479167,1062400.0,965.5233357747396,972.4133504231771,939.4900105794271,949.5133260091146,4220200.0,146.74333699544272,148.74332682291666,146.2366689046224,148.0066680908203,20474700.0,216.5133310953776,217.53333536783853,212.6399943033854,214.52666219075522,5778433.333333334,155.92832946777344,161.72633361816406,152.51666768391928,159.27999369303384,69168200.0,225.8766632080078,226.7933349609375,222.08999633789062,224.11666361490884,9993233.333333332,50.93203689277999,51.5521479162094,50.50757350350513,51.27359263102213,42179333.333333336,6.566666762034099,6.669999917348226,6.5333333015441895,6.646666685740153,231869979.3333333,10.03000005086263,10.149999936421713,9.93999989827474,10.039999961853027,109574805.66666667,314.55398476591847,315.5928640488936,308.47954162839807,310.51097615559894,5350566.666666666,320.7633361816406,326.24000040690106,315.4733378092448,324.32000732421875,6204133.333333334,507.0399983723958,519.0,492.34332275390625,512.1199951171875,32473866.666666668,76.70666758219402,77.92999776204427,76.44666544596355,77.29333241780598,17818900.0,142.85333760579428,143.0933380126953,140.3066660563151,141.37333170572916,11514466.666666666,380.00998942057294,383.94000244140625,375.7633463541667,378.6666564941406,7835100.0,183.82667032877603,186.28333536783853,182.8133341471354,184.70667012532553,10529166.666666666,187.96000162760416,191.86666870117188,185.92666625976562,191.33666483561197,4794066.666666667,79.06666819254558,79.57666524251302,78.59000142415364,78.76333363850911,19343200.0,119.14000193277995,121.77666473388672,117.87000274658203,121.02666727701823,30037633.333333336,206.40666707356772,210.76666768391928,205.64000447591147,210.00666300455728,7039300.0,992.1466471354166,1024.97998046875,986.5033365885416,1014.0,51200933.333333336,,,,,,,2316666.6666666665,2391666.6666666665,2294166.6666666665,2353000.0,6574602.333333334,183.81000264485678,184.5199991861979,181.29666137695312,181.69667053222656,2428033.333333333,869.0033162434896,879.4500122070312,857.6433308919271,868.8633219401041,3515133.333333333,185.57999674479166,186.40333557128906,184.59332784016928,185.2633310953776,697933.3333333334,307.46665445963544,318.98667399088544,296.4433288574219,312.8800048828125,31413800.0
2026-06-01,473.04998779296875,473.3900146484375,467.9599914550781,470.2900085449219,6203600.0,372.35589599609375,374.37470057389226,369.4876270555196,372.35092462272263,19091900.0,450.0899963378906,466.04998779296875,442.2200012207031,459.9700012207031,30586000.0,424.8800048828125,449.3900146484375,422.5,435.6300048828125,18040400.0,309.6300048828125,310.94000244140625,305.0199890136719,306.30999755859375,48849900.0,630.4000244140625,635.75,599.530029296875,600.469970703125,29138800.0,1095.0,1106.1700439453125,1071.5999755859375,1082.199951171875,2693400.0,27.17871609262409,27.257723911580175,26.961443177723606,27.020700454711914,27572123.0,215.47885750139108,224.60821672379726,215.44889364463796,224.09881591796875,212850700.0,464.8399963378906,466.32000732421875,458.2699890136719,460.5199890136719,53628900.0,266.2900085449219,266.6300048828125,260.70001220703125,261.260009765625,53604400.0,427.489990234375,429.6000061035156,415.42999267578125,415.8800048828125,44937900.0,297.69000244140625,299.54998779296875,295.2699890136719,296.5799865722656,7930000.0,55.31999969482422,55.689998626708984,54.97999954223633,55.29999923706055,5015300.0,114.7300033569336,115.9800033569336,113.55999755859375,114.5999984741211,26176200.0,319500.0,354500.0,319500.0,349000.0,45052488.0,230.5,250.25,224.60000610351562,248.14999389648438,48390000.0,475.29998779296875,482.6499938964844,465.3999938964844,469.79998779296875,621288.0,6.320000171661377,6.489999771118164,6.289999961853027,6.489999771118164,381634510.0,124.19999694824219,126.3499984741211,123.98999786376953,125.4000015258789,9297800.0,85.7300033569336,87.2300033569336,85.31999969482422,85.8499984741211,32747200.0,494.25,497.1300048828125,488.6499938964844,495.25,4653400.0,327.260009765625,327.8599853515625,318.67999267578125,322.7699890136719,10079300.0,1594.469970703125,1646.530029296875,1585.6099853515625,1628.5699462890625,1058900.0,955.0,959.2100219726562,936.510009765625,946.1099853515625,2816300.0,147.02000427246094,149.64999389648438,147.0,149.3800048828125,16732100.0,215.25999450683594,216.5,211.50999450683594,212.92999267578125,4858400.0,159.97999572753906,163.6999969482422,155.8800048828125,160.64999389648438,57654000.0,223.1999969482422,224.44000244140625,220.83999633789062,223.50999450683594,8041000.0,51.044784529417285,51.56209715095937,50.58715934441274,51.24374771118164,34303700.0,6.590000152587891,6.679999828338623,6.539999961853027,6.650000095367432,174592527.0,10.039999961853027,10.119999885559082,9.960000038146973,10.079999923706055,104939527.0,312.7839312414303,313.5382829013507,305.39931798337426,308.3769836425781,4544200.0,321.4800109863281,326.3999938964844,314.9200134277344,324.6000061035156,4633500.0,500.1600036621094,517.5,486.79998779296875,510.1300048828125,33309200.0,76.75,78.0199966430664,76.5,77.16999816894531,15566900.0,141.52000427246094,141.82000732421875,138.86000061035156,140.27999877929688,11093800.0,379.8599853515625,383.3500061035156,375.9200134277344,376.1099853515625,6623700.0,184.3800048828125,187.94000244140625,184.02000427246094,185.8300018310547,8850500.0,193.97000122070312,196.38999938964844,191.33999633789062,196.11000061035156,4681700.0,78.58000183105469,79.19999694824219,78.43000030517578,78.63999938964844,12776300.0,119.80000305175781,121.94999694824219,118.30000305175781,121.33000183105469,23966800.0,207.61000061035156,212.11000061035156,206.60000610351562,211.00999450683594,6431200.0,1009.719970703125,1046.969970703125,1009.5,1035.5,46552100.0,,,,,,,2299000.0,2398000.0,2296000.0,2363000.0,5602897.0,182.72000122070312,183.22999572753906,179.6199951171875,179.7100067138672,2892500.0,860.1599731445312,873.77001953125,853.3699951171875,865.3599853515625,2675000.0,182.67999267578125,183.7100067138672,182.00999450683594,182.9199981689453,714700.0,322.54998779296875,327.9800109863281,308.0,320.4200134277344,32880200.0
2026-06-02,470.0,473.8800048828125,468.2099914550781,471.510009765625,4704700.0,358.1744384765625,369.56757513109494,354.78646296524,362.94155828091095,34648600.0,488.7900085449219,488.82000732421875,470.4599914550781,481.57000732421875,38306700.0,440.5799865722656,448.3800048828125,436.010009765625,446.69000244140625,10147900.0,307.4599914550781,315.45001220703125,306.69000244140625,315.20001220703125,44534700.0,603.239990234375,608.8800048828125,596.6799926757812,597.6300048828125,18252000.0,1067.3699951171875,1078.219970703125,1052.1500244140625,1064.1500244140625,2408500.0,27.260000228881836,27.479999542236328,27.100000381469727,27.3799991607666,19366310.0,226.91551751623658,232.00958636747916,221.09231801448135,222.56060791015625,193362900.0,446.8800048828125,453.5,440.42999267578125,441.30999755859375,37036800.0,257.1600036621094,261.20001220703125,254.3699951171875,256.5199890136719,41811000.0,418.2200012207031,424.4200134277344,413.6499938964844,423.739990234375,37596000.0,296.5,302.07000732421875,295.2699890136719,300.9599914550781,8296200.0,61.029998779296875,61.380001068115234,59.11000061035156,60.33000183105469,8593200.0,113.87000274658203,114.56999969482422,112.7300033569336,113.05999755859375,27366400.0,360500.0,370000.0,342000.0,360500.0,44720282.0,242.8000030517578,249.0,238.83999633789062,244.5800018310547,30294800.0,473.0,479.75,471.75,475.0,558401.0,6.5,6.559999942779541,6.429999828338623,6.449999809265137,321904123.0,132.25,134.08999633789062,130.52000427246094,130.82000732421875,15355100.0,85.61000061035156,85.9800033569336,83.29000091552734,83.33000183105469,42947200.0,493.05999755859375,493.989990234375,477.67999267578125,477.67999267578125,5028300.0,322.510009765625,323.5,313.3900146484375,317.32000732421875,10125300.0,1659.68994140625,1708.3199462890625,1647.5899658203125,1705.3699951171875,1484000.0,942.2899780273438,955.3900146484375,939.4500122070312,954.27001953125,2218200.0,149.02999877929688,150.8300018310547,148.5,149.55999755859375,10462400.0,211.00999450683594,216.57000732421875,208.99000549316406,215.39999389648438,5861800.0,156.69000244140625,159.5500030517578,149.8000030517578,152.1699981689453,43163100.0,222.5800018310547,225.5,221.1699981689453,222.88999938964844,5669000.0,50.995041245917065,52.43754712055434,50.995041245917065,52.208736419677734,42126500.0,6.650000095367432,6.800000190734863,6.599999904632568,6.800000190734863,180882126.0,10.0600004196167,10.3100004196167,10.0600004196167,10.180000305175781,101839322.0,307.6722619962661,309.87573568166556,306.272755574017,309.2007751464844,4310000.0,323.0,325.0299987792969,316.6600036621094,317.7200012207031,4827600.0,506.29998779296875,522.489990234375,501.2200012207031,521.5399780273438,24293200.0,76.80999755859375,79.54000091552734,76.72000122070312,79.44000244140625,19447400.0,140.1199951171875,141.1199951171875,139.02999877929688,140.82000732421875,9599500.0,377.9200134277344,380.0799865722656,374.7200012207031,377.9800109863281,3874400.0,184.8800048828125,188.4499969482422,184.8800048828125,187.5500030517578,6549800.0,192.74000549316406,194.1199951171875,186.88999938964844,190.82000732421875,4402000.0,78.87999725341797,79.19999694824219,78.25,78.41000366210938,12533200.0,122.48999786376953,128.22000122070312,122.48999786376953,128.0,26451500.0,210.25999450683594,217.02999877929688,210.25999450683594,214.97999572753906,7664400.0,1050.0,1076.56005859375,1017.2000122070312,1064.0999755859375,47555400.0,,,,,,,2376000.0,2407000.0,2259000.0,2360000.0,5837216.0,179.10000610351562,179.55999755859375,176.02999877929688,177.4499969482422,2035100.0,876.6699829101562,911.9600219726562,873.1199951171875,909.8099975585938,2822600.0,178.9499969482422,181.3699951171875,178.5,180.49000549316406,922400.0,313.75,332.4599914550781,310.1099853515625,329.2300109863281,17210700.0
2026-06-03,470.8900146484375,480.5899963378906,470.4100036621094,475.3699951171875,6586300.0,355.466064453125,362.28196979782444,354.16685855422884,358.1194663498822,43031000.0,494.7799987792969,495.0,472.6400146484375,479.2300109863281,50126400.0,449.989990234375,450.1600036621094,434.5299987792969,436.69000244140625,10245200.0,314.17999267578125,316.94000244140625,308.8500061035156,310.260009765625,50836700.0,603.0,624.1500244140625,600.27001953125,622.97998046875,23020100.0,1059.5,1093.280029296875,1053.510009765625,1078.780029296875,2655600.0,27.360000610351562,27.5,27.18000030517578,27.260000228881836,16967971.0,221.46188713313538,222.56061267075634,214.2602739078757,214.5,160907000.0,438.45001220703125,440.3900146484375,424.25,427.3399963378906,39037000.0,254.6999969482422,257.0899963378906,247.7100067138672,250.02000427246094,51394200.0,418.70001220703125,433.6000061035156,416.0,423.70001220703125,44500700.0,299.9200134277344,301.9599914550781,296.55999755859375,300.8500061035156,7003900.0,59.34000015258789,59.349998474121094,58.119998931884766,58.130001068115234,4796400.0,113.0999984741211,117.29000091552734,112.95999908447266,116.88999938964844,32880600.0,354750.0,368000.0,345000.0,356000.0,39745659.5,240.47999572753906,240.50999450683594,227.61000061035156,230.3300018310547,23644700.0,473.3999938964844,475.5,460.8500061035156,460.8500061035156,525369.0,6.429999828338623,6.429999828338623,6.329999923706055,6.360000133514404,277403238.0,128.75999450683594,128.88999938964844,126.83000183105469,127.20999908447266,8646200.0,82.91000366210938,83.30999755859375,81.0999984741211,81.5199966430664,36714700.0,477.3500061035156,481.9599914550781,464.5199890136719,471.54998779296875,5227200.0,317.6499938964844,317.6499938964844,309.0,312.3999938964844,8992800.0,1709.31005859375,1743.27001953125,1690.0,1726.3599853515625,1826900.0,952.8800048828125,969.1799926757812,951.97998046875,961.8300170898438,2174100.0,150.61000061035156,154.91000366210938,150.02000427246094,152.52999877929688,14373000.0,214.8000030517578,219.5399932861328,213.72999572753906,217.1300048828125,5667500.0,149.6999969482422,151.67999267578125,141.25,142.1999969482422,41072500.0,222.4499969482422,224.92999267578125,222.0,223.24000549316406,6507200.0,51.9898708508925,52.27837277644069,50.95524940630705,52.129150390625,48065400.0,6.800000190734863,6.800000190734863,6.679999828338623,6.71999979019165,114520126.0,10.140000343322754,10.170000076293945,9.880000114440918,10.0600004196167,103826174.0,305.6474630032703,311.185907914239,304.83356043684665,310.6400146484375,4328300.0,313.44000244140625,319.54998779296875,311.0,314.6400146484375,4127000.0,533.75,546.4400024414062,524.2999877929688,542.52001953125,29411100.0,78.87999725341797,79.12999725341797,77.4000015258789,78.68000030517578,15236600.0,140.92999267578125,142.4499969482422,140.0,140.19000244140625,9351000.0,377.0,387.4599914550781,376.80999755859375,380.0,6808400.0,188.88999938964844,191.47999572753906,187.9600067138672,189.7100067138672,7983700.0,185.13999938964844,186.00999450683594,180.02000427246094,180.6699981689453,2634700.0,78.29000091552734,79.02999877929688,78.11000061035156,78.76000213623047,14964300.0,126.16000366210938,129.4199981689453,124.91999816894531,126.5,29972500.0,212.85000610351562,213.49000549316406,208.7899932861328,210.13999938964844,5957300.0,1079.010009765625,1089.2900390625,1038.5,1079.5699462890625,40324200.0,,,,,,,2330000.0,2367000.0,2260500.0,2329000.0,4889141.5,174.60000610351562,177.55999755859375,174.60000610351562,176.27999877929688,2397000.0,914.4299926757812,936.7100219726562,912.3900146484375,926.1799926757812,2511200.0,180.69000244140625,180.88999938964844,179.3800048828125,180.22000122070312,475300.0,318.29998779296875,318.29998779296875,302.5299987792969,305.6300048828125,13926600.0
2026-06-04,481.6000061035156,482.94000244140625,474.6499938964844,478.6300048828125,5276000.0,369.0478820800781,369.63752354949486,354.58658421381983,355.226213908984,37746200.0,408.989990234375,426.4800109863281,403.010009765625,418.9100036621094,80979400.0,430.6300048828125,448.010009765625,427.29998779296875,444.9200134277344,10974100.0,313.2300109863281,313.5400085449219,309.6499938964844,311.2300109863281,44869100.0,623.6699829101562,642.4000244140625,622.4299926757812,627.5700073242188,21469200.0,1108.5999755859375,1140.4599609375,1101.6199951171875,1125.27001953125,4046700.0,27.260000228881836,27.299999237060547,27.079999923706055,27.15999984741211,14457795.0,213.91000366210938,221.60000610351562,210.97000122070312,218.66000366210938,169022200.0,435.80999755859375,436.1499938964844,426.4100036621094,428.04998779296875,26899500.0,253.1199951171875,255.8300018310547,251.75,253.7899932861328,35609800.0,419.8399963378906,426.3500061035156,417.1600036621094,418.45001220703125,35323300.0,305.739990234375,312.9100036621094,304.44000244140625,310.8900146484375,10345200.0,58.380001068115234,58.97999954223633,58.060001373291016,58.18000030517578,5228500.0,119.9000015258789,119.94000244140625,117.29000091552734,117.73999786376953,22870400.0,349000.0,366000.0,348000.0,351500.0,34771037.0,227.0,238.9499969482422,224.0,236.33999633789062,19993800.0,461.04998779296875,479.95001220703125,460.95001220703125,474.1000061035156,478113.0,6.369999885559082,6.409999847412109,6.28000020980835,6.300000190734863,201933169.0,126.62000274658203,128.1699981689453,125.94000244140625,125.94999694824219,6928100.0,83.19000244140625,83.69999694824219,81.37000274658203,81.55999755859375,39338800.0,479.55999755859375,488.54998779296875,477.4599914550781,481.760009765625,4020600.0,316.7900085449219,324.760009765625,316.70001220703125,320.17999267578125,6981700.0,1679.800048828125,1779.2900390625,1672.4300537109375,1757.469970703125,2248200.0,986.9600219726562,990.010009765625,968.2100219726562,972.3499755859375,2345200.0,152.0500030517578,153.42999267578125,150.94000244140625,152.0399932861328,11799400.0,222.5,224.99000549316406,219.83999633789062,224.94000244140625,6782000.0,145.4600067138672,146.3699951171875,140.27200317382812,141.6999969482422,40834000.0,227.08999633789062,228.6699981689453,225.89999389648438,228.1699981689453,7274800.0,52.85537791976811,54.049176010377195,52.52708183198432,53.88999938964844,51883600.0,6.699999809265137,6.75,6.659999847412109,6.71999979019165,113514935.0,10.09000015258789,10.140000343322754,9.989999771118164,10.029999732971191,66230918.0,317.8299865722656,320.75,308.1099853515625,309.95001220703125,4558600.0,316.6700134277344,329.4599914550781,316.25,327.6499938964844,4243400.0,514.75,532.1900024414062,499.8699951171875,523.2000122070312,29110000.0,79.97000122070312,81.88999938964844,79.72000122070312,81.62000274658203,19452100.0,142.6999969482422,143.13999938964844,139.88999938964844,140.77999877929688,8194000.0,396.4700012207031,401.3800048828125,389.82000732421875,390.0,12666100.0,189.0,190.10000610351562,187.6699981689453,188.35000610351562,5163200.0,192.30999755859375,192.47999572753906,187.0,187.13999938964844,3925600.0,79.77999877929688,80.04000091552734,76.80999755859375,76.81999969482422,19361600.0,126.05999755859375,130.3699951171875,124.13999938964844,130.0,23339500.0,212.00999450683594,219.16000366210938,211.14999389648438,218.27000427246094,5565300.0,1007.0999755859375,1036.3699951171875,971.6799926757812,996.0,54917200.0,,,,,,,2284000.0,2327000.0,2262000.0,2298000.0,3941067.0,180.5800018310547,183.3699951171875,180.24000549316406,181.8000030517578,2030300.0,913.989990234375,946.8300170898438,903.0,940.47998046875,3077000.0,178.5,179.83999633789062,178.5,179.5,564300.0,307.42999267578125,310.44000244140625,300.17999267578125,301.7699890136719,9608100.0
2026-06-05,480.989990234375,491.0,479.3500061035156,488.1300048828125,8475800.0,365.5400085449219,368.97794185707363,361.41248782137086,363.16143521275876,23411500.0,407.6099853515625,410.5,385.5899963378906,385.7300109863281,51146100.0,429.7699890136719,433.8999938964844,412.7900085449219,415.1700134277344,19644200.0,312.8599853515625,315.1700134277344,307.1499938964844,307.3399963378906,65310500.0,623.4600219726562,629.1500244140625,582.9099731445312,593.0,30091600.0,1142.969970703125,1166.2900390625,1131.030029296875,1131.4200439453125,4126200.0,27.173333485921223,27.213333129882812,27.019999821980793,27.106666564941406,11823076.666666668,214.52999877929688,214.8699951171875,204.3300018310547,205.10000610351562,219655500.0,428.3399963378906,429.4700012207031,414.3999938964844,416.6700134277344,34782200.0,254.25999450683594,256.3800048828125,245.77999877929688,246.02999877929688,55607800.0,420.5,424.67999267578125,388.5899963378906,391.0,63420200.0,314.2900085449219,315.0,309.6000061035156,312.3699951171875,9118800.0,57.970001220703125,57.97999954223633,56.63999938964844,56.95000076293945,3926600.0,118.3499984741211,120.88999938964844,118.0999984741211,118.87999725341797,36638100.0,333500.0,343000.0,325000.0,329000.0,33725012.0,229.49000549316406,231.44000244140625,209.4499969482422,213.67999267578125,29019900.0,474.70001220703125,484.6000061035156,474.70001220703125,479.04998779296875,526691.0,6.309999942779541,6.400000095367432,6.309999942779541,6.360000133514404,258188753.0,125.01000213623047,125.2300033569336,120.45999908447266,121.05999755859375,12891400.0,82.33000183105469,82.75,81.0,82.18000030517578,43474100.0,484.0,494.0,484.0,491.0799865722656,4230700.0,322.3999938964844,325.9800109863281,320.9700012207031,323.57000732421875,7176300.0,1685.3599853515625,1705.47998046875,1638.3800048828125,1641.739990234375,2744600.0,977.5,997.4099731445312,971.5999755859375,971.8699951171875,3092000.0,152.00999450683594,152.1300048828125,149.3000030517578,149.9199981689453,16584000.0,227.3699951171875,230.47000122070312,226.0,227.22999572753906,6248900.0,140.3249969482422,141.97000122070312,134.02499389648438,135.52999877929688,38283500.0,230.0,235.22000122070312,229.0,232.77000427246094,8034900.0,54.16999816894531,54.279998779296875,53.31999969482422,53.83000183105469,38829400.0,6.760000228881836,6.829999923706055,6.710000038146973,6.829999923706055,181264958.0,10.069999694824219,10.34000015258789,10.050000190734863,10.220000267028809,126275926.0,310.8299865722656,314.04998779296875,308.6300048828125,310.7799987792969,3946300.0,326.8999938964844,332.489990234375,322.5299987792969,328.0,3951500.0,499.5299987792969,505.6199951171875,463.95001220703125,466.3800048828125,46900600.0,82.1500015258789,82.44999694824219,81.44999694824219,81.94000244140625,15110600.0,142.22000122070312,148.22999572753906,141.8000030517578,146.5399932861328,10963200.0,399.4700012207031,404.0400085449219,397.20001220703125,399.5400085449219,10897300.0,189.05999755859375,189.61000061035156,186.58999633789062,187.30999755859375,6310900.0,190.67999267578125,192.1300048828125,183.8000030517578,184.77000427246094,3822400.0,77.51000213623047,80.73999786376953,77.4800033569336,79.4800033569336,25708100.0,128.66000366210938,128.83999633789062,121.55000305175781,121.63999938964844,33169300.0,218.32000732421875,218.32000732421875,211.16000366210938,211.92999267578125,6171000.0,944.4000244140625,961.8900146484375,864.010009765625,864.010009765625,77250500.0,,,,,,,2142000.0,2188000.0,2070000.0,2070000.0,5778751.0,184.02000427246094,186.1199951171875,184.02000427246094,185.9499969482422,2346100.0,929.9299926757812,934.030029296875,901.5,904.280029296875,2780500.0,178.9199981689453,179.22999572753906,176.16000366210938,177.16000366210938,750300.0,300.0,302.29998779296875,281.07000732421875,284.8399963378906,12509500.0
2026-06-07,484.4166666666667,490.8400065104167,483.06334431966144,487.3766682942708,6274200.0,362.6266784667969,365.2459838742329,359.0641723727486,362.7104686386279,20259166.666666668,404.2833251953125,405.39333089192706,389.4300028483073,392.97667439778644,41727833.33333333,425.7699890136719,433.8399963378906,419.28333536783856,422.92332967122394,14027200.0,310.1133219401042,316.6566670735677,303.16334025065106,303.4733378092448,73590833.33333333,602.4866739908854,604.3833414713541,580.4499715169271,587.9266764322916,22657266.666666668,1153.6566569010417,1177.25,1139.4099934895833,1143.2400309244792,4373466.666666667,27.0,27.040000915527344,26.899999618530273,27.0,6553640.0,211.62999471028647,211.9366658528646,205.4433339436849,207.46000162760416,165046100.0,418.8733418782552,421.2633361816406,410.5066630045573,413.3833312988281,32901733.333333332,249.20665995279947,251.74000040690103,244.16666666666666,245.49000040690103,41061066.666666664,404.38665771484375,416.85333251953125,392.6766662597656,402.9666748046875,54579866.666666664,313.59666951497394,315.8666585286458,310.3866678873698,311.5299886067708,7579333.333333333,57.3500010172526,57.59333419799805,56.56000010172526,56.75000127156576,3909533.3333333335,118.28333282470703,120.41666666666667,118.13333384195964,119.51333363850911,25197700.0,306500.0,324666.6666666667,303333.3333333333,306666.6666666667,37194792.0,221.66333516438803,223.1866658528646,209.37000020345053,212.44000244140625,21121966.666666668,473.6666666666667,485.96666463216144,471.93332926432294,481.31667073567706,488101.6666666667,6.370000044504802,6.526666800181071,6.349999904632568,6.50000015894572,447032593.0,122.8433354695638,123.31666819254558,119.8933334350586,120.39999898274739,10583733.333333334,81.88333638509114,82.97000122070312,81.22666422526042,82.48666636149089,36456166.666666664,485.8400065104167,491.01332600911456,483.8000081380208,487.4733378092448,3471100.0,321.7000020345052,324.60667928059894,319.2766621907552,320.9700113932292,6103433.333333333,1716.9800211588542,1748.1533203125,1692.1400146484375,1713.2733561197917,2288733.3333333335,968.1400146484375,985.1233113606771,964.5333251953125,973.7899983723959,2419333.3333333335,151.4433339436849,153.25,150.36666361490884,151.13999938964844,14757600.0,226.9566650390625,229.21000162760416,222.77999877929688,224.45667012532553,5353566.666666667,137.22832743326822,139.163330078125,134.86166381835938,136.15666707356772,30679033.333333332,231.84666951497397,235.03999837239584,230.03999837239584,232.36333719889322,7707900.0,53.87000020345052,54.32666524251302,53.48666636149088,53.696667989095054,33058933.333333336,6.7866668701171875,6.909999847412109,6.743333498636882,6.896666526794434,186555154.0,10.203333536783854,10.373333613077799,10.130000114440918,10.293333371480307,122325274.66666667,309.5299987792969,313.8633219401042,307.5900065104167,310.06666056315106,4215500.0,328.6800028483073,332.17665608723956,321.5366719563802,324.02667236328125,3414566.6666666665,489.8433329264323,498.51999918619794,473.1233317057292,482.34665934244794,32359466.666666668,81.92333221435547,82.50999959309895,81.03666687011719,81.28666687011719,12671733.333333334,144.5999959309896,147.11000061035156,143.94667053222656,145.5800018310547,8444800.0,404.2033386230469,407.15333048502606,395.72666422526044,397.93333943684894,7808566.666666666,188.81999715169272,190.5566660563151,187.86333211263022,188.59666951497397,6170233.333333333,185.2933349609375,186.49000040690103,182.33333841959634,182.87000020345053,2731333.333333333,78.70999908447266,80.1999994913737,78.56000010172527,79.52000172932942,17110033.333333332,125.25999959309895,127.24000040690105,121.85000101725261,123.31333414713542,27238900.0,214.95333862304688,216.7066650390625,211.54667154947916,212.13666788736978,5209933.333333333,940.3133544921875,962.5966796875,899.0033365885416,920.856689453125,61595500.0,,,,,,,1951333.3333333333,2110666.6666666665,1926666.6666666667,1964000.0,6333472.333333333,184.11333719889322,185.57999674479166,182.24666849772134,183.01666768391928,2142033.3333333335,921.3099975585938,929.5700276692709,902.32666015625,911.8533528645834,2625366.6666666665,178.3133290608724,179.57000223795572,177.33999633789062,178.0199991861979,645033.3333333334,290.9600016276042,294.43332926432294,279.97666422526044,282.1600036621094,8605900.0
2026-06-08,486.1300048828125,490.760009765625,484.9200134277344,487.0,5173400.0,361.1700134277344,363.3800048828125,357.8900146484375,362.4849853515625,18683000.0,402.6199951171875,402.8399963378906,391.3500061035156,396.6000061035156,37018700.0,423.7699890136719,433.80999755859375,422.5299987792969,426.79998779296875,11218700.0,308.739990234375,317.3999938964844,301.1700134277344,301.5400085449219,77731000.0,592.0,592.0,579.219970703125,585.3900146484375,18940100.0,1159.0,1182.72998046875,1143.5999755859375,1149.1500244140625,4497100.0,27.079999923706055,27.299999237060547,27.059999465942383,27.15999984741211,12735005.0,210.17999267578125,210.47000122070312,206.0,208.63999938964844,137741400.0,414.1400146484375,417.1600036621094,408.55999755859375,411.739990234375,31961500.0,246.67999267578125,249.4199981689453,243.36000061035156,245.22000122070312,33787700.0,396.3299865722656,412.94000244140625,394.7200012207031,408.95001220703125,50159700.0,313.25,316.29998779296875,310.7799987792969,311.1099853515625,6809600.0,57.040000915527344,57.400001525878906,56.52000045776367,56.650001525878906,3901000.0,118.25,120.18000030517578,118.1500015258789,119.83000183105469,19477500.0,293000.0,315500.0,292500.0,295500.0,38929682.0,217.75,219.05999755859375,209.3300018310547,211.82000732421875,17173000.0,473.1499938964844,486.6499938964844,470.54998779296875,482.45001220703125,468807.0,6.400000095367432,6.590000152587891,6.369999885559082,6.570000171661377,541454513.0,121.76000213623047,122.36000061035156,119.61000061035156,120.06999969482422,9429900.0,81.66000366210938,83.08000183105469,81.33999633789062,82.63999938964844,32947200.0,486.760009765625,489.5199890136719,483.70001220703125,485.6700134277344,3091300.0,321.3500061035156,323.9200134277344,318.42999267578125,319.6700134277344,5567000.0,1732.7900390625,1769.489990234375,1719.02001953125,1749.0400390625,2060800.0,963.4600219726562,978.97998046875,961.0,974.75,2083000.0,151.16000366210938,153.80999755859375,150.89999389648438,151.75,13844400.0,226.75,228.5800018310547,221.1699981689453,223.07000732421875,4905900.0,135.67999267578125,137.75999450683594,135.27999877929688,136.47000122070312,26876800.0,232.77000427246094,234.9499969482422,230.55999755859375,232.16000366210938,7544400.0,53.720001220703125,54.349998474121094,53.56999969482422,53.630001068115234,30173700.0,6.800000190734863,6.949999809265137,6.760000228881836,6.929999828338623,189200252.0,10.270000457763672,10.390000343322754,10.170000076293945,10.329999923706055,120349949.0,308.8800048828125,313.7699890136719,307.07000732421875,309.7099914550781,4350100.0,329.57000732421875,332.0199890136719,321.0400085449219,322.0400085449219,3146100.0,485.0,494.9700012207031,477.7099914550781,490.3299865722656,25088900.0,81.80999755859375,82.54000091552734,80.83000183105469,80.95999908447266,11452300.0,145.7899932861328,146.5500030517578,145.02000427246094,145.10000610351562,7185600.0,406.57000732421875,408.7099914550781,394.989990234375,397.1300048828125,6264200.0,188.6999969482422,191.02999877929688,188.5,189.24000549316406,6099900.0,182.60000610351562,183.6699981689453,181.60000610351562,181.9199981689453,2185800.0,79.30999755859375,79.93000030517578,79.0999984741211,79.54000091552734,12811000.0,123.55999755859375,126.44000244140625,122.0,124.1500015258789,24273700.0,213.27000427246094,215.89999389648438,211.74000549316406,212.24000549316406,4729400.0,938.27001953125,962.9500122070312,916.5,949.280029296875,53768000.0,,,,,,,1856000.0,2072000.0,1855000.0,1911000.0,6610833.0,184.16000366210938,185.30999755859375,181.36000061035156,181.5500030517578,2040000.0,917.0,927.3400268554688,902.739990234375,915.6400146484375,2547800.0,178.00999450683594,179.74000549316406,177.92999267578125,178.4499969482422,592400.0,286.44000244140625,290.5,279.42999267578125,280.82000732421875,6654100.0
2026-06-09,486.1300048828125,490.760009765625,484.9200134277344,487.0,5173400.0,361.1700134277344,363.3800048828125,357.8900146484375,362.4849853515625,18683000.0,402.6199951171875,402.8399963378906,391.3500061035156,396.6000061035156,37018700.0,423.7699890136719,433.80999755859375,422.5299987792969,426.79998779296875,11218700.0,308.739990234375,317.3999938964844,301.1700134277344,301.5400085449219,77731000.0,592.0,592.0,579.219970703125,585.3900146484375,18940100.0,1159.0,1182.72998046875,1143.5999755859375,1149.1500244140625,4497100.0,27.100000381469727,27.100000381469727,26.920000076293945,26.959999084472656,3062036.0,210.17999267578125,210.47000122070312,206.0,208.63999938964844,137741400.0,414.1400146484375,417.1600036621094,408.55999755859375,411.739990234375,31961500.0,246.67999267578125,249.4199981689453,243.36000061035156,245.22000122070312,33787700.0,396.3299865722656,412.94000244140625,394.7200012207031,408.95001220703125,50159700.0,313.25,316.29998779296875,310.7799987792969,311.1099853515625,6809600.0,57.040000915527344,57.400001525878906,56.52000045776367,56.650001525878906,3901000.0,118.25,120.18000030517578,118.1500015258789,119.83000183105469,19477500.0,310000.0,324000.0,300000.0,322000.0,28989253.0,217.75,219.05999755859375,209.3300018310547,211.82000732421875,17173000.0,480.0,487.79998779296875,479.95001220703125,485.8999938964844,33141.0,6.5,6.710000038146973,6.480000019073486,6.599999904632568,479685622.0,121.76000213623047,122.36000061035156,119.61000061035156,120.06999969482422,9429900.0,81.66000366210938,83.08000183105469,81.33999633789062,82.63999938964844,32947200.0,486.760009765625,489.5199890136719,483.70001220703125,485.6700134277344,3091300.0,321.3500061035156,323.9200134277344,318.42999267578125,319.6700134277344,5567000.0,1732.7900390625,1769.489990234375,1719.02001953125,1749.0400390625,2060800.0,963.4600219726562,978.97998046875,961.0,974.75,2083000.0,151.16000366210938,153.80999755859375,150.89999389648438,151.75,13844400.0,226.75,228.5800018310547,221.1699981689453,223.07000732421875,4905900.0,135.67999267578125,137.75999450683594,135.27999877929688,136.47000122070312,26876800.0,232.77000427246094,234.9499969482422,230.55999755859375,232.16000366210938,7544400.0,53.720001220703125,54.349998474121094,53.56999969482422,53.630001068115234,30173700.0,6.940000057220459,7.0,6.849999904632568,6.940000057220459,195816882.0,10.210000038146973,10.470000267028809,10.199999809265137,10.359999656677246,121209327.0,308.8800048828125,313.7699890136719,307.07000732421875,309.7099914550781,4350100.0,329.57000732421875,332.0199890136719,321.0400085449219,322.0400085449219,3146100.0,485.0,494.9700012207031,477.7099914550781,490.3299865722656,25088900.0,81.80999755859375,82.54000091552734,80.83000183105469,80.95999908447266,11452300.0,145.7899932861328,146.5500030517578,145.02000427246094,145.10000610351562,7185600.0,406.57000732421875,408.7099914550781,394.989990234375,397.1300048828125,6264200.0,188.6999969482422,191.02999877929688,188.5,189.24000549316406,6099900.0,182.60000610351562,183.6699981689453,181.60000610351562,181.9199981689453,2185800.0,79.30999755859375,79.93000030517578,79.0999984741211,79.54000091552734,12811000.0,123.55999755859375,126.44000244140625,122.0,124.1500015258789,24273700.0,213.27000427246094,215.89999389648438,211.74000549316406,212.24000549316406,4729400.0,938.27001953125,962.9500122070312,916.5,949.280029296875,53768000.0,,,,,,,2050000.0,2226000.0,1998000.0,2215000.0,5791934.0,184.16000366210938,185.30999755859375,181.36000061035156,181.5500030517578,2040000.0,917.0,927.3400268554688,902.739990234375,915.6400146484375,2547800.0,178.00999450683594,179.74000549316406,177.92999267578125,178.4499969482422,592400.0,286.44000244140625,290.5,279.42999267578125,280.82000732421875,6654100.0
